Catalogue ID,Name,Category,Manufacturer/Brand,Product Code,Default Type (Length Drum Box Pallet or Number),Size,Length,Length Unit (M or MM)
088ECBC9-6163-5641-80CE-1C71CDA55B1D,1.0mm2 Twin & Earth Cable 6242Y PVC Grey (100m Drum),Cable,Custom,,Drum,,100,M
1C6FCCF3-BE50-5B7F-A249-63080B5BED6B,1.5mm2 Twin & Earth Cable 6242Y PVC Grey (100m Drum),Cable,Custom,,Drum,,100,M
A0EC64DE-E50D-5967-9BDC-0D0AC8A2B0F9,2.5mm2 Twin & Earth Cable 6242Y PVC Grey (100m Drum),Cable,Custom,,Drum,,100,M
8AFBE95B-4FC6-53F4-97BD-5E59CF9DE206,4.0mm2 Twin & Earth Cable 6242Y PVC Grey (100m Drum),Cable,Custom,,Drum,,100,M
9BFCF4B6-70FD-50FA-9C17-BF0F46F6BBEA,6.0mm2 Twin & Earth Cable 6242Y PVC Grey (50m Drum),Cable,Custom,,Drum,,50,M
FDEF2D80-0101-559D-85AF-E904788C36BA,6.0mm2 Twin & Earth Cable 6242Y PVC Grey (100m Drum),Cable,Custom,,Drum,,100,M
D0FBD4DF-B91B-557D-8D69-78C0743E0432,10mm2 Twin & Earth Cable 6242Y PVC Grey (50m Drum),Cable,Custom,,Drum,,50,M
5A4CFCD9-ACC2-5C54-88BB-21483EC29C65,10mm2 Twin & Earth Cable 6242Y PVC Grey (100m Drum),Cable,Custom,,Drum,,100,M
95D3630A-B952-568A-A80E-6994E04ADBC7,16mm2 Twin & Earth Cable 6242Y PVC Grey (50m Drum),Cable,Custom,,Drum,,50,M
6748BE2F-8A9B-59AE-9876-CD5E74FBEA24,1.0mm2 Twin & Earth Cable 6242B LSZH (100m Drum),Cable,Custom,,Drum,,100,M
8B5AEDB2-4849-57B0-B067-A65C4B34D832,1.5mm2 Twin & Earth Cable 6242B LSZH (100m Drum),Cable,Custom,,Drum,,100,M
7C67EBBE-AC4E-57C8-8329-63D297DDFB8D,2.5mm2 Twin & Earth Cable 6242B LSZH (100m Drum),Cable,Custom,,Drum,,100,M
E09E65B1-9B6B-5CB9-A8ED-12281415E5BB,4.0mm2 Twin & Earth Cable 6242B LSZH (100m Drum),Cable,Custom,,Drum,,100,M
C34BA98A-4395-5F9B-BD01-B57CF042CB38,6.0mm2 Twin & Earth Cable 6242B LSZH (50m Drum),Cable,Custom,,Drum,,50,M
50E1FD7D-D306-552B-92EE-3598A6DC027F,6.0mm2 Twin & Earth Cable 6242B LSZH (100m Drum),Cable,Custom,,Drum,,100,M
4C2C48D0-A3A9-5C96-A624-04F5CBBB74DC,10mm2 Twin & Earth Cable 6242B LSZH (50m Drum),Cable,Custom,,Drum,,50,M
2E732E7E-EA28-5F10-BA1C-FF11D108E48F,16mm2 Twin & Earth Cable 6242B LSZH (50m Drum),Cable,Custom,,Drum,,50,M
65C84758-A677-5965-8B97-846E0D81616F,1.0mm2 3 Core & Earth Cable 6243Y PVC Grey (100m Drum),Cable,Custom,,Drum,,100,M
E3201EE8-1516-57FA-A869-6B7270283448,1.0mm2 3 Core & Earth Cable 6243B LSZH (100m Drum),Cable,Custom,,Drum,,100,M
109FA7ED-C04E-5949-899F-92A063AF184C,1.5mm2 3 Core & Earth Cable 6243Y PVC Grey (100m Drum),Cable,Custom,,Drum,,100,M
41CF933F-1DBE-5AF8-8B33-07346710231E,1.5mm2 3 Core & Earth Cable 6243B LSZH (100m Drum),Cable,Custom,,Drum,,100,M
A1B6829B-7664-59EF-9DCB-846ED0C73057,1.5mm2 Single Core Cable 6491X Brown (100m Drum),Cable,Custom,,Drum,,100,M
5103635E-D378-5942-B05E-8C728442EB10,1.5mm2 Single Core Cable 6491X Blue (100m Drum),Cable,Custom,,Drum,,100,M
FD0C7659-11AF-5A27-A282-B7E64FEB7424,1.5mm2 Single Core Cable 6491X Green/Yellow (100m Drum),Cable,Custom,,Drum,,100,M
A2CA878A-2A41-5182-9952-7B04F4DB3945,1.5mm2 Single Core Cable 6491X Black (100m Drum),Cable,Custom,,Drum,,100,M
0D6DA71A-1FF1-589C-AD3D-04DDBD3A0501,1.5mm2 Single Core Cable 6491X Grey (100m Drum),Cable,Custom,,Drum,,100,M
EDBA0827-D93C-5216-B507-3D309AA49F78,2.5mm2 Single Core Cable 6491X Brown (100m Drum),Cable,Custom,,Drum,,100,M
8D7348A0-0570-5B89-97C3-7AC66E7A56C7,2.5mm2 Single Core Cable 6491X Blue (100m Drum),Cable,Custom,,Drum,,100,M
B9E3DB8B-DE7E-507C-874E-E8E144B0C55F,2.5mm2 Single Core Cable 6491X Green/Yellow (100m Drum),Cable,Custom,,Drum,,100,M
C602B8AC-2EB7-51E0-890E-55879278A134,2.5mm2 Single Core Cable 6491X Black (100m Drum),Cable,Custom,,Drum,,100,M
4DF603DC-4403-5D0F-A906-6A39B6809691,2.5mm2 Single Core Cable 6491X Grey (100m Drum),Cable,Custom,,Drum,,100,M
931136EE-756D-59E7-8291-64998223B746,4.0mm2 Single Core Cable 6491X Brown (100m Drum),Cable,Custom,,Drum,,100,M
2786E971-BCCB-502A-8728-976192A63A62,4.0mm2 Single Core Cable 6491X Blue (100m Drum),Cable,Custom,,Drum,,100,M
2DCF93E7-224E-5DAE-9C8D-0A61F11B6BA4,4.0mm2 Single Core Cable 6491X Green/Yellow (100m Drum),Cable,Custom,,Drum,,100,M
FBA7FE8B-3E5D-58CF-8D46-33E2E605738F,4.0mm2 Single Core Cable 6491X Black (100m Drum),Cable,Custom,,Drum,,100,M
FD1CA293-F517-5A6C-953C-1E3EDE1AF6E4,4.0mm2 Single Core Cable 6491X Grey (100m Drum),Cable,Custom,,Drum,,100,M
4A94874E-E74E-515F-8BD5-4BE373A1B5C2,6.0mm2 Single Core Cable 6491X Brown (100m Drum),Cable,Custom,,Drum,,100,M
3B7C6B88-5952-57DD-B514-09708CB51595,6.0mm2 Single Core Cable 6491X Blue (100m Drum),Cable,Custom,,Drum,,100,M
136906F1-CB6A-53B8-842D-6156AF3CECFB,6.0mm2 Single Core Cable 6491X Green/Yellow (100m Drum),Cable,Custom,,Drum,,100,M
CDC2877C-073A-5481-97B9-04D44427CACD,6.0mm2 Single Core Cable 6491X Black (100m Drum),Cable,Custom,,Drum,,100,M
8CF01428-8759-5E80-A346-1915070C619A,6.0mm2 Single Core Cable 6491X Grey (100m Drum),Cable,Custom,,Drum,,100,M
73A61F62-3DF6-55C3-81B0-6A97C6E54A10,10mm2 Single Core Cable 6491X Brown (100m Drum),Cable,Custom,,Drum,,100,M
91CBA2C3-9E1A-51E1-9051-7E6404D21840,10mm2 Single Core Cable 6491X Blue (100m Drum),Cable,Custom,,Drum,,100,M
464FEBCF-A274-5225-B819-131EF37D35D8,10mm2 Single Core Cable 6491X Green/Yellow (100m Drum),Cable,Custom,,Drum,,100,M
2DB7C303-B9A8-551A-9D12-4D92E1318FDA,10mm2 Single Core Cable 6491X Black (100m Drum),Cable,Custom,,Drum,,100,M
578AAB03-CC0F-510C-BF7B-EAB081B3E926,10mm2 Single Core Cable 6491X Grey (100m Drum),Cable,Custom,,Drum,,100,M
E714935E-8985-5527-974F-D212A1ECE95D,16mm2 Single Core Cable 6491X Brown (100m Drum),Cable,Custom,,Drum,,100,M
DCB00F29-3881-53F8-ACE4-AD1F20FC9530,16mm2 Single Core Cable 6491X Blue (100m Drum),Cable,Custom,,Drum,,100,M
7ABB0553-8559-5AB5-A63C-607F54449F84,16mm2 Single Core Cable 6491X Green/Yellow (100m Drum),Cable,Custom,,Drum,,100,M
69A2C6E5-11CF-5A87-A95D-2AB389828D6F,16mm2 Single Core Cable 6491X Black (100m Drum),Cable,Custom,,Drum,,100,M
9B751D62-B60B-5F90-BF04-603D4C1BB25D,16mm2 Single Core Cable 6491X Grey (100m Drum),Cable,Custom,,Drum,,100,M
5AF4C567-C40B-534E-9E1F-2A11469B8C88,25mm2 Single Core Cable 6491X Brown (50m Drum),Cable,Custom,,Drum,,50,M
707B20FF-62D6-544D-B77D-115B05CA2614,25mm2 Single Core Cable 6491X Blue (50m Drum),Cable,Custom,,Drum,,50,M
23D84B3D-5636-5796-A74C-231000D36509,25mm2 Single Core Cable 6491X Green/Yellow (50m Drum),Cable,Custom,,Drum,,50,M
BDD2B038-9387-5C16-AA4A-387BCB59A31E,35mm2 Single Core Cable 6491X Brown (50m Drum),Cable,Custom,,Drum,,50,M
CB0166B9-D3ED-5624-BCC7-8E1D5CBD3D26,35mm2 Single Core Cable 6491X Blue (50m Drum),Cable,Custom,,Drum,,50,M
ECD9A695-EA1C-5508-B2CD-51307E143E9D,35mm2 Single Core Cable 6491X Green/Yellow (50m Drum),Cable,Custom,,Drum,,50,M
A6FF8AED-479A-5827-96E4-535C21AD48DF,50mm2 Single Core Cable 6491X Brown (50m Drum),Cable,Custom,,Drum,,50,M
FF40795C-5EB1-5476-8C99-B875557778D8,50mm2 Single Core Cable 6491X Blue (50m Drum),Cable,Custom,,Drum,,50,M
6DDB3F7F-F85F-5AFD-BDF2-A391C047ACA7,50mm2 Single Core Cable 6491X Green/Yellow (50m Drum),Cable,Custom,,Drum,,50,M
06B57205-C844-5C7E-94D1-FCE821989C74,1.5mm2 Single Core Cable 6491B LSZH Brown (100m Drum),Cable,Custom,,Drum,,100,M
2FECEAF4-DBD4-5648-AC2D-13BC9BE2F9B5,1.5mm2 Single Core Cable 6491B LSZH Blue (100m Drum),Cable,Custom,,Drum,,100,M
B5EBB98A-C48F-5FA5-A513-5895C28355F3,1.5mm2 Single Core Cable 6491B LSZH Green/Yellow (100m Drum),Cable,Custom,,Drum,,100,M
03C57075-EEBE-533D-8458-8AA9570E632D,1.5mm2 Single Core Cable 6491B LSZH Black (100m Drum),Cable,Custom,,Drum,,100,M
9B223C6A-7E12-5B06-9525-B40F82EBD135,1.5mm2 Single Core Cable 6491B LSZH Grey (100m Drum),Cable,Custom,,Drum,,100,M
FDB2DEB8-6800-55CE-A0FE-8ABF3AB8CD7C,2.5mm2 Single Core Cable 6491B LSZH Brown (100m Drum),Cable,Custom,,Drum,,100,M
1092F7E6-0CB1-5859-8FF0-ABEC61E83D82,2.5mm2 Single Core Cable 6491B LSZH Blue (100m Drum),Cable,Custom,,Drum,,100,M
FD04CE0F-4F78-5F76-8E80-E435AB9C1C9E,2.5mm2 Single Core Cable 6491B LSZH Green/Yellow (100m Drum),Cable,Custom,,Drum,,100,M
D6B223D4-61AD-5678-B5E9-EB1BAA5D3993,2.5mm2 Single Core Cable 6491B LSZH Black (100m Drum),Cable,Custom,,Drum,,100,M
0A8672CD-DE5A-5996-AC8B-D616932D70DA,2.5mm2 Single Core Cable 6491B LSZH Grey (100m Drum),Cable,Custom,,Drum,,100,M
0677BD8C-2FEE-5376-8A58-C835BF87E85A,4.0mm2 Single Core Cable 6491B LSZH Brown (100m Drum),Cable,Custom,,Drum,,100,M
3F11C148-6D6F-5D1A-AEB7-D82497A6433A,4.0mm2 Single Core Cable 6491B LSZH Blue (100m Drum),Cable,Custom,,Drum,,100,M
318F297D-7A90-558E-9B58-CB2EDDF884E5,4.0mm2 Single Core Cable 6491B LSZH Green/Yellow (100m Drum),Cable,Custom,,Drum,,100,M
DB2A3187-53A9-58C8-B9ED-0D904E7600E9,4.0mm2 Single Core Cable 6491B LSZH Black (100m Drum),Cable,Custom,,Drum,,100,M
012E0905-51ED-5605-81DC-64B449E0D75D,4.0mm2 Single Core Cable 6491B LSZH Grey (100m Drum),Cable,Custom,,Drum,,100,M
D59638FB-108B-5957-A783-0EED89184CA8,6.0mm2 Single Core Cable 6491B LSZH Brown (100m Drum),Cable,Custom,,Drum,,100,M
9432EA96-B676-5D11-B820-4B886313B310,6.0mm2 Single Core Cable 6491B LSZH Blue (100m Drum),Cable,Custom,,Drum,,100,M
A79A9665-7AA0-5013-8019-4B120786281C,6.0mm2 Single Core Cable 6491B LSZH Green/Yellow (100m Drum),Cable,Custom,,Drum,,100,M
129B4547-C942-5527-BBEF-94DAD330C0C7,6.0mm2 Single Core Cable 6491B LSZH Black (100m Drum),Cable,Custom,,Drum,,100,M
720E2C1C-2D11-5C30-B489-79FA252F75C5,6.0mm2 Single Core Cable 6491B LSZH Grey (100m Drum),Cable,Custom,,Drum,,100,M
5A0B2337-C69D-52E7-9F68-A335BA5CD738,10mm2 Single Core Cable 6491B LSZH Green/Yellow (100m Drum),Cable,Custom,,Drum,,100,M
DF03DDA9-5B0B-54E7-88FD-EB7A137466C4,16mm2 Single Core Cable 6491B LSZH Green/Yellow (100m Drum),Cable,Custom,,Drum,,100,M
D4E0FE59-F4D6-559B-A197-59A18FF6DC31,0.75mm2 3 Core Flex 3183Y White (50m Drum),Cable,Custom,,Drum,,50,M
9327F9F1-1E7C-583B-86BB-EBC2D5DD1474,0.75mm2 3 Core Flex 3183Y Black (50m Drum),Cable,Custom,,Drum,,50,M
B4EF2A91-3B00-52E3-A964-977B929593A8,1.0mm2 3 Core Flex 3183Y White (50m Drum),Cable,Custom,,Drum,,50,M
0739A6F4-BCD4-5E01-8ED7-E37A430FC86C,1.0mm2 3 Core Flex 3183Y Black (50m Drum),Cable,Custom,,Drum,,50,M
E92DC809-AFE8-5969-AFC9-9219E06F1C91,1.5mm2 3 Core Flex 3183Y White (50m Drum),Cable,Custom,,Drum,,50,M
877424B0-4445-5469-8C98-D447EB969F3B,1.5mm2 3 Core Flex 3183Y Black (50m Drum),Cable,Custom,,Drum,,50,M
2C543103-DE0A-5EE4-B584-45630DABC727,2.5mm2 3 Core Flex 3183Y White (50m Drum),Cable,Custom,,Drum,,50,M
372FB698-65A7-599F-8D92-7BA10BB0D1DA,2.5mm2 3 Core Flex 3183Y Black (50m Drum),Cable,Custom,,Drum,,50,M
D3785815-B6AE-5604-A351-912259ACD46E,0.75mm2 2 Core Flex 2183Y White (50m Drum),Cable,Custom,,Drum,,50,M
66E19307-0267-55EC-B3DA-E46377558C6A,1.0mm2 2 Core Flex 2183Y White (50m Drum),Cable,Custom,,Drum,,50,M
8EAAB122-FFA0-5848-ABDA-1C9F0DD98134,0.75mm2 3 Core Flex 3183B LSZH White (50m Drum),Cable,Custom,,Drum,,50,M
9735E3A9-8FDA-5838-861B-B89BA774DCC0,1.0mm2 3 Core Flex 3183B LSZH White (50m Drum),Cable,Custom,,Drum,,50,M
D7C54F4F-2C18-539C-81F0-9C28E04B083A,1.5mm2 3 Core Flex 3183B LSZH White (50m Drum),Cable,Custom,,Drum,,50,M
F92FDA7C-1B6E-5B22-A870-26D61750FAC1,1.5mm2 3 Core Heat Resistant Flex 3093Y White (50m Drum),Cable,Custom,,Drum,,50,M
0FCA11D4-38F4-5DCA-8E8F-C3721F3FEE29,1.5mm2 3 Core Arctic Flex Blue (50m Drum),Cable,Custom,,Drum,,50,M
C5252027-C015-5A79-8819-65A481922F54,2.5mm2 3 Core Heat Resistant Flex 3093Y White (50m Drum),Cable,Custom,,Drum,,50,M
E67F0B29-70FC-5FEA-9FAC-6DC4BC94A1DC,2.5mm2 3 Core Arctic Flex Blue (50m Drum),Cable,Custom,,Drum,,50,M
F5710BE5-7923-5904-8068-D8D702A922A1,1.5mm2 3 Core Rubber Flex H07RN-F,Cable,Custom,,Length,,1,M
3194C7E6-9A4A-5A92-9185-9C1778BA504B,2.5mm2 3 Core Rubber Flex H07RN-F,Cable,Custom,,Length,,1,M
0BEF88A1-AE49-5A93-8F5F-66857B548267,1.5mm2 4 Core Rubber Flex H07RN-F,Cable,Custom,,Length,,1,M
8AAFD726-DB2A-5222-B839-4548DA86E53C,2.5mm2 4 Core Rubber Flex H07RN-F,Cable,Custom,,Length,,1,M
BA0968E8-97FB-5C1D-BFAF-8F9044FCBC7D,1.5mm2 5 Core Rubber Flex H07RN-F,Cable,Custom,,Length,,1,M
9F2FD9B1-5E2F-5AE0-909E-8C1F058AA723,2.5mm2 5 Core Rubber Flex H07RN-F,Cable,Custom,,Length,,1,M
111079D4-413B-5CF9-B3F7-87ABCC80A950,4.0mm2 5 Core Rubber Flex H07RN-F,Cable,Custom,,Length,,1,M
378DF400-1173-53E0-87AC-7CABC4F903C5,16mm2 Double Insulated Meter Tails 6181Y Brown (50m Drum),Cable,Custom,,Drum,,50,M
57EB0E24-29E8-5C05-95C8-FD7DF7C9F655,16mm2 Double Insulated Meter Tails 6181Y Blue (50m Drum),Cable,Custom,,Drum,,50,M
CF80C074-53D5-5AA5-B6F6-C053DF98697F,25mm2 Double Insulated Meter Tails 6181Y Brown (50m Drum),Cable,Custom,,Drum,,50,M
67D0A502-2896-5E0B-B4B0-5E1FB2D26A61,25mm2 Double Insulated Meter Tails 6181Y Blue (50m Drum),Cable,Custom,,Drum,,50,M
5A449DFA-15F5-5513-BCD3-2917930E6923,1.5mm2 2 Core SWA Cable 6942X PVC (BS5467),Cable,Custom,,Length,,1,M
CB05A809-2DB3-5774-8C42-BE74FAD67C8B,2.5mm2 2 Core SWA Cable 6942X PVC (BS5467),Cable,Custom,,Length,,1,M
A5F73CF9-8474-50EF-A9BF-1E4FFF99B01C,4.0mm2 2 Core SWA Cable 6942X PVC (BS5467),Cable,Custom,,Length,,1,M
7595AE81-2252-514F-AE87-E41ABF12262C,6.0mm2 2 Core SWA Cable 6942X PVC (BS5467),Cable,Custom,,Length,,1,M
E00BCF43-A964-58C3-B648-4579256BB394,10mm2 2 Core SWA Cable 6942X PVC (BS5467),Cable,Custom,,Length,,1,M
C9917AE7-76BB-53D5-8B35-67F627638ED1,16mm2 2 Core SWA Cable 6942X PVC (BS5467),Cable,Custom,,Length,,1,M
1216FAA6-FC48-56BE-A79A-C273B24C4C14,25mm2 2 Core SWA Cable 6942X PVC (BS5467),Cable,Custom,,Length,,1,M
967F042F-C568-518C-8EC8-CF4EA41291BF,35mm2 2 Core SWA Cable 6942X PVC (BS5467),Cable,Custom,,Length,,1,M
8ED6E35F-F845-5F89-A9EF-797C0BF3AD77,50mm2 2 Core SWA Cable 6942X PVC (BS5467),Cable,Custom,,Length,,1,M
7F53C06B-4458-5E62-8174-8512AD3167C1,70mm2 2 Core SWA Cable 6942X PVC (BS5467),Cable,Custom,,Length,,1,M
6DF183AB-2892-5E39-847B-CCB275305A96,95mm2 2 Core SWA Cable 6942X PVC (BS5467),Cable,Custom,,Length,,1,M
FF83516F-716F-5459-9772-2C1853DA7FCF,120mm2 2 Core SWA Cable 6942X PVC (BS5467),Cable,Custom,,Length,,1,M
AA53A9E4-519E-5F84-8E28-8C9A36653D88,1.5mm2 3 Core SWA Cable 6943X PVC (BS5467),Cable,Custom,,Length,,1,M
71DBF920-20F5-5C8A-91C6-C86B61D6F4AC,2.5mm2 3 Core SWA Cable 6943X PVC (BS5467),Cable,Custom,,Length,,1,M
850E5F0B-287E-5F22-8C94-9E5904019D38,4.0mm2 3 Core SWA Cable 6943X PVC (BS5467),Cable,Custom,,Length,,1,M
E7E949A9-0305-5FEB-A71F-A9E8D8BBAEE2,6.0mm2 3 Core SWA Cable 6943X PVC (BS5467),Cable,Custom,,Length,,1,M
71D55053-7587-59BE-B7F5-058AD0E856A2,10mm2 3 Core SWA Cable 6943X PVC (BS5467),Cable,Custom,,Length,,1,M
EC757532-3E07-592E-979B-D4E15B4840AC,16mm2 3 Core SWA Cable 6943X PVC (BS5467),Cable,Custom,,Length,,1,M
B4BF0E29-B69D-57C8-978E-4D77778622AE,25mm2 3 Core SWA Cable 6943X PVC (BS5467),Cable,Custom,,Length,,1,M
5BC2331A-452C-5563-B616-7CC0E95FAF29,35mm2 3 Core SWA Cable 6943X PVC (BS5467),Cable,Custom,,Length,,1,M
3DA697A9-AC4D-5D8B-91B5-C6014669B25F,50mm2 3 Core SWA Cable 6943X PVC (BS5467),Cable,Custom,,Length,,1,M
A5553F39-6DFD-529E-A628-B11449B98B17,70mm2 3 Core SWA Cable 6943X PVC (BS5467),Cable,Custom,,Length,,1,M
E47B2087-A3B9-55AF-8CCC-3D8D39E3D722,95mm2 3 Core SWA Cable 6943X PVC (BS5467),Cable,Custom,,Length,,1,M
11EB28B8-D9B5-5530-B714-DB85478E3996,120mm2 3 Core SWA Cable 6943X PVC (BS5467),Cable,Custom,,Length,,1,M
76058FF9-E716-5A73-9056-0F02062DDFA0,1.5mm2 4 Core SWA Cable 6944X PVC (BS5467),Cable,Custom,,Length,,1,M
CA78E1D9-6C3B-5324-92C3-5BBADE23C2FB,2.5mm2 4 Core SWA Cable 6944X PVC (BS5467),Cable,Custom,,Length,,1,M
C6CB1E29-94B6-57E9-BBB1-641281972DE7,4.0mm2 4 Core SWA Cable 6944X PVC (BS5467),Cable,Custom,,Length,,1,M
BD226601-4B0C-5F5A-B454-9338939F9DBE,6.0mm2 4 Core SWA Cable 6944X PVC (BS5467),Cable,Custom,,Length,,1,M
05E98E91-D290-582E-B37E-1EE402FFA556,10mm2 4 Core SWA Cable 6944X PVC (BS5467),Cable,Custom,,Length,,1,M
85002E4F-9F39-568E-825C-A7AF89260F48,16mm2 4 Core SWA Cable 6944X PVC (BS5467),Cable,Custom,,Length,,1,M
C40B7E5D-DC8B-5019-8F79-791C8EFFF037,25mm2 4 Core SWA Cable 6944X PVC (BS5467),Cable,Custom,,Length,,1,M
7DA045C9-39A7-5FF4-910F-F4F4199A5A4C,35mm2 4 Core SWA Cable 6944X PVC (BS5467),Cable,Custom,,Length,,1,M
9369801F-2C8A-596B-88C6-F4E7C7AEF47C,50mm2 4 Core SWA Cable 6944X PVC (BS5467),Cable,Custom,,Length,,1,M
D8047D92-7235-5731-90D4-0ECDF7FD30F9,70mm2 4 Core SWA Cable 6944X PVC (BS5467),Cable,Custom,,Length,,1,M
B69FBE5F-9BFA-5920-B70A-25B9E5455EE1,95mm2 4 Core SWA Cable 6944X PVC (BS5467),Cable,Custom,,Length,,1,M
6BA403FF-87C8-5DBC-A915-F233C6314563,120mm2 4 Core SWA Cable 6944X PVC (BS5467),Cable,Custom,,Length,,1,M
C3D6D140-237F-5D1B-8641-AD1BE6D4960A,1.5mm2 5 Core SWA Cable 6945X PVC (BS5467),Cable,Custom,,Length,,1,M
B11D7F79-41A4-5506-8CA6-A6ECC2F1B0CF,2.5mm2 5 Core SWA Cable 6945X PVC (BS5467),Cable,Custom,,Length,,1,M
A078EF68-7D16-5FA4-8F50-020C930C364A,1.5mm2 2 Core SWA Cable LSZH (BS6724),Cable,Custom,,Length,,1,M
0CE4F617-5F16-5055-96A2-8E64867B304B,2.5mm2 2 Core SWA Cable LSZH (BS6724),Cable,Custom,,Length,,1,M
C8AF608B-8BB9-5CC9-BFF9-CC1F78B07B1F,4.0mm2 2 Core SWA Cable LSZH (BS6724),Cable,Custom,,Length,,1,M
D0693EF6-604A-519C-80D0-1FE5B21F5CC1,6.0mm2 2 Core SWA Cable LSZH (BS6724),Cable,Custom,,Length,,1,M
684C215E-9B32-589E-B9CC-570974FD881D,10mm2 2 Core SWA Cable LSZH (BS6724),Cable,Custom,,Length,,1,M
7C20BF61-AC79-5A24-9759-F4594B021F08,16mm2 2 Core SWA Cable LSZH (BS6724),Cable,Custom,,Length,,1,M
074D040A-D078-5D44-B494-269A9E1C128B,25mm2 2 Core SWA Cable LSZH (BS6724),Cable,Custom,,Length,,1,M
9F71E6E2-842E-5DCE-A027-6A6CAC5FBCEE,35mm2 2 Core SWA Cable LSZH (BS6724),Cable,Custom,,Length,,1,M
4BE98DF5-30F1-5231-8CEE-3B074DCDD1BD,1.5mm2 3 Core SWA Cable LSZH (BS6724),Cable,Custom,,Length,,1,M
CFE8CF78-5465-50C9-BDD8-0EAEDC99E325,2.5mm2 3 Core SWA Cable LSZH (BS6724),Cable,Custom,,Length,,1,M
7FA9227E-B3FD-543F-8E84-07316B39CC03,4.0mm2 3 Core SWA Cable LSZH (BS6724),Cable,Custom,,Length,,1,M
9BBF123F-C1D4-5751-AB87-1F11261FFFB3,6.0mm2 3 Core SWA Cable LSZH (BS6724),Cable,Custom,,Length,,1,M
00624544-11D4-5458-98C1-66EF4469C6AF,10mm2 3 Core SWA Cable LSZH (BS6724),Cable,Custom,,Length,,1,M
4582824C-C360-5383-B113-FD274F912AE1,16mm2 3 Core SWA Cable LSZH (BS6724),Cable,Custom,,Length,,1,M
A5E465AA-22C4-57A2-A1B5-55F5E8AB5111,25mm2 3 Core SWA Cable LSZH (BS6724),Cable,Custom,,Length,,1,M
D50327CF-0A54-5D0C-82A9-06CF091078DD,35mm2 3 Core SWA Cable LSZH (BS6724),Cable,Custom,,Length,,1,M
7BF982FA-72D5-52E4-9482-3B19F5B0A849,1.5mm2 4 Core SWA Cable LSZH (BS6724),Cable,Custom,,Length,,1,M
E0ED393B-879D-56C4-9AEA-67533F913C18,2.5mm2 4 Core SWA Cable LSZH (BS6724),Cable,Custom,,Length,,1,M
7C0DB469-9EE9-5749-B7FB-5668113640EB,4.0mm2 4 Core SWA Cable LSZH (BS6724),Cable,Custom,,Length,,1,M
B6A2A6B8-8535-53F4-BE07-6E254C3E0E46,6.0mm2 4 Core SWA Cable LSZH (BS6724),Cable,Custom,,Length,,1,M
14CA9AB5-414E-58C5-A1CA-468D5BE53F83,10mm2 4 Core SWA Cable LSZH (BS6724),Cable,Custom,,Length,,1,M
29DFA1B8-CBA2-554A-B203-38C501E12C82,16mm2 4 Core SWA Cable LSZH (BS6724),Cable,Custom,,Length,,1,M
3A8DD2E7-B303-57D6-9C89-C2BD577D32EF,25mm2 4 Core SWA Cable LSZH (BS6724),Cable,Custom,,Length,,1,M
8557882D-BDA2-5624-A3A7-73EBB7FD12DB,35mm2 4 Core SWA Cable LSZH (BS6724),Cable,Custom,,Length,,1,M
EA8E9B8D-0CC8-59FA-A8BC-6DAE7F9EBA97,1.0mm2 2 Core & Earth Fire Resistant Cable Red (100m Drum),Cable,Custom,,Drum,,100,M
AB9C7556-DB00-5218-AA0F-2A2F9DF167FC,1.5mm2 2 Core & Earth Fire Resistant Cable Red (100m Drum),Cable,Custom,,Drum,,100,M
37309330-AA83-5847-A7BC-10B5A975C760,2.5mm2 2 Core & Earth Fire Resistant Cable Red (100m Drum),Cable,Custom,,Drum,,100,M
2BB41386-E1DA-5F85-A699-DB50FE1863B8,4.0mm2 2 Core & Earth Fire Resistant Cable Red (100m Drum),Cable,Custom,,Drum,,100,M
EB826F36-3617-5B15-9B35-D49030988BC6,1.5mm2 2 Core & Earth Fire Resistant Cable White (100m Drum),Cable,Custom,,Drum,,100,M
8B543CB9-EC79-5D21-A394-68FD46DEE270,1.5mm2 3 Core & Earth Fire Resistant Cable Red (100m Drum),Cable,Custom,,Drum,,100,M
388C4715-BB36-560E-98C5-8A6D77FF6562,1.5mm2 2 Core & Earth Enhanced Fire Resistant Cable Red (100m Drum),Cable,Custom,,Drum,,100,M
37F2851B-C0E4-53E8-A432-DEAAE556FEF5,2.5mm2 2 Core & Earth Fire Resistant Cable White (100m Drum),Cable,Custom,,Drum,,100,M
297E3102-7C92-5E2A-A9FF-681998F58F11,2.5mm2 3 Core & Earth Fire Resistant Cable Red (100m Drum),Cable,Custom,,Drum,,100,M
ECBF90DE-4D5B-5FBF-B8AD-5344E9CF0DC6,2.5mm2 2 Core & Earth Enhanced Fire Resistant Cable Red (100m Drum),Cable,Custom,,Drum,,100,M
53C1E711-98BD-5734-A632-EA2C61D073FB,1.5mm2 4 Core & Earth Fire Resistant Cable Red (100m Drum),Cable,Custom,,Drum,,100,M
727E3C71-F3D2-575E-A965-F931D998351A,0.75mm2 2 Core YY Control Cable,Cable,Custom,,Length,,1,M
F3804149-4C35-5991-90B3-3A4CA6EC8864,0.75mm2 3 Core YY Control Cable,Cable,Custom,,Length,,1,M
FD295EF4-C40E-5C0A-8F1D-48991F845268,0.75mm2 4 Core YY Control Cable,Cable,Custom,,Length,,1,M
AAD20A7D-37A8-5D9D-A23B-EC2273194921,0.75mm2 5 Core YY Control Cable,Cable,Custom,,Length,,1,M
18BCF135-037A-5099-A773-262EBF1B9CC2,0.75mm2 7 Core YY Control Cable,Cable,Custom,,Length,,1,M
61C781CB-BED0-592E-ADD0-261A35FEB00C,0.75mm2 12 Core YY Control Cable,Cable,Custom,,Length,,1,M
3561F549-E895-57B3-9218-DCAC65A39900,1.0mm2 3 Core YY Control Cable,Cable,Custom,,Length,,1,M
F1FD8EB8-31BB-5657-8272-F220D914DFB2,1.0mm2 4 Core YY Control Cable,Cable,Custom,,Length,,1,M
3337F289-2628-5B44-ADCE-5B8FF44CDFAD,1.0mm2 7 Core YY Control Cable,Cable,Custom,,Length,,1,M
F1680180-D3D7-5773-9C2E-92CA0E039C02,1.5mm2 3 Core YY Control Cable,Cable,Custom,,Length,,1,M
CA65DA02-8A13-561A-B862-1F3F0B830355,1.5mm2 4 Core YY Control Cable,Cable,Custom,,Length,,1,M
D76388C1-2A95-510E-80C1-B2941AD4166A,1.5mm2 5 Core YY Control Cable,Cable,Custom,,Length,,1,M
EF8D5DFF-2975-55BB-8E2E-ED8A80306A6E,1.5mm2 7 Core YY Control Cable,Cable,Custom,,Length,,1,M
E9A4C38B-205B-5156-9515-11F672E358E8,0.75mm2 3 Core SY Control Cable (Steel Braided),Cable,Custom,,Length,,1,M
2A4B11AD-165E-5C4C-B27F-EA3821C6D897,0.75mm2 4 Core SY Control Cable (Steel Braided),Cable,Custom,,Length,,1,M
CDDE250E-DB7D-53F5-B1F0-5F0AB92DAA2B,0.75mm2 7 Core SY Control Cable (Steel Braided),Cable,Custom,,Length,,1,M
965613F7-9087-5F1B-9351-1C27C0BC543D,1.5mm2 3 Core SY Control Cable (Steel Braided),Cable,Custom,,Length,,1,M
1DF0D801-F7C4-5728-8F2E-73CF26C196A2,1.5mm2 4 Core SY Control Cable (Steel Braided),Cable,Custom,,Length,,1,M
E4CFCA47-0061-5370-ACB3-2BC136B73052,1 Pair 0.5mm2 Screened Instrumentation Cable,Cable,Custom,,Length,,1,M
C65C1B9E-F123-5F50-8EBF-35BD87C34EE7,2 Pair 0.5mm2 Screened Instrumentation Cable,Cable,Custom,,Length,,1,M
26F097E9-836B-5E65-9C24-6001C1E52061,Bell Wire 2 Core White (100m Drum),Cable,Custom,,Drum,,100,M
C76066F7-4A80-589B-A748-515D0EADFA87,50mm Wire Cable Basket 54mm Deep Electro Zinc - 3m,Containment,Custom,,Length,,3,M
55A818E9-9F8C-5B8D-804D-590E3E336CB6,100mm Wire Cable Basket 54mm Deep Electro Zinc - 3m,Containment,Custom,,Length,,3,M
B57F1CC1-622D-5447-8D25-B78AEFF9CB51,150mm Wire Cable Basket 54mm Deep Electro Zinc - 3m,Containment,Custom,,Length,,3,M
68996D61-A27E-5CAE-97D3-ACD3F65F543D,200mm Wire Cable Basket 54mm Deep Electro Zinc - 3m,Containment,Custom,,Length,,3,M
0C241D24-F8C3-59F1-BDFC-C034310A0051,300mm Wire Cable Basket 54mm Deep Electro Zinc - 3m,Containment,Custom,,Length,,3,M
D35C49E2-916F-59CC-AEB2-8D32BFEB414D,400mm Wire Cable Basket 54mm Deep Electro Zinc - 3m,Containment,Custom,,Length,,3,M
413001BC-F32C-5880-BAAE-1F1FA80F2D86,500mm Wire Cable Basket 54mm Deep Electro Zinc - 3m,Containment,Custom,,Length,,3,M
7812A328-288A-501F-91B4-FBF6AFCDCD0F,600mm Wire Cable Basket 54mm Deep Electro Zinc - 3m,Containment,Custom,,Length,,3,M
8346497E-D460-5F7D-B1FF-68704F4E8A54,100mm Wire Cable Basket 54mm Deep HDG (External) - 3m,Containment,Custom,,Length,,3,M
8394B361-F3CC-5955-A9C4-395DBCB6BEDE,150mm Wire Cable Basket 54mm Deep HDG (External) - 3m,Containment,Custom,,Length,,3,M
24C444B1-B74F-5CBD-9C24-F6EBBF1BDBD4,300mm Wire Cable Basket 54mm Deep HDG (External) - 3m,Containment,Custom,,Length,,3,M
4B867D44-BAD7-55D8-B601-5695BB891DBF,600mm Wire Cable Basket 54mm Deep HDG (External) - 3m,Containment,Custom,,Length,,3,M
F3C63363-9099-551E-AC83-5B85B4C13118,50mm Wire Cable Basket Wall Bracket,Containment,Custom,,Number,1.0,,
2BECF303-DDBC-571D-83BF-C6E593B37437,100mm Wire Cable Basket Wall Bracket,Containment,Custom,,Number,1.0,,
2F178EB3-3E03-5B19-9DD5-9569626D95B0,150mm Wire Cable Basket Wall Bracket,Containment,Custom,,Number,1.0,,
32F7AB2C-A568-5EB1-A0A6-C22DDFF3426E,200mm Wire Cable Basket Wall Bracket,Containment,Custom,,Number,1.0,,
A08E27AF-1F38-58DC-B2EB-CD4B9400B984,300mm Wire Cable Basket Wall Bracket,Containment,Custom,,Number,1.0,,
F1C94815-373D-5773-AE38-E07D78FD6CCD,400mm Wire Cable Basket Wall Bracket,Containment,Custom,,Number,1.0,,
46847E43-E6E8-5E6C-9D3A-CD6D47967251,500mm Wire Cable Basket Wall Bracket,Containment,Custom,,Number,1.0,,
DBA206FD-73C9-5A3F-AF4B-237E7251D813,600mm Wire Cable Basket Wall Bracket,Containment,Custom,,Number,1.0,,
8B427B3B-B15E-5194-ABD9-321247B7BA26,Wire Cable Basket Coupler Clip,Containment,Custom,,Box,,,
AF5A6B68-C0F6-5463-82CC-873F167D2171,Wire Cable Basket Bolted Coupler Kit (M6),Containment,Custom,,Box,,,
F6F1E339-D13B-53C3-87F2-C0ACE1771B79,Wire Cable Basket Centre Hanger (M10 Rod),Containment,Custom,,Number,1.0,,
AEAB855B-421F-5308-830F-785CCC41A517,Wire Cable Basket Earth Continuity Connector,Containment,Custom,,Number,1.0,,
F545428C-7AED-5CF2-BBED-C57045B2F3E9,Wire Cable Basket Hold Down Clip,Containment,Custom,,Box,,,
2E692307-3657-5E65-BE74-38C2BC88D6EB,150mm Cable Ladder Heavy Duty HDG (100mm Rail) - 3m,Containment,Custom,,Length,,3,M
67D53A68-46E7-5F42-813A-027F0EA81DFD,150mm Cable Ladder Heavy Duty HDG (100mm Rail) - 6m,Containment,Custom,,Length,,6,M
E2FE4B2F-351B-5788-A002-F9A4DF24BCE4,150mm Cable Ladder 90 Deg Flat Bend HDG,Containment,Custom,,Number,1.0,,
AAAF64E5-B879-58D3-91D5-FD7A11AA0A76,150mm Cable Ladder Equal Tee HDG,Containment,Custom,,Number,1.0,,
B105B410-FDBB-56CB-86E9-799E61C925FF,150mm Cable Ladder 4-Way Cross HDG,Containment,Custom,,Number,1.0,,
9061BECB-C723-59D7-9604-D97793F630C5,150mm Cable Ladder 90 Deg Inside Riser HDG,Containment,Custom,,Number,1.0,,
2EA6443D-E16D-5C53-AEF9-A6A90D885DC8,150mm Cable Ladder 90 Deg Outside Riser HDG,Containment,Custom,,Number,1.0,,
B6B1940A-2321-537E-B494-60DD155C1E91,300mm Cable Ladder Heavy Duty HDG (100mm Rail) - 3m,Containment,Custom,,Length,,3,M
CB4F1B3C-59B5-5F93-8395-D35DA61A70C2,300mm Cable Ladder Heavy Duty HDG (100mm Rail) - 6m,Containment,Custom,,Length,,6,M
2796D63F-C0C0-5101-B1C9-A5ADC8582429,300mm Cable Ladder 90 Deg Flat Bend HDG,Containment,Custom,,Number,1.0,,
7FFCA82A-311F-520C-B61D-C14FBCBDBFD9,300mm Cable Ladder Equal Tee HDG,Containment,Custom,,Number,1.0,,
C2FBD777-10F6-57A8-B486-69F679383A03,300mm Cable Ladder 4-Way Cross HDG,Containment,Custom,,Number,1.0,,
5BC883B6-45B9-566E-A085-144E5099FCFE,300mm Cable Ladder 90 Deg Inside Riser HDG,Containment,Custom,,Number,1.0,,
7698C4F1-7FEE-5605-875A-0527AC105567,300mm Cable Ladder 90 Deg Outside Riser HDG,Containment,Custom,,Number,1.0,,
499F2009-6444-5641-A9CF-28845548D20A,450mm Cable Ladder Heavy Duty HDG (100mm Rail) - 3m,Containment,Custom,,Length,,3,M
2A44E9AA-13FF-5075-A0F0-414A1193D647,450mm Cable Ladder Heavy Duty HDG (100mm Rail) - 6m,Containment,Custom,,Length,,6,M
B7055242-9256-5B99-A978-BC2E93C67100,450mm Cable Ladder 90 Deg Flat Bend HDG,Containment,Custom,,Number,1.0,,
D8B3A9A3-B29E-53D3-8F95-0F46F38E7CA8,450mm Cable Ladder Equal Tee HDG,Containment,Custom,,Number,1.0,,
4B0F9B07-BE15-5CA7-91B9-B8427CDE87C6,450mm Cable Ladder 4-Way Cross HDG,Containment,Custom,,Number,1.0,,
8D3199E8-B88B-5847-B418-7CDCFC661F90,450mm Cable Ladder 90 Deg Inside Riser HDG,Containment,Custom,,Number,1.0,,
61E6CDE6-8412-5A83-9E97-B3EDC187B22F,450mm Cable Ladder 90 Deg Outside Riser HDG,Containment,Custom,,Number,1.0,,
80F3CDB7-2DD2-5A62-B02B-7DFCE1847724,600mm Cable Ladder Heavy Duty HDG (100mm Rail) - 3m,Containment,Custom,,Length,,3,M
85D938CD-8182-5737-ABBE-C7CD9AC00654,600mm Cable Ladder Heavy Duty HDG (100mm Rail) - 6m,Containment,Custom,,Length,,6,M
D0BFBA16-2720-5495-AB72-626292162A40,600mm Cable Ladder 90 Deg Flat Bend HDG,Containment,Custom,,Number,1.0,,
8DE2A0C2-71A7-5F41-86EF-8E951FDB7149,600mm Cable Ladder Equal Tee HDG,Containment,Custom,,Number,1.0,,
34E3D028-3E13-5DD9-9B1C-D0A40E0CE429,600mm Cable Ladder 4-Way Cross HDG,Containment,Custom,,Number,1.0,,
A31FA2C8-0E57-5BBF-B2D3-C5A23283B8CF,600mm Cable Ladder 90 Deg Inside Riser HDG,Containment,Custom,,Number,1.0,,
B241CD7E-C723-5A7C-B800-FDEF84590A5D,600mm Cable Ladder 90 Deg Outside Riser HDG,Containment,Custom,,Number,1.0,,
67E8F727-2B65-5353-8D87-11437D95D432,750mm Cable Ladder Heavy Duty HDG (100mm Rail) - 3m,Containment,Custom,,Length,,3,M
CADD0BC3-AE02-587F-AB25-F1284A558011,750mm Cable Ladder Heavy Duty HDG (100mm Rail) - 6m,Containment,Custom,,Length,,6,M
9DA57362-8430-5ECF-AFD5-6A70A1556CCA,750mm Cable Ladder 90 Deg Flat Bend HDG,Containment,Custom,,Number,1.0,,
BDAE2567-E343-522C-BBE2-07EFBF324FAA,750mm Cable Ladder Equal Tee HDG,Containment,Custom,,Number,1.0,,
D716E6E1-FA62-58AC-A914-DF0470A388DC,750mm Cable Ladder 4-Way Cross HDG,Containment,Custom,,Number,1.0,,
19CE8744-F23D-5B02-B145-08BA19149273,750mm Cable Ladder 90 Deg Inside Riser HDG,Containment,Custom,,Number,1.0,,
F14C105C-83B9-5B5A-A3C4-CA328539AFC9,750mm Cable Ladder 90 Deg Outside Riser HDG,Containment,Custom,,Number,1.0,,
C858F1CC-66C2-5A02-A7E8-B8A728709095,900mm Cable Ladder Heavy Duty HDG (100mm Rail) - 3m,Containment,Custom,,Length,,3,M
06A3AF20-C5B8-50F6-8618-A12C715E767A,900mm Cable Ladder Heavy Duty HDG (100mm Rail) - 6m,Containment,Custom,,Length,,6,M
F1422F07-E282-5F38-BC22-629F30309AE3,900mm Cable Ladder 90 Deg Flat Bend HDG,Containment,Custom,,Number,1.0,,
90E38F77-FB38-5A36-8ACB-CCD2ACAE768F,900mm Cable Ladder Equal Tee HDG,Containment,Custom,,Number,1.0,,
74C8D9E7-67CD-5B88-971B-F67D72183EE4,900mm Cable Ladder 4-Way Cross HDG,Containment,Custom,,Number,1.0,,
83184580-C97B-5DD6-8F97-39AE4BB8CB7C,900mm Cable Ladder 90 Deg Inside Riser HDG,Containment,Custom,,Number,1.0,,
5796FCA0-58B9-5C2A-BEA7-ED4FDDFD35D2,900mm Cable Ladder 90 Deg Outside Riser HDG,Containment,Custom,,Number,1.0,,
2A131BE1-A6E3-5591-AEC2-999CADDB62A1,Cable Ladder Straight Coupler HDG (Pair),Containment,Custom,,Number,1.0,,
FB226989-C642-5127-A9B4-99311F60A438,Cable Ladder Hinged Coupler HDG (Pair),Containment,Custom,,Number,1.0,,
F2940BE0-7A67-5F18-8878-4F39FB73B7EE,Cable Ladder Expansion Coupler HDG (Pair),Containment,Custom,,Number,1.0,,
B6021726-236C-5C4F-BA44-A84BAAFEB64F,Cable Ladder Hold Down Clamp HDG,Containment,Custom,,Number,1.0,,
6BBE3927-6D18-56FF-86F0-95A9CC772EEB,Cable Ladder Coupler Bolts M10 (Mushroom Head),Containment,Custom,,Box,,,
0272453C-AE26-55C7-8DA4-8FC384BE7EA3,41x41mm Slotted Strut Channel Pre-Galv - 3m,Containment,Custom,,Length,,3,M
DA882341-FA20-599A-8744-50C4AC90CB02,41x41mm Slotted Strut Channel Pre-Galv - 6m,Containment,Custom,,Length,,6,M
5C40B8CE-F76A-59E9-BA85-E05684C8D792,41x21mm Slotted Strut Channel Pre-Galv - 3m,Containment,Custom,,Length,,3,M
15595B9E-4380-5FF4-BE02-53B5CAE81C4A,41x41mm Plain Strut Channel Pre-Galv - 3m,Containment,Custom,,Length,,3,M
30F7CCC4-6222-5E76-8078-6E5C51DF0E91,41x41mm Back to Back Slotted Strut Channel Pre-Galv - 3m,Containment,Custom,,Length,,3,M
98850688-1631-5569-A40B-DADB19A44344,41x41mm Slotted Strut Channel HDG - 3m,Containment,Custom,,Length,,3,M
964D0936-D450-54DF-B5E2-0E9BA9EBD938,41x21mm Slotted Strut Channel HDG - 3m,Containment,Custom,,Length,,3,M
C236BC0D-D765-5D85-BFBF-DC76BD12AE07,Strut 2 Hole 90 Deg L Bracket,Containment,Custom,,Number,1.0,,
29876B99-04CE-54CC-933A-439C93D77197,Strut 3 Hole 90 Deg L Bracket,Containment,Custom,,Number,1.0,,
C18E005C-4664-56B5-9DC0-2A3B02E476A5,Strut 4 Hole 90 Deg L Bracket,Containment,Custom,,Number,1.0,,
B3BC529C-4409-5262-BB2D-58996141CC9C,Strut 2 Hole Flat Plate,Containment,Custom,,Number,1.0,,
B55784E4-171E-5DCC-9A4C-95293FBC9748,Strut 4 Hole Flat Plate (Splice),Containment,Custom,,Number,1.0,,
6FC24900-4C36-5933-B842-2CFD862D8F5E,Strut 4 Hole Tee Plate,Containment,Custom,,Number,1.0,,
C30E81DB-FF86-51C6-906C-70645FC66320,Strut 5 Hole Cross Plate,Containment,Custom,,Number,1.0,,
5DC0C5B9-AB86-59BE-8E98-06D80724ACC2,Strut Z Bracket (Offset),Containment,Custom,,Number,1.0,,
684B05D7-F657-5AF0-A6B5-887ADA9470A0,Strut 2 Hole 45 Deg Bracket,Containment,Custom,,Number,1.0,,
A4887706-1516-5EAD-8CD8-0046A7144A7D,Strut Single Channel Base Plate,Containment,Custom,,Number,1.0,,
8A546396-4BB2-5A0D-9059-906BEF61C357,Strut Channel Saddle (U Bracket),Containment,Custom,,Number,1.0,,
BF037DF1-8B8F-586C-B334-A6FC00BDCF46,Strut Beam Clamp (Pair),Containment,Custom,,Number,1.0,,
9297656B-5DAC-519B-9247-6D220F60366E,Strut Threaded Rod Bracket M10,Containment,Custom,,Number,1.0,,
40B046B2-B899-5F7E-AA66-83BE7A886420,Strut End Cap 41x41mm,Containment,Custom,,Number,1.0,,
FF049731-9DD1-5036-BEFB-A9DB690F2D47,Strut End Cap 41x21mm,Containment,Custom,,Number,1.0,,
A719442C-DAD1-5500-8A39-6A0D238D6FC6,Strut Cantilever Arm 150mm,Containment,Custom,,Number,1.0,,
47EAB7F1-3C6F-530F-ABB6-7306275FA2FE,Strut Cantilever Arm 300mm,Containment,Custom,,Number,1.0,,
B67DE4F0-CECD-581F-B774-2DD7B1BA789C,Strut Cantilever Arm 450mm,Containment,Custom,,Number,1.0,,
42AAED71-17AF-586D-B561-87185FB40D00,Strut Cantilever Arm 600mm,Containment,Custom,,Number,1.0,,
E1DEB844-E81D-565F-9186-F21BBE8A7426,Strut Channel Nut with Spring M6,Containment,Custom,,Box,,,
C1DFE329-9451-5797-B714-78E94D433CC3,Strut Channel Nut with Spring M8,Containment,Custom,,Box,,,
C4F3BB2D-8176-5924-AD76-F29A75BCEAB8,Strut Channel Nut with Spring M10,Containment,Custom,,Box,,,
26027F09-EB27-5CFB-AAD1-8CC48EF669AC,Strut Channel Nut with Spring M12,Containment,Custom,,Box,,,
ADEB45F7-A288-5ACE-BB08-A01C960CF890,Strut Channel Nut Plain (No Spring) M10,Containment,Custom,,Box,,,
8195FC0F-94D8-5C84-A7E7-66E7D06A7132,Strut Square Washer 41mm M10,Containment,Custom,,Box,,,
CA51A596-DBEC-5857-B2FD-75A3D5275018,Strut Square Washer 41mm M12,Containment,Custom,,Box,,,
9347D12F-F75C-58BD-BF48-9430D9833EF5,Strut Pipe Clamp 15mm,Containment,Custom,,Number,1.0,,
7A01D24E-E1EC-5DF7-9110-1113C97DAC02,Strut Pipe Clamp 22mm,Containment,Custom,,Number,1.0,,
376999D4-DCE1-5441-98E8-8ECEA46B00DB,Strut Pipe Clamp 28mm,Containment,Custom,,Number,1.0,,
54121E4E-107F-57BE-8611-6F615344F9AB,Strut Pipe Clamp 35mm,Containment,Custom,,Number,1.0,,
2D372B73-7186-5A2B-BD94-47AC70682944,Strut Pipe Clamp 42mm,Containment,Custom,,Number,1.0,,
A9DF9580-FF80-5F55-A157-454697BFD088,Strut Pipe Clamp 54mm,Containment,Custom,,Number,1.0,,
FD73E45B-9C0D-5A71-888A-96774B1D76CD,Strut Pipe Clamp 67mm,Containment,Custom,,Number,1.0,,
EE87EDB6-AFB0-5D5C-A0DF-5F348D852A3D,Strut Pipe Clamp 76mm,Containment,Custom,,Number,1.0,,
D09E3983-A51E-5E45-B673-F2B70FCD5E9A,Strut Pipe Clamp 108mm,Containment,Custom,,Number,1.0,,
0FEAB07C-9C7A-54BD-B055-1B253422F814,Trefoil Cable Cleat (Aluminium) - Size to Cable OD,Containment,Custom,,Number,1.0,,
C56067E0-6D0D-53C5-9869-AB86DB807621,Single Cable Cleat (LSF Polymer) - Size to Cable OD,Containment,Custom,,Number,1.0,,
EE34C081-976A-5614-BE4A-B6AF783B06C7,Wire Rope Suspension Kit 2m (Loop End),Containment,Custom,,Number,1.0,,
6D709930-13D7-587A-B840-E215E776AA09,Wire Rope Suspension Kit 2m (Toggle End),Containment,Custom,,Number,1.0,,
C4E0B055-65AE-5261-B632-CF6BC7C416D8,Wire Rope Suspension Kit 3m (Loop End),Containment,Custom,,Number,1.0,,
FE5D3495-8E28-5914-BAB0-0B368B990534,Wire Rope Suspension Kit 3m (Toggle End),Containment,Custom,,Number,1.0,,
4BE9ECF3-1F95-5CFF-94FD-B21F46A13C77,Wire Rope Suspension Kit 5m (Loop End),Containment,Custom,,Number,1.0,,
11865476-5B02-52D9-9012-D35C8E20E77B,Wire Rope Suspension Kit 5m (Toggle End),Containment,Custom,,Number,1.0,,
CF72DA9B-0496-5AA9-B0AE-E0FB1F00B484,Wire Rope Suspension Kit 3m (Threaded Stud End M8),Containment,Custom,,Number,1.0,,
CBFD9EB5-CDB2-5727-94E2-F44037672762,Wire Rope Suspension Kit 3m (Threaded Stud End M10),Containment,Custom,,Number,1.0,,
634D8A91-875B-59FC-919A-4F88F22A4CC9,J Hook Cable Support 32mm,Containment,Custom,,Number,1.0,,
52088DB4-78E6-54BE-B02C-54FE97DFD4C7,J Hook Cable Support 50mm,Containment,Custom,,Number,1.0,,
9E12780B-73D4-53EA-988A-CB70CB456BC3,50mm Light Duty Cable Tray Pre-Galv - 3m,Tray,Custom,,Length,,3,M
10306DFF-CB05-5245-8A2E-BBC3225E045E,75mm Light Duty Cable Tray Pre-Galv - 3m,Tray,Custom,,Length,,3,M
8FB4E90C-B988-5B49-9CAC-DDD9254B82BB,100mm Light Duty Cable Tray Pre-Galv - 3m,Tray,Custom,,Length,,3,M
334C35EA-4F66-5101-A322-3A079E8EB87F,150mm Light Duty Cable Tray Pre-Galv - 3m,Tray,Custom,,Length,,3,M
583833D0-1762-559F-A548-2A9D1E863FAC,225mm Light Duty Cable Tray Pre-Galv - 3m,Tray,Custom,,Length,,3,M
30CB94AA-534E-5901-8A10-E5D6D1D555AD,300mm Light Duty Cable Tray Pre-Galv - 3m,Tray,Custom,,Length,,3,M
163728A2-916E-5487-9E86-3E06BBC35BBD,50mm Medium Duty Cable Tray Pre-Galv - 3m,Tray,Custom,,Length,,3,M
A8AB3A2E-D8A1-543B-AD40-AE3F37065E05,75mm Medium Duty Cable Tray Pre-Galv - 3m,Tray,Custom,,Length,,3,M
DA575873-0EAB-55BD-B8B5-E79F73A9B24F,100mm Medium Duty Cable Tray Pre-Galv - 3m,Tray,Custom,,Length,,3,M
D9CD864C-5A13-59C5-BA67-B63A051D0C31,150mm Medium Duty Cable Tray Pre-Galv - 3m,Tray,Custom,,Length,,3,M
273B979F-CE41-571B-8912-0C40E1A577FA,225mm Medium Duty Cable Tray Pre-Galv - 3m,Tray,Custom,,Length,,3,M
55523807-04D4-5F86-8025-BBC7D8BC8BFD,300mm Medium Duty Cable Tray Pre-Galv - 3m,Tray,Custom,,Length,,3,M
BF66EAF4-D35B-5887-BECB-DC0E414008C5,450mm Medium Duty Cable Tray Pre-Galv - 3m,Tray,Custom,,Length,,3,M
D3B4D7DE-F703-55B8-A350-F7F591ABBB71,600mm Medium Duty Cable Tray Pre-Galv - 3m,Tray,Custom,,Length,,3,M
17A3B796-FA5A-580C-A635-822B49AD538E,50mm Medium Duty Cable Tray 90 Deg Flat Bend Pre-Galv,Tray,Custom,,Number,1.0,,
85FBDA96-8030-53ED-98FB-467AF861EF21,50mm Medium Duty Cable Tray 45 Deg Flat Bend Pre-Galv,Tray,Custom,,Number,1.0,,
E116A898-4755-5B4E-BF3E-9D52CF31B41D,50mm Medium Duty Cable Tray Equal Tee Pre-Galv,Tray,Custom,,Number,1.0,,
E4779CFD-97BB-5B9C-AD72-CE8DA5269707,50mm Medium Duty Cable Tray 4-Way Cross Pre-Galv,Tray,Custom,,Number,1.0,,
E8BAEF1D-98F3-5EEC-8335-1546C3AAEFAE,50mm Medium Duty Cable Tray 90 Deg Inside Riser Pre-Galv,Tray,Custom,,Number,1.0,,
29CFC49C-E06E-5DAE-8338-723BF9F9D137,50mm Medium Duty Cable Tray 90 Deg Outside Riser Pre-Galv,Tray,Custom,,Number,1.0,,
D84D49FF-E847-5CF3-971B-E59CBF370766,75mm Medium Duty Cable Tray 90 Deg Flat Bend Pre-Galv,Tray,Custom,,Number,1.0,,
3A2BA0A0-F401-5CCE-80D1-7B61F07BCE75,75mm Medium Duty Cable Tray 45 Deg Flat Bend Pre-Galv,Tray,Custom,,Number,1.0,,
3795CD8F-5231-5018-A3E1-A6C09F1226C9,75mm Medium Duty Cable Tray Equal Tee Pre-Galv,Tray,Custom,,Number,1.0,,
8CEFCD3D-3671-5C8B-8B2C-E11C912AA939,75mm Medium Duty Cable Tray 4-Way Cross Pre-Galv,Tray,Custom,,Number,1.0,,
80B1FF80-1B2F-5380-AE74-0250C96DC9D6,75mm Medium Duty Cable Tray 90 Deg Inside Riser Pre-Galv,Tray,Custom,,Number,1.0,,
BF1D8887-16AD-5153-A56C-E62EF5129548,75mm Medium Duty Cable Tray 90 Deg Outside Riser Pre-Galv,Tray,Custom,,Number,1.0,,
D07FF303-C8AB-5720-BC80-32E5B32C8491,100mm Medium Duty Cable Tray 90 Deg Flat Bend Pre-Galv,Tray,Custom,,Number,1.0,,
52F93EF2-1361-5A98-A456-EC210C785AC5,100mm Medium Duty Cable Tray 45 Deg Flat Bend Pre-Galv,Tray,Custom,,Number,1.0,,
D7CFF950-0C04-5756-B598-109871992681,100mm Medium Duty Cable Tray Equal Tee Pre-Galv,Tray,Custom,,Number,1.0,,
A52BB79F-53E6-5ECF-8192-21AC9B266AFE,100mm Medium Duty Cable Tray 4-Way Cross Pre-Galv,Tray,Custom,,Number,1.0,,
6B6FEC54-39FA-578F-B07D-60D6038888AD,100mm Medium Duty Cable Tray 90 Deg Inside Riser Pre-Galv,Tray,Custom,,Number,1.0,,
1C2E60F0-2A90-5522-A429-858D95E88D94,100mm Medium Duty Cable Tray 90 Deg Outside Riser Pre-Galv,Tray,Custom,,Number,1.0,,
9DBB4F9F-3AB5-5BF4-A87F-275A4C2CF020,150mm Medium Duty Cable Tray 90 Deg Flat Bend Pre-Galv,Tray,Custom,,Number,1.0,,
50492CB1-30BC-59B2-AA42-8D30558562AD,150mm Medium Duty Cable Tray 45 Deg Flat Bend Pre-Galv,Tray,Custom,,Number,1.0,,
C6A0CDE2-CFA5-52DE-864D-E3F2848DBABB,150mm Medium Duty Cable Tray Equal Tee Pre-Galv,Tray,Custom,,Number,1.0,,
F2B0481A-65BC-5A81-AF7E-21456A246758,150mm Medium Duty Cable Tray 4-Way Cross Pre-Galv,Tray,Custom,,Number,1.0,,
A3923900-B944-5855-BC52-6724191F4E70,150mm Medium Duty Cable Tray 90 Deg Inside Riser Pre-Galv,Tray,Custom,,Number,1.0,,
02D4895F-DD63-595B-9393-17C8DAB48EE3,150mm Medium Duty Cable Tray 90 Deg Outside Riser Pre-Galv,Tray,Custom,,Number,1.0,,
F814F085-870E-5F24-AD0B-61CDC4E898E4,225mm Medium Duty Cable Tray 90 Deg Flat Bend Pre-Galv,Tray,Custom,,Number,1.0,,
DC9283CA-5E13-555C-8624-296483629648,225mm Medium Duty Cable Tray 45 Deg Flat Bend Pre-Galv,Tray,Custom,,Number,1.0,,
2A6152DA-E2C6-5A10-BE0A-74230294956C,225mm Medium Duty Cable Tray Equal Tee Pre-Galv,Tray,Custom,,Number,1.0,,
B9304EA6-99AD-5FE7-A166-611885435383,225mm Medium Duty Cable Tray 4-Way Cross Pre-Galv,Tray,Custom,,Number,1.0,,
407054C7-FF52-50F8-A36E-8547234F77F0,225mm Medium Duty Cable Tray 90 Deg Inside Riser Pre-Galv,Tray,Custom,,Number,1.0,,
3DBF7E74-6CBC-5B0C-AB2A-69BD8742831A,225mm Medium Duty Cable Tray 90 Deg Outside Riser Pre-Galv,Tray,Custom,,Number,1.0,,
E8BC9765-F75C-5DB1-A6DB-537DBB6D0277,300mm Medium Duty Cable Tray 90 Deg Flat Bend Pre-Galv,Tray,Custom,,Number,1.0,,
6EF5B9B4-E505-524F-B95A-4AD1E89EB043,300mm Medium Duty Cable Tray 45 Deg Flat Bend Pre-Galv,Tray,Custom,,Number,1.0,,
A444C86E-A7DF-5E03-B91F-90CCDA75B15D,300mm Medium Duty Cable Tray Equal Tee Pre-Galv,Tray,Custom,,Number,1.0,,
982200D3-416D-565F-B341-874C26BD7F42,300mm Medium Duty Cable Tray 4-Way Cross Pre-Galv,Tray,Custom,,Number,1.0,,
B65FFC85-8815-56A3-A610-2454CDE3C12C,300mm Medium Duty Cable Tray 90 Deg Inside Riser Pre-Galv,Tray,Custom,,Number,1.0,,
BC9FB6B8-EE85-504C-A122-2B3F1A07CEB5,300mm Medium Duty Cable Tray 90 Deg Outside Riser Pre-Galv,Tray,Custom,,Number,1.0,,
9C8EF4DD-A9F8-512E-98B3-EECAAB597C69,450mm Medium Duty Cable Tray 90 Deg Flat Bend Pre-Galv,Tray,Custom,,Number,1.0,,
2343F69B-AC3E-5DB9-A512-CC1626243CDB,450mm Medium Duty Cable Tray 45 Deg Flat Bend Pre-Galv,Tray,Custom,,Number,1.0,,
4AD96FAE-CED3-5F98-85E1-7E1820987C93,450mm Medium Duty Cable Tray Equal Tee Pre-Galv,Tray,Custom,,Number,1.0,,
58B8C181-C328-58E0-B062-7394FB91C02B,450mm Medium Duty Cable Tray 4-Way Cross Pre-Galv,Tray,Custom,,Number,1.0,,
01A46663-28E3-5978-ADC0-ADB378D0C408,450mm Medium Duty Cable Tray 90 Deg Inside Riser Pre-Galv,Tray,Custom,,Number,1.0,,
6ECA985B-8558-50F3-BFCB-46CA76ABD9BC,450mm Medium Duty Cable Tray 90 Deg Outside Riser Pre-Galv,Tray,Custom,,Number,1.0,,
70F9260E-6952-5BD0-A185-82B9C81F0742,600mm Medium Duty Cable Tray 90 Deg Flat Bend Pre-Galv,Tray,Custom,,Number,1.0,,
C2129F54-4F88-5136-91D8-BEC46F102468,600mm Medium Duty Cable Tray 45 Deg Flat Bend Pre-Galv,Tray,Custom,,Number,1.0,,
047EA781-9144-5A3C-8ABA-16DA370E4364,600mm Medium Duty Cable Tray Equal Tee Pre-Galv,Tray,Custom,,Number,1.0,,
79357D5A-DEB8-59FE-9431-2824400ECA89,600mm Medium Duty Cable Tray 4-Way Cross Pre-Galv,Tray,Custom,,Number,1.0,,
9EABEB02-A7B0-552A-93A6-F98CC58BF30C,600mm Medium Duty Cable Tray 90 Deg Inside Riser Pre-Galv,Tray,Custom,,Number,1.0,,
CFEB9904-6A3E-508A-93BB-009B5A6893C4,600mm Medium Duty Cable Tray 90 Deg Outside Riser Pre-Galv,Tray,Custom,,Number,1.0,,
D1C8B966-A595-5188-AA22-2EBC9CDD2E2A,100mm Heavy Duty Return Flange Cable Tray HDG - 3m,Tray,Custom,,Length,,3,M
FFDB8F42-7AC9-5627-9BA0-37C757F476BE,150mm Heavy Duty Return Flange Cable Tray HDG - 3m,Tray,Custom,,Length,,3,M
3FA660D1-0331-5BE1-B38D-41CD861F052B,225mm Heavy Duty Return Flange Cable Tray HDG - 3m,Tray,Custom,,Length,,3,M
3B7E99AE-6B82-58BC-9267-28121EE8B315,300mm Heavy Duty Return Flange Cable Tray HDG - 3m,Tray,Custom,,Length,,3,M
E8CF55FF-E4B7-5283-9FBE-86C6E797954A,450mm Heavy Duty Return Flange Cable Tray HDG - 3m,Tray,Custom,,Length,,3,M
AB614748-3A54-589E-95B5-CBC1B4C08A92,600mm Heavy Duty Return Flange Cable Tray HDG - 3m,Tray,Custom,,Length,,3,M
DF6A815C-5304-5EAD-9B98-31E68F99C0B6,750mm Heavy Duty Return Flange Cable Tray HDG - 3m,Tray,Custom,,Length,,3,M
64AB18EF-222B-5CC8-93E1-1BCFA2294797,900mm Heavy Duty Return Flange Cable Tray HDG - 3m,Tray,Custom,,Length,,3,M
6924D401-0083-5F4C-B831-53C17B3D60C5,100mm Heavy Duty Cable Tray 90 Deg Flat Bend HDG,Tray,Custom,,Number,1.0,,
5F4A5EED-5127-5975-A8AB-A5A34DF23818,100mm Heavy Duty Cable Tray 45 Deg Flat Bend HDG,Tray,Custom,,Number,1.0,,
4E1FAEB8-D929-588D-B9D4-F09489C7052B,100mm Heavy Duty Cable Tray Equal Tee HDG,Tray,Custom,,Number,1.0,,
6FB69D67-AA46-565F-BB39-5FC5B9B85264,100mm Heavy Duty Cable Tray 4-Way Cross HDG,Tray,Custom,,Number,1.0,,
B236703C-4B6A-5BC4-BBEE-83DBE819F586,100mm Heavy Duty Cable Tray 90 Deg Inside Riser HDG,Tray,Custom,,Number,1.0,,
8B336269-8198-504E-80FC-252D6A06DCFD,100mm Heavy Duty Cable Tray 90 Deg Outside Riser HDG,Tray,Custom,,Number,1.0,,
435F2291-7313-5ED6-AD68-2D732B321C27,150mm Heavy Duty Cable Tray 90 Deg Flat Bend HDG,Tray,Custom,,Number,1.0,,
70553D8D-21CA-596A-A53B-09DB4E9259F4,150mm Heavy Duty Cable Tray 45 Deg Flat Bend HDG,Tray,Custom,,Number,1.0,,
92790290-6DDF-5777-BEEB-859A77EC78EC,150mm Heavy Duty Cable Tray Equal Tee HDG,Tray,Custom,,Number,1.0,,
C735FCCB-4FFD-5331-8808-A629739BAC58,150mm Heavy Duty Cable Tray 4-Way Cross HDG,Tray,Custom,,Number,1.0,,
7FA12F0D-37AA-59C2-B35E-9D40C6B1876F,150mm Heavy Duty Cable Tray 90 Deg Inside Riser HDG,Tray,Custom,,Number,1.0,,
B32A9F58-DFB6-52C4-AEB3-5C2B083ADBA4,150mm Heavy Duty Cable Tray 90 Deg Outside Riser HDG,Tray,Custom,,Number,1.0,,
690625A5-D51A-5794-B26D-EF4A30ABC436,225mm Heavy Duty Cable Tray 90 Deg Flat Bend HDG,Tray,Custom,,Number,1.0,,
997153D1-10A5-549B-B25F-8BA6E4F286C6,225mm Heavy Duty Cable Tray 45 Deg Flat Bend HDG,Tray,Custom,,Number,1.0,,
CCFE27BE-669F-51D1-B61A-C3DBD6B60B1F,225mm Heavy Duty Cable Tray Equal Tee HDG,Tray,Custom,,Number,1.0,,
D8E34962-B547-57E7-B322-5C6B053655C3,225mm Heavy Duty Cable Tray 4-Way Cross HDG,Tray,Custom,,Number,1.0,,
F9AB38D6-5EE2-5C73-B506-3E85441BD256,225mm Heavy Duty Cable Tray 90 Deg Inside Riser HDG,Tray,Custom,,Number,1.0,,
0D314FAD-9F1F-532A-829B-B749B03F2B6C,225mm Heavy Duty Cable Tray 90 Deg Outside Riser HDG,Tray,Custom,,Number,1.0,,
B5FE161D-EFA7-5FA2-9B4E-0A87E136DFA2,300mm Heavy Duty Cable Tray 90 Deg Flat Bend HDG,Tray,Custom,,Number,1.0,,
6F4CDA33-17AA-5D61-BA6A-BA7F8ED69A42,300mm Heavy Duty Cable Tray 45 Deg Flat Bend HDG,Tray,Custom,,Number,1.0,,
F9BAF081-D8C2-5AD0-B14A-580DA1D76229,300mm Heavy Duty Cable Tray Equal Tee HDG,Tray,Custom,,Number,1.0,,
C7A23C90-A5C9-574D-BC1A-FBBA1298FCAB,300mm Heavy Duty Cable Tray 4-Way Cross HDG,Tray,Custom,,Number,1.0,,
04BF7696-23EA-5BF8-8395-54E6E2B6D376,300mm Heavy Duty Cable Tray 90 Deg Inside Riser HDG,Tray,Custom,,Number,1.0,,
28F0A363-B2B0-5C4B-954F-ACBC5C950391,300mm Heavy Duty Cable Tray 90 Deg Outside Riser HDG,Tray,Custom,,Number,1.0,,
C65A1B5B-AF9B-52C2-9EEC-F16F4B9F3FD5,450mm Heavy Duty Cable Tray 90 Deg Flat Bend HDG,Tray,Custom,,Number,1.0,,
3546E11A-3E3A-54F5-8AAD-6A9F3AD31C1F,450mm Heavy Duty Cable Tray 45 Deg Flat Bend HDG,Tray,Custom,,Number,1.0,,
58601671-28D6-5D7F-99F1-F05BCEE89F6A,450mm Heavy Duty Cable Tray Equal Tee HDG,Tray,Custom,,Number,1.0,,
C262B4C6-184F-502D-BA8C-537E13E4F8A4,450mm Heavy Duty Cable Tray 4-Way Cross HDG,Tray,Custom,,Number,1.0,,
DB16F803-D627-59B3-AD45-3489678C04F4,450mm Heavy Duty Cable Tray 90 Deg Inside Riser HDG,Tray,Custom,,Number,1.0,,
0505C683-37F8-5804-B0BE-22C249FE863A,450mm Heavy Duty Cable Tray 90 Deg Outside Riser HDG,Tray,Custom,,Number,1.0,,
9BEAF75E-DE45-5B01-BE32-3B59FD667B3F,600mm Heavy Duty Cable Tray 90 Deg Flat Bend HDG,Tray,Custom,,Number,1.0,,
79394B97-C17B-5A19-AF91-FC87E07158DB,600mm Heavy Duty Cable Tray 45 Deg Flat Bend HDG,Tray,Custom,,Number,1.0,,
855B29E1-476A-5107-8080-8A8C684A43BD,600mm Heavy Duty Cable Tray Equal Tee HDG,Tray,Custom,,Number,1.0,,
10D509E7-FF52-53DC-B7D2-7C71646BB648,600mm Heavy Duty Cable Tray 4-Way Cross HDG,Tray,Custom,,Number,1.0,,
6A38D932-4ACB-5FCB-9690-30F6E72D20BE,600mm Heavy Duty Cable Tray 90 Deg Inside Riser HDG,Tray,Custom,,Number,1.0,,
DA8110EE-3B87-5953-8361-D163AACF10F5,600mm Heavy Duty Cable Tray 90 Deg Outside Riser HDG,Tray,Custom,,Number,1.0,,
C6B71C3E-1FC7-5466-9869-2B5EA5049D36,750mm Heavy Duty Cable Tray 90 Deg Flat Bend HDG,Tray,Custom,,Number,1.0,,
7792B85A-5593-5AEB-9297-96B90C7E798C,750mm Heavy Duty Cable Tray 45 Deg Flat Bend HDG,Tray,Custom,,Number,1.0,,
01D43361-41F9-56C9-B295-8EB83E66AF7C,750mm Heavy Duty Cable Tray Equal Tee HDG,Tray,Custom,,Number,1.0,,
8A361AD0-D96E-5B4F-8650-C50E0ABE6DDB,750mm Heavy Duty Cable Tray 4-Way Cross HDG,Tray,Custom,,Number,1.0,,
DD0ADB2F-F7F9-53F3-83D3-3D741F613D86,750mm Heavy Duty Cable Tray 90 Deg Inside Riser HDG,Tray,Custom,,Number,1.0,,
9FF7A1D1-542E-54D1-8AE5-6F3CDBA22E80,750mm Heavy Duty Cable Tray 90 Deg Outside Riser HDG,Tray,Custom,,Number,1.0,,
EBFEB814-9081-514D-8F96-F2B57629EAAC,900mm Heavy Duty Cable Tray 90 Deg Flat Bend HDG,Tray,Custom,,Number,1.0,,
B281598D-835A-515F-A902-BF2D0968C564,900mm Heavy Duty Cable Tray 45 Deg Flat Bend HDG,Tray,Custom,,Number,1.0,,
AD723574-71AD-5B49-8054-A7CAED350BD4,900mm Heavy Duty Cable Tray Equal Tee HDG,Tray,Custom,,Number,1.0,,
13D992C0-932C-568A-8EA3-129F5FD81EE7,900mm Heavy Duty Cable Tray 4-Way Cross HDG,Tray,Custom,,Number,1.0,,
92B36428-BF48-5DE7-B005-000F469A5C56,900mm Heavy Duty Cable Tray 90 Deg Inside Riser HDG,Tray,Custom,,Number,1.0,,
A6FE9D7D-B282-58B6-A78C-5E36A434C213,900mm Heavy Duty Cable Tray 90 Deg Outside Riser HDG,Tray,Custom,,Number,1.0,,
9EE8343B-74E7-5F83-BE61-E9C73843A17E,Cable Tray Coupler Light Duty Pre-Galv,Tray,Custom,,Number,1.0,,
2E8123E7-2C39-5971-98DA-7A4E63F82E66,Cable Tray Coupler Medium Duty Pre-Galv,Tray,Custom,,Number,1.0,,
3531AD6A-A901-5F8D-B71C-DD4BA68222CE,Cable Tray Coupler Heavy Duty HDG,Tray,Custom,,Number,1.0,,
FA5EA667-1ECB-5F24-97FD-995A02A7D409,Cable Tray Earth Bonding Link,Tray,Custom,,Number,1.0,,
AB9ED9CC-0DC5-5DD9-A2AC-562CE27234A4,Cable Tray Hold Down Clip,Tray,Custom,,Number,1.0,,
897AE9B6-9367-574A-8737-A765B8B0704A,Cable Tray Roofing Bolt & Nut M6x12,Tray,Custom,,Box,,,
E983D40D-2798-538F-B506-FAAAAF1D2999,50x50mm Galvanised Steel Trunking Single Compartment - 3m,Trunking,Custom,,Length,,3,M
5B14D1A3-2237-55C9-BCB6-7E44E92A9202,75x75mm Galvanised Steel Trunking Single Compartment - 3m,Trunking,Custom,,Length,,3,M
0C4B6CE9-AAF0-5373-BF5A-EE260A3A5963,100x50mm Galvanised Steel Trunking Single Compartment - 3m,Trunking,Custom,,Length,,3,M
21A619F7-344A-5720-8441-85D1D5D31DDA,100x100mm Galvanised Steel Trunking Single Compartment - 3m,Trunking,Custom,,Length,,3,M
31898967-D358-5D68-800F-D5230BC8C6BD,150x100mm Galvanised Steel Trunking Single Compartment - 3m,Trunking,Custom,,Length,,3,M
FB321BFD-5157-5A3B-8D02-EADA3D8021B6,150x150mm Galvanised Steel Trunking Single Compartment - 3m,Trunking,Custom,,Length,,3,M
FA348F15-B4E7-560D-B5C3-421558831DC5,225x150mm Galvanised Steel Trunking Single Compartment - 3m,Trunking,Custom,,Length,,3,M
51063C41-2BD7-5B3B-BB39-6EF4530D53B5,300x150mm Galvanised Steel Trunking Single Compartment - 3m,Trunking,Custom,,Length,,3,M
37D2DCEB-4361-55B8-BC8F-5C39934579F0,50x50mm Galvanised Trunking 90 Deg Flat Bend,Trunking,Custom,,Number,1.0,,
E545062B-69BF-585B-9223-A186F7EC85B2,50x50mm Galvanised Trunking Equal Tee,Trunking,Custom,,Number,1.0,,
8CAF14BF-7A4B-5FDB-9776-8C4DCE4D93AF,50x50mm Galvanised Trunking 4-Way Cross,Trunking,Custom,,Number,1.0,,
C6F6C3DB-55EC-5FD4-8FF2-B74D5C17A1BB,50x50mm Galvanised Trunking 90 Deg Internal Bend,Trunking,Custom,,Number,1.0,,
48B3F87F-6956-55A2-8DBC-020E6B7072EE,50x50mm Galvanised Trunking 90 Deg External Bend,Trunking,Custom,,Number,1.0,,
EAAE1121-D339-5141-92D9-A44077DE5665,50x50mm Galvanised Trunking End Cap,Trunking,Custom,,Number,1.0,,
F21C6259-DE0F-51B7-85C0-66A8CB021440,50x50mm Galvanised Trunking Coupler,Trunking,Custom,,Number,1.0,,
DD70A028-7CBE-5DF5-BA56-BA9ECFEC5F68,75x75mm Galvanised Trunking 90 Deg Flat Bend,Trunking,Custom,,Number,1.0,,
E66C8A3A-8443-5182-9042-CD8057E090A8,75x75mm Galvanised Trunking Equal Tee,Trunking,Custom,,Number,1.0,,
61457C7E-BB68-53A1-A816-8B20289CEF52,75x75mm Galvanised Trunking 4-Way Cross,Trunking,Custom,,Number,1.0,,
6B3CBC17-627A-5870-9D42-6040943822A8,75x75mm Galvanised Trunking 90 Deg Internal Bend,Trunking,Custom,,Number,1.0,,
BA197346-BC39-5742-9230-E54245C4F230,75x75mm Galvanised Trunking 90 Deg External Bend,Trunking,Custom,,Number,1.0,,
AD16DEB2-91A7-5EE2-A15F-AAAF1ADE71B1,75x75mm Galvanised Trunking End Cap,Trunking,Custom,,Number,1.0,,
945B47FE-B743-56F4-BFF7-523D508FF8F9,75x75mm Galvanised Trunking Coupler,Trunking,Custom,,Number,1.0,,
5C9EC7D5-26C8-5EFB-B980-8694B9C86846,100x50mm Galvanised Trunking 90 Deg Flat Bend,Trunking,Custom,,Number,1.0,,
A27F67E4-73EB-5EEA-837E-869B154E5A89,100x50mm Galvanised Trunking Equal Tee,Trunking,Custom,,Number,1.0,,
501CD8FF-3F21-5E9D-8E81-CBDCDA5EB1A6,100x50mm Galvanised Trunking 4-Way Cross,Trunking,Custom,,Number,1.0,,
E9F64FC7-5337-5D87-A10E-18FD05955A60,100x50mm Galvanised Trunking 90 Deg Internal Bend,Trunking,Custom,,Number,1.0,,
62AEAC72-29FA-59D5-BE8B-216F87014F02,100x50mm Galvanised Trunking 90 Deg External Bend,Trunking,Custom,,Number,1.0,,
36C7BF1E-C818-517E-B2CE-732C632A739A,100x50mm Galvanised Trunking End Cap,Trunking,Custom,,Number,1.0,,
265B37A0-C3B8-5177-9283-13C1EC4F1CB9,100x50mm Galvanised Trunking Coupler,Trunking,Custom,,Number,1.0,,
97E5C1BD-4D51-5856-9603-7369BBBA07A0,100x100mm Galvanised Trunking 90 Deg Flat Bend,Trunking,Custom,,Number,1.0,,
2C12C5DB-FC43-591E-BEE1-ECCCF23238E2,100x100mm Galvanised Trunking Equal Tee,Trunking,Custom,,Number,1.0,,
45E21882-9F2E-5E9F-90FB-2B94A5D8B86C,100x100mm Galvanised Trunking 4-Way Cross,Trunking,Custom,,Number,1.0,,
F4970DC9-CE69-59DA-BA85-7BF86A35C544,100x100mm Galvanised Trunking 90 Deg Internal Bend,Trunking,Custom,,Number,1.0,,
83532BE5-7CD9-59EA-B42E-952A0B4C705D,100x100mm Galvanised Trunking 90 Deg External Bend,Trunking,Custom,,Number,1.0,,
0CFA2478-DE80-5593-919B-C988F333D7C9,100x100mm Galvanised Trunking End Cap,Trunking,Custom,,Number,1.0,,
2F96068A-BB32-58FD-8143-A77D6E40FBB2,100x100mm Galvanised Trunking Coupler,Trunking,Custom,,Number,1.0,,
4B8CFF52-8165-5AB0-B138-A7D63E33A0C6,150x100mm Galvanised Trunking 90 Deg Flat Bend,Trunking,Custom,,Number,1.0,,
F1580ECC-3C7A-5FD5-B2FA-5165735A9B48,150x100mm Galvanised Trunking Equal Tee,Trunking,Custom,,Number,1.0,,
1C5F7D73-32AF-5A1E-810F-91ABD501455A,150x100mm Galvanised Trunking 4-Way Cross,Trunking,Custom,,Number,1.0,,
786EDBFD-ED29-5A93-9F92-0BDEB14BDA60,150x100mm Galvanised Trunking 90 Deg Internal Bend,Trunking,Custom,,Number,1.0,,
D7D0BB44-76FC-5AA1-962D-343A1D644284,150x100mm Galvanised Trunking 90 Deg External Bend,Trunking,Custom,,Number,1.0,,
CABDAFE0-4A48-5932-98FD-6DB44159345D,150x100mm Galvanised Trunking End Cap,Trunking,Custom,,Number,1.0,,
66EBAF59-60AC-5073-BD89-658973672732,150x100mm Galvanised Trunking Coupler,Trunking,Custom,,Number,1.0,,
520BFD69-4F85-545F-BEAF-1F2569C188BC,150x150mm Galvanised Trunking 90 Deg Flat Bend,Trunking,Custom,,Number,1.0,,
3E07344B-AF26-565F-A4E1-C03BCE6B0557,150x150mm Galvanised Trunking Equal Tee,Trunking,Custom,,Number,1.0,,
50C65EEB-843B-5B2A-AFD4-7E70B9A34017,150x150mm Galvanised Trunking 4-Way Cross,Trunking,Custom,,Number,1.0,,
E929923E-F1AB-5CE3-AAB8-DD66C3C8117A,150x150mm Galvanised Trunking 90 Deg Internal Bend,Trunking,Custom,,Number,1.0,,
10ECB2E8-CAF2-5BF3-B484-789EC1E858B0,150x150mm Galvanised Trunking 90 Deg External Bend,Trunking,Custom,,Number,1.0,,
60E77FF6-B7CC-5E3A-830E-FF2411C7D6CC,150x150mm Galvanised Trunking End Cap,Trunking,Custom,,Number,1.0,,
B301E052-CAB7-53EB-AB23-1202C5B1D25C,150x150mm Galvanised Trunking Coupler,Trunking,Custom,,Number,1.0,,
388D4F89-0ABC-5A3C-8433-5649742FC156,225x150mm Galvanised Trunking 90 Deg Flat Bend,Trunking,Custom,,Number,1.0,,
3069F116-5D7D-52AA-9AE1-795047639A53,225x150mm Galvanised Trunking Equal Tee,Trunking,Custom,,Number,1.0,,
3DB93429-FC51-53E8-9F2F-0F6B83AF6883,225x150mm Galvanised Trunking 4-Way Cross,Trunking,Custom,,Number,1.0,,
91C0AEF5-FA3B-5F62-94FB-C2904B9068EF,225x150mm Galvanised Trunking 90 Deg Internal Bend,Trunking,Custom,,Number,1.0,,
09139971-DAC3-5637-AC2E-B548FD824AE4,225x150mm Galvanised Trunking 90 Deg External Bend,Trunking,Custom,,Number,1.0,,
FF7F94CD-9E38-530C-BD5D-468474B73758,225x150mm Galvanised Trunking End Cap,Trunking,Custom,,Number,1.0,,
BBE661C4-521F-5BDE-A10B-1974C9A5D34F,225x150mm Galvanised Trunking Coupler,Trunking,Custom,,Number,1.0,,
4FAF7314-26D9-5E62-A4F5-AE107B9FE8B7,300x150mm Galvanised Trunking 90 Deg Flat Bend,Trunking,Custom,,Number,1.0,,
AE184672-1BB4-5BFD-A602-1C21486EC8F8,300x150mm Galvanised Trunking Equal Tee,Trunking,Custom,,Number,1.0,,
CD6B84FC-C60D-5FFB-87D5-AB52F0BC28B4,300x150mm Galvanised Trunking 4-Way Cross,Trunking,Custom,,Number,1.0,,
D8B877E3-CFF7-563B-A442-C9D830FCD629,300x150mm Galvanised Trunking 90 Deg Internal Bend,Trunking,Custom,,Number,1.0,,
4873DFF0-89E8-5237-91E0-B3338A2AD46B,300x150mm Galvanised Trunking 90 Deg External Bend,Trunking,Custom,,Number,1.0,,
F2209F93-4C9B-5338-98CD-041C9CCAF304,300x150mm Galvanised Trunking End Cap,Trunking,Custom,,Number,1.0,,
69BF11C0-2ED7-5005-8E7D-99F769F50276,300x150mm Galvanised Trunking Coupler,Trunking,Custom,,Number,1.0,,
B78DCB78-A3DB-554D-822B-62354D64FDA1,Galvanised Trunking Earth Link,Trunking,Custom,,Number,1.0,,
19476C4E-527A-5D7C-85CE-BEADCA6A4E08,Galvanised Trunking Cable Retainer,Trunking,Custom,,Number,1.0,,
A6F52F1F-F04D-5BAD-9143-67BBF3A23FF2,50x50mm PVC Maxi Trunking White - 3m,Trunking,Custom,,Length,,3,M
F06B1981-D897-5FBD-89BD-C0F957762331,75x75mm PVC Maxi Trunking White - 3m,Trunking,Custom,,Length,,3,M
89595C19-0D99-5DB9-9FCA-03AE3555712C,100x50mm PVC Maxi Trunking White - 3m,Trunking,Custom,,Length,,3,M
D76CCF7A-4368-56FF-8A62-928DA050805E,100x100mm PVC Maxi Trunking White - 3m,Trunking,Custom,,Length,,3,M
33E476B6-EFC2-5AB1-ACCF-40FC526348AB,150x150mm PVC Maxi Trunking White - 3m,Trunking,Custom,,Length,,3,M
0445244C-D56D-5FCC-8243-A93755A2DBA7,50x50mm PVC Maxi Trunking Flat Angle White,Trunking,Custom,,Number,1.0,,
EE869C6A-3198-5DC9-82A7-4EF984B55DAA,50x50mm PVC Maxi Trunking Internal Angle White,Trunking,Custom,,Number,1.0,,
AC01D141-5E92-5DE5-AE47-71FED3653AF3,50x50mm PVC Maxi Trunking External Angle White,Trunking,Custom,,Number,1.0,,
CB7C0F55-5179-5C56-B7E9-2A95D0AA78AF,50x50mm PVC Maxi Trunking Tee White,Trunking,Custom,,Number,1.0,,
FC88D558-5F96-5DD8-BF3D-55E39F153D51,50x50mm PVC Maxi Trunking End Cap White,Trunking,Custom,,Number,1.0,,
1C9A0D46-B5C7-50FC-B14B-43C96C7AF3ED,50x50mm PVC Maxi Trunking Coupler White,Trunking,Custom,,Number,1.0,,
65C1A3C8-52D0-54FD-BAAE-8437FEE35E02,75x75mm PVC Maxi Trunking Flat Angle White,Trunking,Custom,,Number,1.0,,
4CB3A8A5-21B3-5BEB-9248-7B31EC8D18E1,75x75mm PVC Maxi Trunking Internal Angle White,Trunking,Custom,,Number,1.0,,
07537650-098C-517C-B4F7-B63A8A4D9C13,75x75mm PVC Maxi Trunking External Angle White,Trunking,Custom,,Number,1.0,,
7BBE1A8D-4769-53C2-8DCB-CE0918687332,75x75mm PVC Maxi Trunking Tee White,Trunking,Custom,,Number,1.0,,
EA0ADB50-E730-5F96-8EA5-97F57DC2AC67,75x75mm PVC Maxi Trunking End Cap White,Trunking,Custom,,Number,1.0,,
536EFF30-2941-592F-B0D4-3F7C5B4BE697,75x75mm PVC Maxi Trunking Coupler White,Trunking,Custom,,Number,1.0,,
E83897E9-3DD1-5CE7-9ED4-0E2CA4802549,100x50mm PVC Maxi Trunking Flat Angle White,Trunking,Custom,,Number,1.0,,
D48F324F-AEB6-545A-9325-671796CC95B5,100x50mm PVC Maxi Trunking Internal Angle White,Trunking,Custom,,Number,1.0,,
FE74FFC6-1253-5E2B-887A-46442ED9001E,100x50mm PVC Maxi Trunking External Angle White,Trunking,Custom,,Number,1.0,,
79EC942E-C802-5890-89DD-3776E943EEBD,100x50mm PVC Maxi Trunking Tee White,Trunking,Custom,,Number,1.0,,
505A5141-1A8D-5B0E-A642-629EC2219DD0,100x50mm PVC Maxi Trunking End Cap White,Trunking,Custom,,Number,1.0,,
08ED18F7-7C53-5959-9617-A47CA48BB2CB,100x50mm PVC Maxi Trunking Coupler White,Trunking,Custom,,Number,1.0,,
E2886CCF-1B8B-5ED3-960C-44CF01A8AA7B,100x100mm PVC Maxi Trunking Flat Angle White,Trunking,Custom,,Number,1.0,,
0A727F44-6A5B-5B97-9541-F7DEDF862242,100x100mm PVC Maxi Trunking Internal Angle White,Trunking,Custom,,Number,1.0,,
67E551D1-5666-534F-A02E-AB2DF86690DA,100x100mm PVC Maxi Trunking External Angle White,Trunking,Custom,,Number,1.0,,
3FB16663-14D1-5719-BA44-7105973568CD,100x100mm PVC Maxi Trunking Tee White,Trunking,Custom,,Number,1.0,,
FA26F57A-01F4-562F-A1F5-AA1493491F35,100x100mm PVC Maxi Trunking End Cap White,Trunking,Custom,,Number,1.0,,
0FC3B349-6FA6-59F7-AE8B-DF6C46D52E5B,100x100mm PVC Maxi Trunking Coupler White,Trunking,Custom,,Number,1.0,,
8E191C87-A2E8-55C9-B381-7235CFF3B0D1,150x150mm PVC Maxi Trunking Flat Angle White,Trunking,Custom,,Number,1.0,,
6A5EC4F3-5D1B-5DDA-8D61-16744020B2DC,150x150mm PVC Maxi Trunking Internal Angle White,Trunking,Custom,,Number,1.0,,
82B7B524-8DA9-5D55-8F0F-22DC80B21008,150x150mm PVC Maxi Trunking External Angle White,Trunking,Custom,,Number,1.0,,
75139F12-CD96-5B18-A7E9-265539424181,150x150mm PVC Maxi Trunking Tee White,Trunking,Custom,,Number,1.0,,
61258D11-20D2-5F94-9176-41E5AA00595A,150x150mm PVC Maxi Trunking End Cap White,Trunking,Custom,,Number,1.0,,
4E944DF4-D330-5267-BBE5-205DA4FB4D30,150x150mm PVC Maxi Trunking Coupler White,Trunking,Custom,,Number,1.0,,
40E656A6-050E-5B68-92C9-2AF318D6FFB7,16x16mm PVC Mini Trunking White Self Adhesive - 3m,Trunking,Custom,,Length,,3,M
E2D2CF14-DAFF-5313-95AD-6E45D4DD4A74,25x16mm PVC Mini Trunking White Self Adhesive - 3m,Trunking,Custom,,Length,,3,M
58249D78-77CD-5B0F-BCFD-1974B87503C0,25x25mm PVC Mini Trunking White Self Adhesive - 3m,Trunking,Custom,,Length,,3,M
1C642D58-857D-5640-8EA7-67FB78184B3B,38x16mm PVC Mini Trunking White Self Adhesive - 3m,Trunking,Custom,,Length,,3,M
AE804D2D-B138-58AA-976F-E2B5D4400509,38x25mm PVC Mini Trunking White Self Adhesive - 3m,Trunking,Custom,,Length,,3,M
BB5FE1A8-7D7A-5948-AAED-FDC8838B5CDA,40x25mm PVC Mini Trunking White Self Adhesive - 3m,Trunking,Custom,,Length,,3,M
B12026ED-DFA7-599E-A181-4F3EF4B480D8,40x40mm PVC Mini Trunking White Self Adhesive - 3m,Trunking,Custom,,Length,,3,M
EE312590-6E0E-5B44-B6ED-790DE13680B4,16x16mm PVC Mini Trunking Flat Angle White,Trunking,Custom,,Number,1.0,,
5574495B-E170-5B4C-99E1-6F21DA1140E7,16x16mm PVC Mini Trunking Internal Angle White,Trunking,Custom,,Number,1.0,,
ECE97D80-B583-549C-AACD-521F596EA597,16x16mm PVC Mini Trunking External Angle White,Trunking,Custom,,Number,1.0,,
A0941CB8-1BA5-56FA-A227-F4DA42644D9E,16x16mm PVC Mini Trunking Tee White,Trunking,Custom,,Number,1.0,,
022A9961-871A-5B85-A24F-8DFBC0BFACF0,16x16mm PVC Mini Trunking End Cap White,Trunking,Custom,,Number,1.0,,
A44079A5-E443-559A-8D7F-D0373306E6CD,25x16mm PVC Mini Trunking Flat Angle White,Trunking,Custom,,Number,1.0,,
EB10AC97-E114-5153-AC75-C35BBCD5890A,25x16mm PVC Mini Trunking Internal Angle White,Trunking,Custom,,Number,1.0,,
C9011D42-01C8-56E4-8C80-FC055A902B11,25x16mm PVC Mini Trunking External Angle White,Trunking,Custom,,Number,1.0,,
F5ECAEC2-E3ED-5518-90B6-3F02558C18A2,25x16mm PVC Mini Trunking Tee White,Trunking,Custom,,Number,1.0,,
C1331C20-335B-51E5-AA55-3CF67758A1D5,25x16mm PVC Mini Trunking End Cap White,Trunking,Custom,,Number,1.0,,
FF56F0BC-BE78-5970-863B-7CF178186B7D,25x25mm PVC Mini Trunking Flat Angle White,Trunking,Custom,,Number,1.0,,
FD34681C-C4F2-554D-A24A-34A5DC4D78E2,25x25mm PVC Mini Trunking Internal Angle White,Trunking,Custom,,Number,1.0,,
10E211FC-AC49-553C-A0CA-E0DBB49E105B,25x25mm PVC Mini Trunking External Angle White,Trunking,Custom,,Number,1.0,,
69E25858-51E8-51DE-B464-3DCABA4CB907,25x25mm PVC Mini Trunking Tee White,Trunking,Custom,,Number,1.0,,
3E031D79-1FBD-580A-BCD7-41BACE027BCB,25x25mm PVC Mini Trunking End Cap White,Trunking,Custom,,Number,1.0,,
CF9586A7-0E46-5420-A740-F1FBFBD327FF,38x16mm PVC Mini Trunking Flat Angle White,Trunking,Custom,,Number,1.0,,
F8BBC26E-AC90-5A69-8450-AEC4019C15FB,38x16mm PVC Mini Trunking Internal Angle White,Trunking,Custom,,Number,1.0,,
643B391C-5D5E-5542-89F6-1BD152FBADF7,38x16mm PVC Mini Trunking External Angle White,Trunking,Custom,,Number,1.0,,
E5D8624D-C663-5A27-9EB5-70406B8098E5,38x16mm PVC Mini Trunking Tee White,Trunking,Custom,,Number,1.0,,
82B1A79E-60C0-5CAC-847C-C9D5ACB7F05C,38x16mm PVC Mini Trunking End Cap White,Trunking,Custom,,Number,1.0,,
531C5816-E963-58D0-A152-5F64817DCEBA,38x25mm PVC Mini Trunking Flat Angle White,Trunking,Custom,,Number,1.0,,
2C690322-53D1-5DD3-BECB-655C3C2BBE1E,38x25mm PVC Mini Trunking Internal Angle White,Trunking,Custom,,Number,1.0,,
FBC6A05B-3D3C-5989-AFE1-CCEA339E9CE8,38x25mm PVC Mini Trunking External Angle White,Trunking,Custom,,Number,1.0,,
DDD415B1-9FB3-5496-B23C-9B5367E3F658,38x25mm PVC Mini Trunking Tee White,Trunking,Custom,,Number,1.0,,
CE8A9F22-17EA-58B1-BF53-078EC7E3B306,38x25mm PVC Mini Trunking End Cap White,Trunking,Custom,,Number,1.0,,
28121048-2433-51D2-908C-8E5F5BA1A4D3,40x25mm PVC Mini Trunking Flat Angle White,Trunking,Custom,,Number,1.0,,
59B67994-054A-5293-9681-BD9412C14FAD,40x25mm PVC Mini Trunking Internal Angle White,Trunking,Custom,,Number,1.0,,
89254D06-73B8-5C2D-A395-C3A7D29A9F00,40x25mm PVC Mini Trunking External Angle White,Trunking,Custom,,Number,1.0,,
392993BE-C00C-59B9-BEAC-ACD52F6CCCD6,40x25mm PVC Mini Trunking Tee White,Trunking,Custom,,Number,1.0,,
F0E77D3A-532D-501D-8879-6CD0050A7589,40x25mm PVC Mini Trunking End Cap White,Trunking,Custom,,Number,1.0,,
E1DED0C3-9FD0-5840-B142-BEA9CC196665,40x40mm PVC Mini Trunking Flat Angle White,Trunking,Custom,,Number,1.0,,
A05AAC07-0CDA-5EAA-A696-E5E3B34F6D38,40x40mm PVC Mini Trunking Internal Angle White,Trunking,Custom,,Number,1.0,,
0E8B055D-40B4-567A-8424-387D3AE0DA45,40x40mm PVC Mini Trunking External Angle White,Trunking,Custom,,Number,1.0,,
5410270D-C7F0-5201-9221-81DAC4B91D44,40x40mm PVC Mini Trunking Tee White,Trunking,Custom,,Number,1.0,,
B2FD1367-40BF-54F3-AFF1-43DBC5B5C163,40x40mm PVC Mini Trunking End Cap White,Trunking,Custom,,Number,1.0,,
864B4965-415D-57AB-B30E-A86AAD4C8E7E,PVC Dado Trunking 3 Compartment White - 3m,Trunking,Custom,,Length,,3,M
D89ED398-4E5B-57E5-8514-ED6AB165587B,Aluminium Dado Trunking 3 Compartment - 3m,Trunking,Custom,,Length,,3,M
8F44AF33-492E-5B34-B508-EDE03BCC42EB,PVC Dado Trunking Internal Bend White,Trunking,Custom,,Number,1.0,,
1F2C2FC2-482D-5395-9C8E-2A690E34AC73,PVC Dado Trunking External Bend White,Trunking,Custom,,Number,1.0,,
21B26247-D471-584A-9CA4-939977B4E936,PVC Dado Trunking Flat Bend White,Trunking,Custom,,Number,1.0,,
CD5CB523-BF39-57C3-8AD2-8397189149DC,PVC Dado Trunking End Cap White,Trunking,Custom,,Number,1.0,,
FFF95A41-D064-515E-B345-57DD99BE3BD9,PVC Dado Trunking Coupler White,Trunking,Custom,,Number,1.0,,
5DF39D4B-9557-51BF-A508-FE7D6F00D32F,PVC Dado Trunking Single Socket Box White,Trunking,Custom,,Number,1.0,,
B3BCA625-59A3-5235-9585-EAB673FB6C72,PVC Dado Trunking Twin Socket Box White,Trunking,Custom,,Number,1.0,,
7953E7A4-9E16-56F1-9F1C-E3C8F06AC342,PVC Dado Trunking Compartment Divider White,Trunking,Custom,,Number,1.0,,
5C2DAAE6-1C8C-597B-94B7-59D9FEA9B338,20mm PVC Conduit Heavy Gauge White - 3m,Conduit,Custom,,Length,,3,M
E7746A8C-D1B5-5023-978A-A090713C6F78,20mm PVC Conduit Heavy Gauge Black - 3m,Conduit,Custom,,Length,,3,M
59FB7870-F584-52E1-A209-E68509E2A19C,25mm PVC Conduit Heavy Gauge White - 3m,Conduit,Custom,,Length,,3,M
6A9BE236-D15E-5308-ABFF-5B16DC53A073,25mm PVC Conduit Heavy Gauge Black - 3m,Conduit,Custom,,Length,,3,M
E792A9DA-DB5C-5672-8BCB-94BB3F5410DA,32mm PVC Conduit Heavy Gauge White - 3m,Conduit,Custom,,Length,,3,M
337E92EB-FCCF-5341-BE8F-AC7758B29155,32mm PVC Conduit Heavy Gauge Black - 3m,Conduit,Custom,,Length,,3,M
91F70FDE-3C8D-50DF-A3A7-E34AFB412762,16mm PVC Oval Conduit - 3m,Conduit,Custom,,Length,,3,M
A622DA2A-DA9B-54B5-9386-2ECCF4C819AF,20mm PVC Oval Conduit - 3m,Conduit,Custom,,Length,,3,M
CC6C33FE-E862-5693-98A3-82F4512560CD,25mm PVC Oval Conduit - 3m,Conduit,Custom,,Length,,3,M
D504818A-1BD0-5D0F-A1A0-4FECBECDD543,20mm PVC Conduit Coupler White,Conduit,Custom,,Number,1.0,,
AB3433F9-C886-5023-8F92-C62B5F2C68FD,20mm PVC Conduit Female Adaptor White,Conduit,Custom,,Number,1.0,,
39D8394D-3EE6-530E-B87C-C03A2DDBDFF7,20mm PVC Conduit Male Bush White,Conduit,Custom,,Number,1.0,,
ACE168B0-BC64-5622-8CC2-1FDFCA6EE3F4,20mm PVC Conduit Inspection Elbow White,Conduit,Custom,,Number,1.0,,
F0543756-74FF-56EF-91FF-ADDD2B913C12,20mm PVC Conduit Inspection Tee White,Conduit,Custom,,Number,1.0,,
96A31FE8-2FCC-5521-ACAE-9C81D2E7BF84,20mm PVC Conduit Expansion Coupler White,Conduit,Custom,,Number,1.0,,
090721BB-0EE3-538F-A0FF-85ED874CA494,20mm PVC Conduit 1 Way Terminal Box White,Conduit,Custom,,Number,1.0,,
FEB0E9CA-4579-5F6E-B747-843611B0543E,20mm PVC Conduit 2 Way Angle Box White,Conduit,Custom,,Number,1.0,,
868B3695-9A48-5E4F-B303-B61DCCDAAEBA,20mm PVC Conduit 2 Way Through Box White,Conduit,Custom,,Number,1.0,,
6389333D-D305-57FD-B15C-6E21D278BEFC,20mm PVC Conduit 3 Way Tee Box White,Conduit,Custom,,Number,1.0,,
EE673E0D-690A-5F2E-8200-3797120ADA8A,20mm PVC Conduit 4 Way Intersection Box White,Conduit,Custom,,Number,1.0,,
45B98983-6B79-5037-AD4E-0A62D4312806,20mm PVC Conduit Spacer Bar Saddle White,Conduit,Custom,,Number,1.0,,
CE8DFC15-5879-5CD0-804C-AF17A41C9119,20mm PVC Conduit Distance Saddle White,Conduit,Custom,,Number,1.0,,
77234EC6-8846-5312-A086-77D242E0581B,20mm PVC Conduit Saddle Clip White,Conduit,Custom,,Number,1.0,,
39054E38-4315-5711-B903-A752C85CA473,25mm PVC Conduit Coupler White,Conduit,Custom,,Number,1.0,,
F251B1DF-7872-5B78-818B-EEFE6E0A4920,25mm PVC Conduit Female Adaptor White,Conduit,Custom,,Number,1.0,,
9796AF11-D087-52E4-854E-280A8AC6C6EF,25mm PVC Conduit Male Bush White,Conduit,Custom,,Number,1.0,,
40756864-1790-5459-AC88-008BE85D4EB6,25mm PVC Conduit Inspection Elbow White,Conduit,Custom,,Number,1.0,,
436E880B-A916-5922-AA7C-22816C8EB280,25mm PVC Conduit Inspection Tee White,Conduit,Custom,,Number,1.0,,
E1B5764C-0A69-5EC8-8706-3CC54AA55E04,25mm PVC Conduit Expansion Coupler White,Conduit,Custom,,Number,1.0,,
1699820E-6384-5A62-97D6-A4C745C58D00,25mm PVC Conduit 1 Way Terminal Box White,Conduit,Custom,,Number,1.0,,
8760E76A-E093-5C03-84B5-F23C6352FA0C,25mm PVC Conduit 2 Way Angle Box White,Conduit,Custom,,Number,1.0,,
395E831D-8BA1-5EEC-8070-4192E25A077F,25mm PVC Conduit 2 Way Through Box White,Conduit,Custom,,Number,1.0,,
294F3A8B-0426-52C6-8E20-8B8AAE9DE013,25mm PVC Conduit 3 Way Tee Box White,Conduit,Custom,,Number,1.0,,
F6ED2417-7662-55EE-8483-CD2798946F36,25mm PVC Conduit 4 Way Intersection Box White,Conduit,Custom,,Number,1.0,,
E0200563-A561-534F-9FCD-1E27DDA1BECA,25mm PVC Conduit Spacer Bar Saddle White,Conduit,Custom,,Number,1.0,,
9287F08D-AA0B-5F7D-B57E-04F950994833,25mm PVC Conduit Distance Saddle White,Conduit,Custom,,Number,1.0,,
C7143BA9-EBD8-5951-95A2-D2F7694733E8,25mm PVC Conduit Saddle Clip White,Conduit,Custom,,Number,1.0,,
E22A7C22-8AFD-583F-988B-237FDE90B1CF,20mm PVC Conduit Coupler Black,Conduit,Custom,,Number,1.0,,
BC72069B-46D1-5EBB-9521-58963FDDB54B,20mm PVC Conduit Female Adaptor Black,Conduit,Custom,,Number,1.0,,
2B34F53E-9779-5368-A291-789CA5EC4D46,20mm PVC Conduit Inspection Elbow Black,Conduit,Custom,,Number,1.0,,
6E3EB9B0-36B8-50AD-B865-515C28E7B128,20mm PVC Conduit Inspection Tee Black,Conduit,Custom,,Number,1.0,,
E9EFF612-D80B-583C-8D66-B3A305BE5E58,20mm PVC Conduit 1 Way Terminal Box Black,Conduit,Custom,,Number,1.0,,
D24011A6-B9F1-58B6-9892-0E40FD0CAD78,20mm PVC Conduit 2 Way Angle Box Black,Conduit,Custom,,Number,1.0,,
C73056B3-84DE-5491-9432-AE96F0F27E10,20mm PVC Conduit 2 Way Through Box Black,Conduit,Custom,,Number,1.0,,
69AFC169-236A-5FC8-9DBA-52440740B8E8,20mm PVC Conduit 3 Way Tee Box Black,Conduit,Custom,,Number,1.0,,
130BF479-7EBD-56E0-9B86-784B649ADC39,20mm PVC Conduit Spacer Bar Saddle Black,Conduit,Custom,,Number,1.0,,
3B493080-4A8B-54C2-AADB-1B7BE33E80EC,25mm PVC Conduit Coupler Black,Conduit,Custom,,Number,1.0,,
62CEA688-5CF1-5341-B924-53633DA00626,25mm PVC Conduit Female Adaptor Black,Conduit,Custom,,Number,1.0,,
2D92F997-F458-5B96-A274-2799FA918984,25mm PVC Conduit Inspection Elbow Black,Conduit,Custom,,Number,1.0,,
1FA35CC4-AC7E-54A6-961D-AB06ECA95101,25mm PVC Conduit Inspection Tee Black,Conduit,Custom,,Number,1.0,,
D33F5730-AE2F-5164-9F5C-554F71871858,25mm PVC Conduit 1 Way Terminal Box Black,Conduit,Custom,,Number,1.0,,
0DF3066A-CA6C-5A19-9549-E9DFED7209AF,25mm PVC Conduit 2 Way Angle Box Black,Conduit,Custom,,Number,1.0,,
6FC0E19F-563E-50A3-86C6-0BD8E929F929,25mm PVC Conduit 2 Way Through Box Black,Conduit,Custom,,Number,1.0,,
36EA395B-DCFD-5E5D-8627-11C42E8664FC,25mm PVC Conduit 3 Way Tee Box Black,Conduit,Custom,,Number,1.0,,
41789793-CFDA-55CA-A06C-E561E469A8E8,25mm PVC Conduit Spacer Bar Saddle Black,Conduit,Custom,,Number,1.0,,
025F8881-5032-5784-BF6E-B7BD2EFBD75A,32mm PVC Conduit Coupler White,Conduit,Custom,,Number,1.0,,
BC25259D-0D8F-5462-8BE9-076768D0AEDF,32mm PVC Conduit Female Adaptor White,Conduit,Custom,,Number,1.0,,
E7B4F2C7-27A7-58A4-9404-E8BD3DEA01BA,32mm PVC Conduit Inspection Elbow White,Conduit,Custom,,Number,1.0,,
8DF80AB2-269D-5674-8DA0-946F408BCBED,32mm PVC Conduit Inspection Tee White,Conduit,Custom,,Number,1.0,,
7B60259E-82F8-5BE8-B5B8-582B6DACDAD4,32mm PVC Conduit 1 Way Terminal Box White,Conduit,Custom,,Number,1.0,,
C1DDF26E-F224-568B-84CC-9B10E6743CC0,32mm PVC Conduit 2 Way Through Box White,Conduit,Custom,,Number,1.0,,
A145839B-F330-505E-834D-C7C1ECB8E29C,32mm PVC Conduit 2 Way Angle Box White,Conduit,Custom,,Number,1.0,,
2D96550B-6DF4-5E4E-9CE9-C15F8E9B21E8,32mm PVC Conduit 3 Way Tee Box White,Conduit,Custom,,Number,1.0,,
AFAD4E0E-5014-5ABF-94AB-93F740076554,32mm PVC Conduit Spacer Bar Saddle White,Conduit,Custom,,Number,1.0,,
EDBD3C1E-DBD4-5A52-A2C7-FE205AC56D31,PVC Conduit Box Lid White,Conduit,Custom,,Number,1.0,,
2B837B3E-EC6F-5514-91A6-82F977409F2E,PVC Conduit Box Lid Black,Conduit,Custom,,Number,1.0,,
1E383818-8BDF-51AD-B9FD-D09A23E2CB15,Conduit Box Lid Screws M4,Conduit,Custom,,Box,,,
7573D630-5CA0-592C-8804-09EFCFA1062A,20mm Galvanised Steel Conduit Class 4 - 3.75m,Conduit,Custom,,Length,,3.75,M
7175FB3C-7F7A-5B94-B33E-673316BB2906,25mm Galvanised Steel Conduit Class 4 - 3.75m,Conduit,Custom,,Length,,3.75,M
A3701128-E445-521D-8F8D-299853BDC8D0,32mm Galvanised Steel Conduit Class 4 - 3.75m,Conduit,Custom,,Length,,3.75,M
A4AAE694-0D0F-5FD7-9FBF-713442B778B6,20mm Black Enamel Steel Conduit Class 2 - 3.75m,Conduit,Custom,,Length,,3.75,M
1B9DE3DE-2DD0-5653-94DE-22EF03EBE135,25mm Black Enamel Steel Conduit Class 2 - 3.75m,Conduit,Custom,,Length,,3.75,M
75EDBE4B-9367-51ED-AE17-721EB2A8B4ED,20mm Galvanised Conduit Coupler,Conduit,Custom,,Number,1.0,,
47D516D3-FDB8-51A5-9CC7-5EE52F83AC9B,20mm Galvanised Conduit Brass Male Bush Short,Conduit,Custom,,Number,1.0,,
B6E7921C-FED0-5BC5-90E1-D7D8EE6392A4,20mm Galvanised Conduit Brass Male Bush Long,Conduit,Custom,,Number,1.0,,
C22283D7-3FDA-5896-87AC-BF48E5A64CF2,20mm Galvanised Conduit Lock Ring,Conduit,Custom,,Number,1.0,,
FBA36AFB-3ACD-5D37-9571-0E1D626C3EAC,20mm Galvanised Conduit Inspection Elbow,Conduit,Custom,,Number,1.0,,
7ECEB6E4-2E69-58B2-8A5C-D6769EF38509,20mm Galvanised Conduit Inspection Tee,Conduit,Custom,,Number,1.0,,
1FFFDA27-E542-55D7-A664-05A5DDA550B6,20mm Galvanised Conduit 1 Way Terminal Box,Conduit,Custom,,Number,1.0,,
FB7B6742-94E2-5109-8E66-E0891B30257C,20mm Galvanised Conduit 2 Way Angle Box,Conduit,Custom,,Number,1.0,,
7FAEB592-9C82-590C-AB7E-A64F26624D80,20mm Galvanised Conduit 2 Way Through Box,Conduit,Custom,,Number,1.0,,
0B59D6B6-D6E5-5E2F-B4CE-86510C99CB4C,20mm Galvanised Conduit 3 Way Tee Box,Conduit,Custom,,Number,1.0,,
E3ACB656-DA88-5974-839E-174F5E9D3724,20mm Galvanised Conduit 4 Way Intersection Box,Conduit,Custom,,Number,1.0,,
44FFB56C-BBF7-5751-9C64-DFFE60006DEE,20mm Galvanised Conduit Spacer Bar Saddle,Conduit,Custom,,Number,1.0,,
36DF59A4-95E4-5C43-90EA-4F254B348C5E,20mm Galvanised Conduit Distance Saddle,Conduit,Custom,,Number,1.0,,
971C01C8-148D-53B4-A2A1-29C517470083,25mm Galvanised Conduit Coupler,Conduit,Custom,,Number,1.0,,
30E81582-26E3-526F-AB83-F20E85092D37,25mm Galvanised Conduit Brass Male Bush Short,Conduit,Custom,,Number,1.0,,
22987204-D7DC-5DDD-ACD1-AE1720F182C5,25mm Galvanised Conduit Brass Male Bush Long,Conduit,Custom,,Number,1.0,,
AE7C36F5-92EA-5FC0-AAB4-9C8854E49D16,25mm Galvanised Conduit Lock Ring,Conduit,Custom,,Number,1.0,,
8D85ED8E-AD83-5E35-B1D0-08C9CB39A91B,25mm Galvanised Conduit Inspection Elbow,Conduit,Custom,,Number,1.0,,
DD3C606C-2189-5CA6-BAF2-F3B256E62416,25mm Galvanised Conduit Inspection Tee,Conduit,Custom,,Number,1.0,,
B89728A9-CEEF-510F-A14F-CEFECE3E2E1E,25mm Galvanised Conduit 1 Way Terminal Box,Conduit,Custom,,Number,1.0,,
E5F1B95B-6BFC-5CE0-8108-3EAEC5D7909E,25mm Galvanised Conduit 2 Way Angle Box,Conduit,Custom,,Number,1.0,,
B75B2118-7EBB-5795-A4DF-1650752AD19C,25mm Galvanised Conduit 2 Way Through Box,Conduit,Custom,,Number,1.0,,
DF259EF3-03DE-5BBD-B6E5-68C9E1660E16,25mm Galvanised Conduit 3 Way Tee Box,Conduit,Custom,,Number,1.0,,
65D544AB-1366-5DD0-B863-56C34C76E13A,25mm Galvanised Conduit 4 Way Intersection Box,Conduit,Custom,,Number,1.0,,
CFE37911-F015-5F9C-BC32-F59DE351ADAB,25mm Galvanised Conduit Spacer Bar Saddle,Conduit,Custom,,Number,1.0,,
870D96CE-B7A7-51AA-A94A-F16E7546966E,25mm Galvanised Conduit Distance Saddle,Conduit,Custom,,Number,1.0,,
27312208-AE61-5D0A-909D-1A527EDE8CC4,32mm Galvanised Conduit Coupler,Conduit,Custom,,Number,1.0,,
4329A503-2B9B-5468-ACDE-979FA47775F9,32mm Galvanised Conduit Brass Male Bush Short,Conduit,Custom,,Number,1.0,,
2AC0DA78-DB4B-52D5-8DEC-408E7529AB60,32mm Galvanised Conduit Lock Ring,Conduit,Custom,,Number,1.0,,
19475C14-45F8-598F-BB27-1539E2210634,32mm Galvanised Conduit Inspection Elbow,Conduit,Custom,,Number,1.0,,
B4DF863A-C64C-5D76-B909-42C61362D4CF,32mm Galvanised Conduit Inspection Tee,Conduit,Custom,,Number,1.0,,
56B62934-EC1D-5C41-908E-1CFB915071D9,32mm Galvanised Conduit 2 Way Through Box,Conduit,Custom,,Number,1.0,,
124DF55D-146C-5F2E-B57E-6CDAFEEDD275,32mm Galvanised Conduit Spacer Bar Saddle,Conduit,Custom,,Number,1.0,,
E94454DA-F4C7-5FE0-B8A4-EF714987A141,20mm Black Enamel Conduit Coupler,Conduit,Custom,,Number,1.0,,
6BD84992-4D57-5BAA-87E7-9127DEBCDE73,20mm Black Enamel Conduit Inspection Elbow,Conduit,Custom,,Number,1.0,,
D2FD2DA5-A253-56D5-918D-65D4B44B109B,20mm Black Enamel Conduit Inspection Tee,Conduit,Custom,,Number,1.0,,
FB8F63A1-F661-5269-B3EE-2AB7EFF80ADF,20mm Black Enamel Conduit 1 Way Terminal Box,Conduit,Custom,,Number,1.0,,
4734E5F1-A48A-5BCD-9282-69A632719023,20mm Black Enamel Conduit 2 Way Angle Box,Conduit,Custom,,Number,1.0,,
EDF25F85-ECDE-5382-9127-73F7DA7B4169,20mm Black Enamel Conduit 2 Way Through Box,Conduit,Custom,,Number,1.0,,
1F98C221-3199-5486-B0F8-A1568CCB9E04,20mm Black Enamel Conduit 3 Way Tee Box,Conduit,Custom,,Number,1.0,,
50A8B237-A189-58E3-8D5D-D37E6F8EB2B8,20mm Black Enamel Conduit 4 Way Intersection Box,Conduit,Custom,,Number,1.0,,
8810F6BD-A8E9-56EF-A899-E480701ACF46,20mm Black Enamel Conduit Spacer Bar Saddle,Conduit,Custom,,Number,1.0,,
E3FC1961-777E-57CD-B802-78E2805E3351,25mm Black Enamel Conduit Coupler,Conduit,Custom,,Number,1.0,,
72C0087F-12D8-5C26-AAA2-B25698822A9B,25mm Black Enamel Conduit Inspection Elbow,Conduit,Custom,,Number,1.0,,
44F8BF8F-1F0D-5C17-8035-146B3311AF64,25mm Black Enamel Conduit Inspection Tee,Conduit,Custom,,Number,1.0,,
55AF08F2-DDEA-5509-9A94-226693831214,25mm Black Enamel Conduit 1 Way Terminal Box,Conduit,Custom,,Number,1.0,,
F7B68F07-B2B5-57CB-AF3E-2D77F872A384,25mm Black Enamel Conduit 2 Way Angle Box,Conduit,Custom,,Number,1.0,,
9841E2DD-860D-5E46-8498-A35694066DF6,25mm Black Enamel Conduit 2 Way Through Box,Conduit,Custom,,Number,1.0,,
7E045678-6500-5711-9120-FE96B041D484,25mm Black Enamel Conduit 3 Way Tee Box,Conduit,Custom,,Number,1.0,,
B00F8C2E-1F81-5E05-BF5B-6987A564AC45,25mm Black Enamel Conduit 4 Way Intersection Box,Conduit,Custom,,Number,1.0,,
4785CEE2-7429-5248-B3D6-69B41F192394,25mm Black Enamel Conduit Spacer Bar Saddle,Conduit,Custom,,Number,1.0,,
862DE5B2-50DF-51BB-A5C6-B08DE6716D22,25-20mm Galvanised Conduit Reducer,Conduit,Custom,,Number,1.0,,
D32CA150-5602-5A5C-8EF5-8DC3FF54719E,Galvanised Conduit Box Lid,Conduit,Custom,,Number,1.0,,
870774ED-D0F8-579F-A9C5-E882AA2A4837,Black Enamel Conduit Box Lid,Conduit,Custom,,Number,1.0,,
1E838943-B58B-5A3C-B1A6-7E81017264F4,Conduit Box Gasket (Neoprene),Conduit,Custom,,Number,1.0,,
CBB81F23-E9B8-5647-805E-1B6DDD808B4A,20mm PVC Coated Steel Flexible Conduit (25m Coil),Conduit,Custom,,Drum,,25,M
27AA75C3-0E5B-5FF5-9B56-FE62AA4CA050,20mm Flexible Conduit Straight Male Adaptor (Metal),Conduit,Custom,,Number,1.0,,
0F20DD5B-614C-5DD4-881C-4F375255C9F7,20mm Flexible Conduit 90 Deg Male Adaptor (Metal),Conduit,Custom,,Number,1.0,,
04C439DC-BBAF-5A22-9E97-01C3A53A8311,25mm PVC Coated Steel Flexible Conduit (25m Coil),Conduit,Custom,,Drum,,25,M
6B88D53D-B203-59A0-AA6D-5101B8F96E0A,25mm Flexible Conduit Straight Male Adaptor (Metal),Conduit,Custom,,Number,1.0,,
107FAC93-8302-5924-A8C7-FAB8CE440E50,25mm Flexible Conduit 90 Deg Male Adaptor (Metal),Conduit,Custom,,Number,1.0,,
8A1049A2-66B1-5155-92B4-54D0B8A3AFC3,32mm PVC Coated Steel Flexible Conduit (25m Coil),Conduit,Custom,,Drum,,25,M
D50C5079-B081-584D-94EA-E2B8F2777208,32mm Flexible Conduit Straight Male Adaptor (Metal),Conduit,Custom,,Number,1.0,,
BFE99FAE-6749-5227-ACC0-2A343C6C28D2,32mm Flexible Conduit 90 Deg Male Adaptor (Metal),Conduit,Custom,,Number,1.0,,
3BB6D730-B3DD-51C4-B4FB-AD9B5D18F86D,20mm Nylon Flexible Conduit Black (25m Coil),Conduit,Custom,,Drum,,25,M
1365F73A-949F-52B5-A95E-9DE7E5765A19,20mm Nylon Flexible Conduit Fixed Male Adaptor,Conduit,Custom,,Number,1.0,,
93850450-438B-5A51-AE44-AF9649A538B8,25mm Nylon Flexible Conduit Black (25m Coil),Conduit,Custom,,Drum,,25,M
7806FBB6-EFC9-547E-A28D-C125E83A5798,25mm Nylon Flexible Conduit Fixed Male Adaptor,Conduit,Custom,,Number,1.0,,
59ED4807-C493-5C40-9359-263371C6F31E,20mm PVC Pliable Conduit Black (50m Coil),Conduit,Custom,,Drum,,50,M
DCA2D774-4D42-51CD-A5C8-3EEE1442E28D,25mm PVC Pliable Conduit Black (50m Coil),Conduit,Custom,,Drum,,50,M
EDDD0A50-C485-5E90-B583-E62D50BB9B15,32mm PVC Pliable Conduit Black (25m Coil),Conduit,Custom,,Drum,,25,M
14FD5124-A135-5788-8C5D-531A9BAC4E4D,1 Gang 2 Way Switch 10AX - White Moulded,Accessories,Custom,,Number,1.0,,
127755C1-AB68-5207-9F46-1CF75FE2870D,2 Gang 2 Way Switch 10AX - White Moulded,Accessories,Custom,,Number,1.0,,
0C54BA24-4A31-5F2D-8806-0B389057F2DF,3 Gang 2 Way Switch 10AX - White Moulded,Accessories,Custom,,Number,1.0,,
04D9CB52-3C40-5CDB-A5B8-DEAED8818384,4 Gang 2 Way Switch 10AX - White Moulded,Accessories,Custom,,Number,1.0,,
9ABD136E-C831-5178-8A4B-AE52EEEA9D90,1 Gang Intermediate Switch - White Moulded,Accessories,Custom,,Number,1.0,,
15FDE89D-47C1-5003-924D-FC99B13EF778,1 Gang Retractive (Push) Switch - White Moulded,Accessories,Custom,,Number,1.0,,
6482DF3F-E95E-5426-9007-C3E8452A5C46,1 Gang LED Dimmer Switch - White Moulded,Accessories,Custom,,Number,1.0,,
0E74CED5-2AF8-5743-9F6C-1D9A2C456EC9,2 Gang LED Dimmer Switch - White Moulded,Accessories,Custom,,Number,1.0,,
42AF7271-143F-5F69-948C-29E04811B1A5,13A 1 Gang Switched Socket - White Moulded,Accessories,Custom,,Number,1.0,,
502A652B-0661-5441-B289-6A07879AF6D4,13A 2 Gang Switched Socket - White Moulded,Accessories,Custom,,Number,1.0,,
0C6AA452-D5DB-5918-A681-351ED2B9FC7E,13A 2 Gang Switched Socket with USB A+C - White Moulded,Accessories,Custom,,Number,1.0,,
FDBC1100-3A03-5408-B68F-51C0308E9109,13A 1 Gang Unswitched Socket - White Moulded,Accessories,Custom,,Number,1.0,,
5CE9E394-D3E3-5B30-8A3A-D5CC26BD9DE4,13A Switched Fused Spur - White Moulded,Accessories,Custom,,Number,1.0,,
3110698C-96B8-5337-882C-3869EBCE5543,13A Unswitched Fused Spur - White Moulded,Accessories,Custom,,Number,1.0,,
BD04A2BC-2BFF-5F05-B293-696F89F9EC67,13A Switched Fused Spur with Neon - White Moulded,Accessories,Custom,,Number,1.0,,
40D5102B-3670-551A-836A-FA4E5D193A26,13A Switched Fused Spur with Flex Outlet - White Moulded,Accessories,Custom,,Number,1.0,,
3555FC7B-E88F-5DC0-9CDA-7AA24D3F3C71,20A DP Switch - White Moulded,Accessories,Custom,,Number,1.0,,
2901D15B-CC4C-54EA-BF7F-D43C9E5C8960,20A DP Switch with Neon - White Moulded,Accessories,Custom,,Number,1.0,,
0616C5AC-1CD2-548E-A203-2C664DCA0A59,20A DP Switch with Neon & Flex Outlet - White Moulded,Accessories,Custom,,Number,1.0,,
2BDF12AC-BC68-51C0-BA90-D95FA0C68CEB,45A DP Cooker Switch with Neon - White Moulded,Accessories,Custom,,Number,1.0,,
52AB0DB3-3338-594E-AEDC-3FE2C75523D7,45A Cooker Control Unit with 13A Socket - White Moulded,Accessories,Custom,,Number,1.0,,
FA642C12-7E81-5AE9-A00F-B07EC343BB3F,Fan Isolator Switch 3 Pole - White Moulded,Accessories,Custom,,Number,1.0,,
FB5881F1-1CEA-558E-9FD0-8B20AC735E9B,Shaver Socket Dual Voltage - White Moulded,Accessories,Custom,,Number,1.0,,
F1F76785-F0BB-571A-9682-DE0C6F8C649C,TV Coaxial Outlet Single - White Moulded,Accessories,Custom,,Number,1.0,,
0A5BD814-65B8-5680-98A5-4F15E325EFDD,TV Coaxial Outlet Twin - White Moulded,Accessories,Custom,,Number,1.0,,
14131AAD-6874-5024-9FAE-5DBE776BDA54,Blank Plate 1 Gang - White Moulded,Accessories,Custom,,Number,1.0,,
A6CF75FD-FDE3-572E-910F-3E2EC25C6698,Blank Plate 2 Gang - White Moulded,Accessories,Custom,,Number,1.0,,
BF6B0F02-B370-54A7-9B61-E46573C966E3,Flex Outlet Plate 20A - White Moulded,Accessories,Custom,,Number,1.0,,
D8FD885B-B90C-5082-A3D8-52D9132FF22B,45A Cooker Connection Unit - White Moulded,Accessories,Custom,,Number,1.0,,
9B9C2C82-0271-588B-BEE0-CF5596FE8C87,1 Gang 2 Way Switch 10AX - Brushed Stainless Steel,Accessories,Custom,,Number,1.0,,
88B40DC8-F0CF-58B2-8F5D-1E5F7B85818E,2 Gang 2 Way Switch 10AX - Brushed Stainless Steel,Accessories,Custom,,Number,1.0,,
5FFEC811-4409-5E4F-B03A-2BF0BE6D999E,3 Gang 2 Way Switch 10AX - Brushed Stainless Steel,Accessories,Custom,,Number,1.0,,
149BAB84-71AB-5666-84AE-8AEBFF924C7E,4 Gang 2 Way Switch 10AX - Brushed Stainless Steel,Accessories,Custom,,Number,1.0,,
C074E5BA-AC1F-5928-BD20-3A0B2753D098,1 Gang Intermediate Switch - Brushed Stainless Steel,Accessories,Custom,,Number,1.0,,
17C1BFF2-8C43-50A5-BBA4-1D1A144F8CE7,1 Gang Retractive (Push) Switch - Brushed Stainless Steel,Accessories,Custom,,Number,1.0,,
A73A7F6F-7C81-55D8-B2CE-67AB89C3A9E1,1 Gang LED Dimmer Switch - Brushed Stainless Steel,Accessories,Custom,,Number,1.0,,
2A0D23CE-8BAC-5822-9571-145974BD6A10,2 Gang LED Dimmer Switch - Brushed Stainless Steel,Accessories,Custom,,Number,1.0,,
FE597DA3-A5F3-53D9-B6A0-91C59253197B,13A 1 Gang Switched Socket - Brushed Stainless Steel,Accessories,Custom,,Number,1.0,,
24965E4C-4AFD-5052-96D7-702722750727,13A 2 Gang Switched Socket - Brushed Stainless Steel,Accessories,Custom,,Number,1.0,,
97114498-AF37-5673-8B46-7761C773ED8F,13A 2 Gang Switched Socket with USB A+C - Brushed Stainless Steel,Accessories,Custom,,Number,1.0,,
B2F4890E-646E-5FEA-9562-9E0D87270CB7,13A 1 Gang Unswitched Socket - Brushed Stainless Steel,Accessories,Custom,,Number,1.0,,
3E88D3F5-8CBD-50AE-BBBE-E1B56BF17B6C,13A Switched Fused Spur - Brushed Stainless Steel,Accessories,Custom,,Number,1.0,,
2ABD1641-785A-514B-9206-D77FC55D6154,13A Unswitched Fused Spur - Brushed Stainless Steel,Accessories,Custom,,Number,1.0,,
A9205B88-8D14-57A7-9784-D3E74A5A97C1,13A Switched Fused Spur with Neon - Brushed Stainless Steel,Accessories,Custom,,Number,1.0,,
9C5F65DD-D6DD-52BD-90E3-24B8238CF940,13A Switched Fused Spur with Flex Outlet - Brushed Stainless Steel,Accessories,Custom,,Number,1.0,,
F80E7434-1EC2-5640-8B88-65D3C71F3FB0,20A DP Switch - Brushed Stainless Steel,Accessories,Custom,,Number,1.0,,
A4652B91-7AFF-58BB-A183-D40E41ECDA57,20A DP Switch with Neon - Brushed Stainless Steel,Accessories,Custom,,Number,1.0,,
8B9373E4-4CAB-5962-831B-F6B9E476A29E,20A DP Switch with Neon & Flex Outlet - Brushed Stainless Steel,Accessories,Custom,,Number,1.0,,
C7F14862-182A-5BAB-A3CC-95EA6277518F,45A DP Cooker Switch with Neon - Brushed Stainless Steel,Accessories,Custom,,Number,1.0,,
A291A576-9354-5297-90DB-7AD3F97D7034,45A Cooker Control Unit with 13A Socket - Brushed Stainless Steel,Accessories,Custom,,Number,1.0,,
A8096CBF-955A-5BBA-AD69-1A3F6FF2D7B0,Fan Isolator Switch 3 Pole - Brushed Stainless Steel,Accessories,Custom,,Number,1.0,,
694E8DF5-37A8-5D09-9710-1FBF660D8621,Shaver Socket Dual Voltage - Brushed Stainless Steel,Accessories,Custom,,Number,1.0,,
3DB3FE51-DD22-577E-BB43-B9B1B7AD04F6,TV Coaxial Outlet Single - Brushed Stainless Steel,Accessories,Custom,,Number,1.0,,
C76E2FDE-818A-56C5-992A-5B782AF87298,TV Coaxial Outlet Twin - Brushed Stainless Steel,Accessories,Custom,,Number,1.0,,
D83BF66F-EF0B-5E59-99D0-63A5F877E3AB,Blank Plate 1 Gang - Brushed Stainless Steel,Accessories,Custom,,Number,1.0,,
5ACBBCFD-5A1B-571D-8939-A5ADFBCDE100,Blank Plate 2 Gang - Brushed Stainless Steel,Accessories,Custom,,Number,1.0,,
EA8B6D4C-74C4-5F89-848C-7C3DA8320F68,Flex Outlet Plate 20A - Brushed Stainless Steel,Accessories,Custom,,Number,1.0,,
A8BA8CEF-3C68-5EA7-A838-9486AE5770B3,45A Cooker Connection Unit - Brushed Stainless Steel,Accessories,Custom,,Number,1.0,,
D4BBB9BA-0471-5F10-AB69-ACE2D4808DDA,1 Gang 2 Way Switch - Metal Clad,Accessories,Custom,,Number,1.0,,
E2C5CAC9-5FCD-51E0-BFAE-3EEC4DCF6F4E,2 Gang 2 Way Switch - Metal Clad,Accessories,Custom,,Number,1.0,,
BCEFDB7B-5F42-5139-AAAD-0800D7A32FBE,13A 1 Gang Switched Socket - Metal Clad,Accessories,Custom,,Number,1.0,,
42BDE65C-5287-5BC0-ADDA-EC7D2DA619A4,13A 2 Gang Switched Socket - Metal Clad,Accessories,Custom,,Number,1.0,,
8EA3FB9B-B1BC-58D3-8457-B340C7B4132B,13A Switched Fused Spur - Metal Clad,Accessories,Custom,,Number,1.0,,
031ABEBC-A16E-534B-A855-9E7A5B57BB89,13A Unswitched Fused Spur - Metal Clad,Accessories,Custom,,Number,1.0,,
110F7D1C-897D-5BF1-A3BD-A435E32F3C85,20A DP Switch - Metal Clad,Accessories,Custom,,Number,1.0,,
3921A08C-A759-52E4-A242-DBA63F59B1CE,45A DP Switch - Metal Clad,Accessories,Custom,,Number,1.0,,
3662A7AE-97DA-5181-9093-541B9D57104F,Blank Plate 1 Gang - Metal Clad,Accessories,Custom,,Number,1.0,,
F3F6528F-B06A-5E12-8CF7-CE6352810570,Blank Plate 2 Gang - Metal Clad,Accessories,Custom,,Number,1.0,,
F48C24F1-D541-5855-9565-D2EA49DC08E9,Metal Clad Surface Back Box 1 Gang 32mm,Accessories,Custom,,Number,1.0,,
E713A9B2-3CBE-56E0-A8C8-20FDDBDB4E43,Metal Clad Surface Back Box 2 Gang 32mm,Accessories,Custom,,Number,1.0,,
B385096E-67A5-5FC4-A747-198F3CF1D0AE,13A 1 Gang Switched Socket - Weatherproof IP66,Accessories,Custom,,Number,1.0,,
65FDEE48-8EA2-5235-B1BC-F45639020FCC,13A 2 Gang Switched Socket - Weatherproof IP66,Accessories,Custom,,Number,1.0,,
7975A032-608F-5FDD-AA0F-2086A2278B07,1 Gang 2 Way Switch - Weatherproof IP66,Accessories,Custom,,Number,1.0,,
FB31209C-421D-5E0E-AA14-0CC0AACD3A16,13A Switched Fused Spur - Weatherproof IP66,Accessories,Custom,,Number,1.0,,
A3B076E3-7CCD-5FC9-9A88-3548AB1D955C,Flush Metal Back Box 1 Gang 16mm,Accessories,Custom,,Number,1.0,,
79569E56-573E-513B-8322-4A5B9CB11D41,Flush Metal Back Box 1 Gang 25mm,Accessories,Custom,,Number,1.0,,
CCF7216F-9072-5792-BAAD-390B8C733E87,Flush Metal Back Box 1 Gang 35mm,Accessories,Custom,,Number,1.0,,
B7077D45-9E86-5ED7-81D0-9EF344BEA307,Flush Metal Back Box 1 Gang 47mm,Accessories,Custom,,Number,1.0,,
3100B332-3906-518C-AD1D-E0A011BB99BB,Flush Metal Back Box 2 Gang 25mm,Accessories,Custom,,Number,1.0,,
2DFCFC41-A450-5848-9883-8D62A63F8134,Flush Metal Back Box 2 Gang 35mm,Accessories,Custom,,Number,1.0,,
2F1B0435-8E68-5C4C-9317-DB5054EB4285,Flush Metal Back Box 2 Gang 47mm,Accessories,Custom,,Number,1.0,,
73F79662-D99C-58B7-8030-D82DACF20DFF,Dry Lining Back Box 1 Gang 35mm,Accessories,Custom,,Number,1.0,,
C6942B12-223B-5400-B79D-534DC193D485,Dry Lining Back Box 1 Gang 47mm,Accessories,Custom,,Number,1.0,,
423B87FB-96B4-593E-B125-6414EA8D71AB,Dry Lining Back Box 2 Gang 35mm,Accessories,Custom,,Number,1.0,,
91AF6D31-91BD-591B-A861-D2661014C9BF,Dry Lining Back Box 2 Gang 47mm,Accessories,Custom,,Number,1.0,,
9D1DF2E9-28BE-5AD8-8B9E-D5D7A753370E,Surface Pattress Box 1 Gang 16mm White,Accessories,Custom,,Number,1.0,,
E05086BD-4FC5-5DED-9A9A-DD79A34DCBDF,Surface Pattress Box 1 Gang 30mm White,Accessories,Custom,,Number,1.0,,
B0144E97-4A74-5930-B713-E1D280F3CF7C,Surface Pattress Box 2 Gang 30mm White,Accessories,Custom,,Number,1.0,,
19B0064D-9617-5B22-9C53-1FDF2B8ABAAA,Surface Pattress Box 2 Gang 45mm White,Accessories,Custom,,Number,1.0,,
2796E6BD-5D31-5B54-B5A0-15B3294D46F0,Ceiling Rose Loop-In,Accessories,Custom,,Number,1.0,,
4E66020E-FF99-5D0F-871A-31EDFE65559D,Pendant Set (Lampholder & Flex),Accessories,Custom,,Number,1.0,,
C4E30886-1E7E-51D5-9D7B-68925FA84632,Batten Lampholder Straight B22,Accessories,Custom,,Number,1.0,,
54658D41-25A3-510D-960B-FE74A6E009FC,Batten Lampholder Angled B22,Accessories,Custom,,Number,1.0,,
691152C1-53D8-5416-88CC-EBCD6A7CE351,Junction Box 30A 4 Terminal,Accessories,Custom,,Number,1.0,,
C506F4B3-21AD-5F3B-AEB5-5D45C5054825,Junction Box 20A 3 Terminal,Accessories,Custom,,Number,1.0,,
039A8784-AE08-508E-BB91-CAEE291A2931,Maintenance Free Junction Box 32A,Accessories,Custom,,Number,1.0,,
5C76E91C-4163-5628-A1DA-111982988EEC,Ceiling Pull Cord Switch 6A 1 Way,Accessories,Custom,,Number,1.0,,
795EC277-EA70-54E0-B141-0D88C994F227,Ceiling Pull Cord Switch 45A DP with Neon,Accessories,Custom,,Number,1.0,,
78350115-C04C-5A4D-BE32-01494C1554A0,13A Plug Top White,Accessories,Custom,,Number,1.0,,
A8D6D068-68C1-5245-9297-8A8EED06C238,13A Plug Top Heavy Duty Rubber,Accessories,Custom,,Number,1.0,,
DEF8FB50-9975-5B3B-AD21-B0E2AE6CBD1B,16A 230V Industrial Plug (Blue),Accessories,Custom,,Number,1.0,,
77524233-C084-5723-9F84-495A8C8C9524,16A 230V Industrial Socket Surface IP44 (Blue),Accessories,Custom,,Number,1.0,,
8A9DA83A-F399-5B52-A3F3-6629A9EEEE96,32A 230V Industrial Plug (Blue),Accessories,Custom,,Number,1.0,,
B7FB500F-DE6E-52A1-BA71-0EE716874B44,32A 230V Industrial Socket Surface IP44 (Blue),Accessories,Custom,,Number,1.0,,
52AD6A7B-D58B-5DE1-9880-1C68FBD8830B,16A 400V 5 Pin Industrial Plug (Red),Accessories,Custom,,Number,1.0,,
9D776688-FC9F-57F7-9F70-E4477EE3F594,16A 400V 5 Pin Industrial Socket Surface (Red),Accessories,Custom,,Number,1.0,,
3DB8BDA6-E25F-5511-992C-EA0D32B9F799,32A 400V 5 Pin Industrial Plug (Red),Accessories,Custom,,Number,1.0,,
E6CE319D-547C-590B-9773-203C56AA5B44,32A 400V 5 Pin Industrial Socket Surface (Red),Accessories,Custom,,Number,1.0,,
E6D9A323-3B0C-58A6-970A-1E7AC5AF3405,16A 110V Industrial Plug (Yellow),Accessories,Custom,,Number,1.0,,
8ACB1D6F-6EB2-5858-B478-A3B935B80DD4,16A 110V Industrial Coupler (Yellow),Accessories,Custom,,Number,1.0,,
01E2D329-EA13-5400-AC24-FB344A8F0E47,32A 110V Industrial Plug (Yellow),Accessories,Custom,,Number,1.0,,
6DA54A98-3F17-5D92-B5E1-766B9AEE4B38,32A 110V Industrial Coupler (Yellow),Accessories,Custom,,Number,1.0,,
EFD011B9-6ADF-5C8B-83FF-4DD24B433C06,Floor Box 3 Compartment (Steel),Accessories,Custom,,Number,1.0,,
7A6F0341-A364-52F6-8389-B0F03FD2405E,Floor Box 4 Compartment (Steel),Accessories,Custom,,Number,1.0,,
C71AA21D-4865-5EFC-B0E4-09156B9AA823,Grid Switch Module 1 Way 20AX,Accessories,Custom,,Number,1.0,,
C4A7E4C5-AF27-59AD-A1D7-3503E7592F70,Grid Switch Module 2 Way 20AX,Accessories,Custom,,Number,1.0,,
82ED6F58-2A02-52F9-8019-E9BC6F477FF5,Grid Switch Module Intermediate,Accessories,Custom,,Number,1.0,,
D2200099-54E3-59E2-970E-AED1E9345B24,Grid Switch Module Retractive,Accessories,Custom,,Number,1.0,,
99B224D9-004D-5846-96F2-BA431E7524FF,Grid Switch Module Key Switch,Accessories,Custom,,Number,1.0,,
707739F3-545C-5605-9DA8-FBB1EEAD8F39,Grid Blank Module,Accessories,Custom,,Number,1.0,,
C461F479-220E-5DDD-BD6B-CDB2044731C1,Grid Front Plate 1 Gang White,Accessories,Custom,,Number,1.0,,
E64200D8-1244-53B0-8EF0-97916F945C76,Grid Front Plate 1 Gang Brushed Stainless Steel,Accessories,Custom,,Number,1.0,,
DD6EAFF0-FA1E-5A6B-81E0-0F58C0410510,Grid Front Plate 2 Gang White,Accessories,Custom,,Number,1.0,,
86ECC181-6AF7-5786-84F2-6ADB2CAFE84B,Grid Front Plate 2 Gang Brushed Stainless Steel,Accessories,Custom,,Number,1.0,,
6859FD0A-AC9F-5077-A685-CBE96637E51B,Grid Front Plate 3 Gang White,Accessories,Custom,,Number,1.0,,
EA1FDA71-E1AC-58CD-8F90-7529FEA53842,Grid Front Plate 3 Gang Brushed Stainless Steel,Accessories,Custom,,Number,1.0,,
76B7580F-9221-56E6-9670-128F66AF3FAD,Grid Front Plate 4 Gang White,Accessories,Custom,,Number,1.0,,
BBA0215C-4A10-5296-ACF0-3EFB86739A7D,Grid Front Plate 4 Gang Brushed Stainless Steel,Accessories,Custom,,Number,1.0,,
DE80DBF5-4B64-5DA2-9898-731837BCB0CF,Grid Front Plate 6 Gang White,Accessories,Custom,,Number,1.0,,
9B751F7E-E5B1-5E53-9336-E78DDEB3F0EF,Grid Front Plate 6 Gang Brushed Stainless Steel,Accessories,Custom,,Number,1.0,,
805879A4-79FF-5CB7-8529-D26A36810931,Grid Mounting Frame 1 Gang,Accessories,Custom,,Number,1.0,,
641811F1-34D5-52E6-856C-14B87A1D521D,Grid Mounting Frame 2 Gang,Accessories,Custom,,Number,1.0,,
3B019DF0-EAF3-5352-BBA4-8D303422AC4F,Grid Mounting Frame 4 Gang,Accessories,Custom,,Number,1.0,,
C1AAFB7A-2FDF-5EF5-9B88-8FEEC3A36E27,MCB Type B 6A Single Pole 6kA,Switchgear,Custom,,Number,1.0,,
2614C5E0-BBEC-5ED2-83DC-2F103A79A280,MCB Type B 10A Single Pole 6kA,Switchgear,Custom,,Number,1.0,,
4DFF11DF-FD84-5CAF-A290-E25D13111BA2,MCB Type B 16A Single Pole 6kA,Switchgear,Custom,,Number,1.0,,
55C26299-5FE4-5D34-801F-F77BD90C06F6,MCB Type B 20A Single Pole 6kA,Switchgear,Custom,,Number,1.0,,
0DC1D55A-F3F8-5972-BD24-031A5E668A7A,MCB Type B 25A Single Pole 6kA,Switchgear,Custom,,Number,1.0,,
758DBBC0-9C4E-5DE0-80C7-71E1EA09C90E,MCB Type B 32A Single Pole 6kA,Switchgear,Custom,,Number,1.0,,
85C5991D-05ED-5A31-91E1-2D535CD1143E,MCB Type B 40A Single Pole 6kA,Switchgear,Custom,,Number,1.0,,
AA50EDD6-AB97-59A3-87BF-F970B7CDAEF9,MCB Type B 50A Single Pole 6kA,Switchgear,Custom,,Number,1.0,,
FDECC005-190C-5776-ACD0-51CA8463B4ED,MCB Type B 63A Single Pole 6kA,Switchgear,Custom,,Number,1.0,,
25639E76-811A-5DD1-849A-F1C7F24DB869,MCB Type C 6A Single Pole 6kA,Switchgear,Custom,,Number,1.0,,
014820B6-DB47-5569-B714-0032C1A26C84,MCB Type C 10A Single Pole 6kA,Switchgear,Custom,,Number,1.0,,
211A77AF-63C0-57CE-A5CF-1881BCF56213,MCB Type C 16A Single Pole 6kA,Switchgear,Custom,,Number,1.0,,
D0684859-0F0D-517D-B295-EEF7958A33B4,MCB Type C 20A Single Pole 6kA,Switchgear,Custom,,Number,1.0,,
07891839-38C8-56BF-86F6-DBC8078DD733,MCB Type C 25A Single Pole 6kA,Switchgear,Custom,,Number,1.0,,
A2740E35-70A3-5617-946D-8F454A0B6488,MCB Type C 32A Single Pole 6kA,Switchgear,Custom,,Number,1.0,,
3E009939-9EEF-5216-B815-BFC7B421BF8A,MCB Type C 40A Single Pole 6kA,Switchgear,Custom,,Number,1.0,,
2084BC38-0810-5550-A809-7418CD3A41AD,MCB Type C 50A Single Pole 6kA,Switchgear,Custom,,Number,1.0,,
45C8CE26-2E99-5479-A79F-EF677D01623A,MCB Type C 63A Single Pole 6kA,Switchgear,Custom,,Number,1.0,,
5BE4D76A-7BF2-5336-86F8-C8325E9E51B3,MCB Type C 10A Triple Pole 10kA,Switchgear,Custom,,Number,1.0,,
E85BC467-771F-537C-82C0-59DD263D1B25,MCB Type C 16A Triple Pole 10kA,Switchgear,Custom,,Number,1.0,,
3039140A-2071-5CA8-9526-3976D26E2F72,MCB Type C 20A Triple Pole 10kA,Switchgear,Custom,,Number,1.0,,
4AE463BA-0B2E-525D-A855-E2DD2B6290B7,MCB Type C 32A Triple Pole 10kA,Switchgear,Custom,,Number,1.0,,
5FBCB160-B775-5C87-B96E-61057DF12B6A,MCB Type C 40A Triple Pole 10kA,Switchgear,Custom,,Number,1.0,,
0656367E-A8F4-5117-9160-9FDFFAF59CEC,MCB Type C 50A Triple Pole 10kA,Switchgear,Custom,,Number,1.0,,
900B2FAD-02E3-5468-AEFD-73DAC693FDA3,MCB Type C 63A Triple Pole 10kA,Switchgear,Custom,,Number,1.0,,
CC4ECB66-82C1-5A21-A55A-5F40EB6891CA,MCB Type B 16A Triple Pole 10kA,Switchgear,Custom,,Number,1.0,,
43F47FAC-5395-508D-9F52-E5ACCFBD1A84,MCB Type B 20A Triple Pole 10kA,Switchgear,Custom,,Number,1.0,,
EBDAF8D2-1BC0-5991-B95E-734A42F48619,MCB Type B 32A Triple Pole 10kA,Switchgear,Custom,,Number,1.0,,
0F1AE897-267B-5ED9-82F4-42D206D4AAE9,MCB Type B 63A Triple Pole 10kA,Switchgear,Custom,,Number,1.0,,
31A883BE-A113-5CE8-8203-F60DADE9813B,RCBO 6A Type B Curve 30mA Type A (Single Module),Switchgear,Custom,,Number,1.0,,
0A8A42BC-40D7-570F-A49C-C314E3E1A310,RCBO 10A Type B Curve 30mA Type A (Single Module),Switchgear,Custom,,Number,1.0,,
8D4F8B39-E497-5CCC-A3EA-0A89A03285FA,RCBO 16A Type B Curve 30mA Type A (Single Module),Switchgear,Custom,,Number,1.0,,
76DD666F-7A07-5199-94A2-11DBC44396A2,RCBO 20A Type B Curve 30mA Type A (Single Module),Switchgear,Custom,,Number,1.0,,
D2F01763-32F0-5A8C-A021-D534A5EA7162,RCBO 32A Type B Curve 30mA Type A (Single Module),Switchgear,Custom,,Number,1.0,,
EAA23DD0-DAB4-5CC2-88E2-42F22408BFB3,RCBO 40A Type B Curve 30mA Type A (Single Module),Switchgear,Custom,,Number,1.0,,
3E4E58B4-2434-5E3B-972D-1D9AB0A3A399,RCBO 6A Type C Curve 30mA Type A (Single Module),Switchgear,Custom,,Number,1.0,,
761A7000-545C-5F78-965D-1800BD0244FA,RCBO 10A Type C Curve 30mA Type A (Single Module),Switchgear,Custom,,Number,1.0,,
A8CE2666-1C35-5DD4-A2DC-832C3D42CF0F,RCBO 16A Type C Curve 30mA Type A (Single Module),Switchgear,Custom,,Number,1.0,,
8D23C509-1900-5DDE-86EC-E3ED7313E6B3,RCBO 20A Type C Curve 30mA Type A (Single Module),Switchgear,Custom,,Number,1.0,,
F722C618-9819-5B33-AF78-CEB5F0EDDEE1,RCBO 32A Type C Curve 30mA Type A (Single Module),Switchgear,Custom,,Number,1.0,,
D27FDEEE-80F6-5651-82B0-45BE0663FE2C,AFDD RCBO Combined 16A Type B Curve 30mA,Switchgear,Custom,,Number,1.0,,
2C220E47-A174-5A43-9264-081190427F34,AFDD RCBO Combined 20A Type B Curve 30mA,Switchgear,Custom,,Number,1.0,,
EA0B855A-2EBC-5A57-AA15-B2474A060385,AFDD RCBO Combined 32A Type B Curve 30mA,Switchgear,Custom,,Number,1.0,,
FA80FB13-D8B8-518F-AE1F-75CEB7C37D05,RCD 2 Pole 40A 30mA Type A,Switchgear,Custom,,Number,1.0,,
F8140719-64E1-56B2-966A-DAF9A16819AF,RCD 2 Pole 63A 30mA Type A,Switchgear,Custom,,Number,1.0,,
41A1DB04-ED9F-563C-80E5-D1EE5E5B47E0,RCD 2 Pole 80A 30mA Type A,Switchgear,Custom,,Number,1.0,,
85F420DA-5CE2-52EF-A4D2-85DF3EB0348C,RCD 2 Pole 100A 30mA Type A,Switchgear,Custom,,Number,1.0,,
C029DF52-4793-5BC5-8F39-BB07D14D8E08,RCD 4 Pole 40A 30mA Type A,Switchgear,Custom,,Number,1.0,,
DA6FAD6C-DA00-50A1-936C-D83AEE26BFBF,RCD 4 Pole 63A 30mA Type A,Switchgear,Custom,,Number,1.0,,
0E12960D-F29A-5B3B-98CE-863C7B1B74AA,RCD 4 Pole 100A 30mA Type A,Switchgear,Custom,,Number,1.0,,
1442DFB3-68B6-5466-B625-69CE8CE906C0,RCD 2 Pole 100A 100mA Time Delayed (S Type),Switchgear,Custom,,Number,1.0,,
71992379-1829-5AA6-9D20-22CC82F65375,RCD 4 Pole 63A 300mA Time Delayed (S Type),Switchgear,Custom,,Number,1.0,,
04A0D66C-1B3C-5816-9D46-3B25FD65D97E,DIN Rail Switch Disconnector 2 Pole 100A,Switchgear,Custom,,Number,1.0,,
AD98E65E-C824-5D96-9C8B-69FADFD7846C,DIN Rail Switch Disconnector 4 Pole 100A,Switchgear,Custom,,Number,1.0,,
ABBBB9F2-A457-5917-9EE1-0BE2D630E245,DIN Rail Switch Disconnector 4 Pole 125A,Switchgear,Custom,,Number,1.0,,
89436735-BED1-5174-8B1C-EA99FA5D2A2E,Surge Protection Device Type 2 Single Phase (1P+N),Switchgear,Custom,,Number,1.0,,
27FE9D21-97AD-5213-B0AC-9938D0881351,Surge Protection Device Type 2 Three Phase (3P+N),Switchgear,Custom,,Number,1.0,,
028D9783-2C9E-5346-8775-2927A90FF394,Surge Protection Device Type 1+2 Three Phase (3P+N),Switchgear,Custom,,Number,1.0,,
568E4D68-F14B-58D5-92A0-EBC9706D1546,DIN Rail Contactor 2 Pole 25A 230V Coil,Switchgear,Custom,,Number,1.0,,
8CBBA697-3B4C-5F03-B6ED-D4724BF9B295,DIN Rail Contactor 4 Pole 25A 230V Coil,Switchgear,Custom,,Number,1.0,,
A2E5FD67-426E-5D81-9915-54FF1AA81E18,DIN Rail Contactor 4 Pole 40A 230V Coil,Switchgear,Custom,,Number,1.0,,
F1947803-9837-5BC5-9088-DE21AB38A451,DIN Rail Contactor 4 Pole 63A 230V Coil,Switchgear,Custom,,Number,1.0,,
6F9CC41C-163D-5FCB-B46B-9BDE5F044507,DIN Rail Digital Time Switch 7 Day,Switchgear,Custom,,Number,1.0,,
B788CE4B-A03D-5F80-9F07-7755502725CF,DIN Rail Astronomical Time Switch,Switchgear,Custom,,Number,1.0,,
28235379-2622-501F-8232-1279CEDCF50C,DIN Rail kWh Meter MID Single Phase 100A,Switchgear,Custom,,Number,1.0,,
1900B305-6AEF-5B23-8106-9EBAE4ED9494,DIN Rail kWh Meter MID Three Phase 100A Direct,Switchgear,Custom,,Number,1.0,,
FB14BC83-5D51-5598-A628-ECDDB3E6A165,kWh Meter MID Three Phase CT Operated,Switchgear,Custom,,Number,1.0,,
883D0FAD-8BFC-55E3-9A5A-0DA39803345C,Rotary Isolator 20A 2 Pole IP65,Switchgear,Custom,,Number,1.0,,
EFED3534-9DBD-502B-932E-08DBA55C26CA,Rotary Isolator 20A 3 Pole IP65,Switchgear,Custom,,Number,1.0,,
38571683-37D1-5697-8C18-B7BEA4BAC880,Rotary Isolator 20A 4 Pole IP65,Switchgear,Custom,,Number,1.0,,
7AA0B595-DE32-54BA-B902-E4EB2425BB75,Rotary Isolator 32A 3 Pole IP65,Switchgear,Custom,,Number,1.0,,
A08FFBBA-8A68-5C7E-BC02-CF263A7E6B5E,Rotary Isolator 32A 4 Pole IP65,Switchgear,Custom,,Number,1.0,,
30D9D9BA-2BA0-5026-A0C4-D2C26ABF7D77,Rotary Isolator 40A 4 Pole IP65,Switchgear,Custom,,Number,1.0,,
39992C98-BC42-5BC7-BB0E-D21203B50968,Rotary Isolator 63A 4 Pole IP65,Switchgear,Custom,,Number,1.0,,
4374FB18-B0EF-59D1-880C-C3C70996A8C3,Rotary Isolator 80A 4 Pole IP65,Switchgear,Custom,,Number,1.0,,
6F275DE8-DD4F-500F-AFFD-1D009841D167,Rotary Isolator 100A 4 Pole IP65,Switchgear,Custom,,Number,1.0,,
EE4127E5-6059-59B4-882A-CD486AE45CA8,TP&N Fused Switch Disconnector 32A,Switchgear,Custom,,Number,1.0,,
B25C01DA-3171-5E96-BA96-7A12A3BC56E4,TP&N Fused Switch Disconnector 63A,Switchgear,Custom,,Number,1.0,,
CBAC1919-0492-517D-B298-66FC955D9532,TP&N Fused Switch Disconnector 100A,Switchgear,Custom,,Number,1.0,,
DCFD22A4-AB6F-5AAC-ACFE-474B948C1654,TP&N Fused Switch Disconnector 125A,Switchgear,Custom,,Number,1.0,,
499DF455-1CE8-5D62-976D-C7E816D9BFD4,TP&N Switch Disconnector (Non-Fused) 63A,Switchgear,Custom,,Number,1.0,,
F04CA240-E328-5F2C-B598-AE1D0BBE7AA1,TP&N Switch Disconnector (Non-Fused) 100A,Switchgear,Custom,,Number,1.0,,
CADB4496-4FF8-5290-8C21-792C9C566886,TP&N Switch Disconnector (Non-Fused) 125A,Switchgear,Custom,,Number,1.0,,
6FD63B69-EACB-5A20-A283-982C562D6E8D,SP&N Fused Switch 100A,Switchgear,Custom,,Number,1.0,,
D1F4913C-89CA-5EE8-A976-4F5A975357FD,MCCB 3 Pole 100A Frame (Adjustable Trip),Switchgear,Custom,,Number,1.0,,
73516D0D-6510-5435-8E9E-8972483DCE03,MCCB 3 Pole 160A Frame (Adjustable Trip),Switchgear,Custom,,Number,1.0,,
C095A466-9683-5974-9C44-A01B6891B91C,MCCB 3 Pole 250A Frame (Adjustable Trip),Switchgear,Custom,,Number,1.0,,
3AF36099-EDBA-5B0A-ACD0-D80CAAF7EDA6,MCCB 3 Pole 400A Frame (Adjustable Trip),Switchgear,Custom,,Number,1.0,,
4F981008-6CD1-5215-A05E-11ADBE134234,BS88 HRC Fuse 20A,Switchgear,Custom,,Number,1.0,,
7EBC697C-13D7-5DC5-9CDE-A8246C8B47D4,BS88 HRC Fuse 32A,Switchgear,Custom,,Number,1.0,,
23DC1C50-320A-5832-BDAE-AAF84F84A303,BS88 HRC Fuse 63A,Switchgear,Custom,,Number,1.0,,
52D9FDB1-60DF-5560-9B6F-C31C2AA68DEA,BS88 HRC Fuse 100A,Switchgear,Custom,,Number,1.0,,
54B3FA66-BED2-542F-B7E0-24F85EF02F4C,Henley Block 100A 2 Way Grey,Switchgear,Custom,,Number,1.0,,
D23D00EF-6A3A-5FBD-8B30-A434A48EFC4E,Henley Block 100A 2 Way Black,Switchgear,Custom,,Number,1.0,,
DB98DD12-7238-5665-BBE6-56057652BFF9,Pin Busbar Single Phase 12 Way,Switchgear,Custom,,Number,1.0,,
167BD516-04D0-5607-8A2B-BC5F57B00FEC,Pin Busbar Three Phase 12 Way,Switchgear,Custom,,Number,1.0,,
671F30F7-E426-53DD-A770-F9EE27C4C84A,SP&N Distribution Board 6 Way Type B 125A,Distribution Boards,Custom,,Number,1.0,,
122B3585-80FA-5134-9F6F-9E4AEEF3490C,SP&N Distribution Board 8 Way Type B 125A,Distribution Boards,Custom,,Number,1.0,,
9BEBE162-F7FE-5A99-8C82-4A4FA8B02071,SP&N Distribution Board 12 Way Type B 125A,Distribution Boards,Custom,,Number,1.0,,
FE017AE3-7BD8-515C-9250-B2CE1470DFC0,SP&N Distribution Board 16 Way Type B 125A,Distribution Boards,Custom,,Number,1.0,,
F3ABD261-D1D4-504F-B606-FA28DF0EB1FD,SP&N Distribution Board 18 Way Type B 125A,Distribution Boards,Custom,,Number,1.0,,
76B9B456-9364-502B-AA79-4AA2508B6A01,SP&N Distribution Board 24 Way Type B 125A,Distribution Boards,Custom,,Number,1.0,,
83FC7E15-8A96-5E3B-A1C9-7AEB99E52C5A,TP&N Distribution Board 4 Way Type B 125A,Distribution Boards,Custom,,Number,1.0,,
7D8A0151-5333-5D5E-BFE1-2615CF5115F7,TP&N Distribution Board 6 Way Type B 125A,Distribution Boards,Custom,,Number,1.0,,
EBBA8BFD-8DC1-50B0-A898-C1B2BECCDE7C,TP&N Distribution Board 8 Way Type B 125A,Distribution Boards,Custom,,Number,1.0,,
1433D1DD-1FD9-5427-B64A-8FA6DFFBE0F3,TP&N Distribution Board 12 Way Type B 125A,Distribution Boards,Custom,,Number,1.0,,
484782EC-5159-55D1-B4AE-50296B60C4C5,TP&N Distribution Board 16 Way Type B 125A,Distribution Boards,Custom,,Number,1.0,,
DEC3E329-8E95-50D5-BF14-6420FAC57C7B,TP&N Distribution Board 24 Way Type B 125A,Distribution Boards,Custom,,Number,1.0,,
866E0693-8099-534C-93FC-EA4026538496,TP&N Distribution Board 8 Way Type B 250A,Distribution Boards,Custom,,Number,1.0,,
3608B42E-CA36-516A-9190-C1831B91CB86,TP&N Distribution Board 12 Way Type B 250A,Distribution Boards,Custom,,Number,1.0,,
F2FAC61F-E148-5773-9723-B37303D6BC21,TP&N Distribution Board 16 Way Type B 250A,Distribution Boards,Custom,,Number,1.0,,
82D0DD26-1085-5474-85CA-DF22E9523B16,TP&N Distribution Board 24 Way Type B 250A,Distribution Boards,Custom,,Number,1.0,,
BD17479D-03EB-5766-9B77-C11D3A1ABD91,TP&N DB Incomer Kit 125A Switch Disconnector,Distribution Boards,Custom,,Number,1.0,,
BB45A560-1CB3-5B69-8442-EE526ACBAA76,TP&N DB Incomer Kit 250A MCCB,Distribution Boards,Custom,,Number,1.0,,
0B8EFC78-E8B3-5C5E-BC25-927A948CC1F3,SP&N DB Incomer Kit 100A Switch Disconnector,Distribution Boards,Custom,,Number,1.0,,
1B5D1BB1-E8B3-59E1-9B18-27BCD9722766,DB Blanking Plate 1 Module,Distribution Boards,Custom,,Number,1.0,,
9D6F1C4A-1362-5ABE-80B5-307F08EE4416,MCCB Panelboard 4 Way 250A Incomer,Distribution Boards,Custom,,Number,1.0,,
ED3AEF72-BFB5-5F4E-9B4C-EEFFF3450652,MCCB Panelboard 6 Way 250A Incomer,Distribution Boards,Custom,,Number,1.0,,
FCC73130-5EE4-5F5E-9E01-121DF83EE8F1,MCCB Panelboard 8 Way 250A Incomer,Distribution Boards,Custom,,Number,1.0,,
48A02851-490E-5C01-8E33-4A136FE88982,IP65 Weatherproof Enclosure 4 Module,Distribution Boards,Custom,,Number,1.0,,
601E4225-8455-540A-A9EE-2D9DC98D2D2A,IP65 Weatherproof Enclosure 8 Module,Distribution Boards,Custom,,Number,1.0,,
2020D53A-A467-5C16-BB79-D20DDB97F5B8,IP65 Weatherproof Enclosure 12 Module,Distribution Boards,Custom,,Number,1.0,,
99242960-A542-5C77-B021-3D3F868CA7E0,Metal Consumer Unit 100A Main Switch 6 Way (Unpopulated),Consumer Units,Custom,,Number,1.0,,
8E406394-812C-5F77-BF24-19142977D401,Metal Consumer Unit 100A Main Switch 8 Way (Unpopulated),Consumer Units,Custom,,Number,1.0,,
A416EBA7-0FA9-5CB3-8170-0F43A50D6AAD,Metal Consumer Unit 100A Main Switch 10 Way (Unpopulated),Consumer Units,Custom,,Number,1.0,,
84EE422F-12C6-5C2E-86EF-52529826E397,Metal Consumer Unit 100A Main Switch 12 Way (Unpopulated),Consumer Units,Custom,,Number,1.0,,
DDD436C8-8E05-551D-9B21-F6F918647931,Metal Consumer Unit 100A Main Switch 14 Way (Unpopulated),Consumer Units,Custom,,Number,1.0,,
6145CE3E-BEDC-50F7-BD74-CE92D949BD77,Metal Consumer Unit 100A Main Switch 16 Way (Unpopulated),Consumer Units,Custom,,Number,1.0,,
D86721EF-0753-504E-AD03-FD7636DC9DD9,Metal Consumer Unit 100A Main Switch 18 Way (Unpopulated),Consumer Units,Custom,,Number,1.0,,
9B2930A7-E5C8-5D0C-A3B5-4983F5369B58,Metal Consumer Unit 100A Main Switch 20 Way (Unpopulated),Consumer Units,Custom,,Number,1.0,,
5FF1D93A-A9B3-56B0-AE61-1FEB0F0F0987,Metal Consumer Unit 100A Main Switch 22 Way (Unpopulated),Consumer Units,Custom,,Number,1.0,,
E63884BC-3F41-5996-BCE4-CA806510BE71,Metal Consumer Unit Dual 80A RCD 10 Way (Split Load),Consumer Units,Custom,,Number,1.0,,
F0911348-EF45-5DAC-A65A-02F3E9E46360,Metal Consumer Unit Dual 80A RCD 12 Way (Split Load),Consumer Units,Custom,,Number,1.0,,
36B86619-B74F-5906-97E3-5A997C5FF851,Metal Consumer Unit Dual 80A RCD 14 Way (Split Load),Consumer Units,Custom,,Number,1.0,,
AD5B7343-26BA-5D24-BD4A-E861C05A2418,Metal Consumer Unit Dual 80A RCD 16 Way (Split Load),Consumer Units,Custom,,Number,1.0,,
FCE131C3-1657-5C50-8B7A-D76ED4B93E26,Metal Consumer Unit Dual 80A RCD 18 Way (Split Load),Consumer Units,Custom,,Number,1.0,,
AD4AC7C3-441C-5517-918A-D3CE2CA7DF63,Metal Consumer Unit RCBO Board 8 Way with SPD (Populated),Consumer Units,Custom,,Number,1.0,,
EDD6BEF0-4A2B-5E11-84F7-BC3D5CA938D9,Metal Consumer Unit RCBO Board 12 Way with SPD (Populated),Consumer Units,Custom,,Number,1.0,,
76FF56F0-79DD-5390-A2FE-6D39BAC1AB31,Metal Consumer Unit RCBO Board 16 Way with SPD (Populated),Consumer Units,Custom,,Number,1.0,,
4991D49F-FEAA-5D5F-9B2F-2A6F713D265C,Metal Garage Consumer Unit 2 Way 63A RCD (Populated),Consumer Units,Custom,,Number,1.0,,
D635DD82-3B8D-5D6A-84D3-3FEDAB992888,Metal Garage Consumer Unit 4 Way 63A RCD (Populated),Consumer Units,Custom,,Number,1.0,,
517E843C-3932-56F1-B564-E3FE5A4F74DA,16mm (5/8in) Copper Bonded Earth Rod x 1.2m,Earthing,Custom,,Number,1.0,,
EF547148-5A6E-5AAB-89F6-F2076B08B63A,16mm (5/8in) Copper Bonded Earth Rod x 1.5m,Earthing,Custom,,Number,1.0,,
4708B048-9B19-5783-9714-34168A5C172B,16mm (5/8in) Copper Bonded Earth Rod x 1.8m,Earthing,Custom,,Number,1.0,,
45FAA25C-CAEE-5DF0-8D0F-AA53CD376655,16mm (5/8in) Copper Bonded Earth Rod x 2.4m,Earthing,Custom,,Number,1.0,,
52D26656-E9D1-53F9-B0A7-AD3907A0842F,Earth Rod Coupler 16mm,Earthing,Custom,,Number,1.0,,
321B00B8-AD4D-5BFB-B1F2-80957D3A9A27,Earth Rod Driving Head 16mm,Earthing,Custom,,Number,1.0,,
41826ECD-24F5-508B-9FA6-3C3E704A4D20,Earth Rod Clamp (A Type),Earthing,Custom,,Number,1.0,,
ADB6230D-B12E-5045-9444-9B6A1402A75A,Earth Rod Inspection Pit (Plastic),Earthing,Custom,,Number,1.0,,
B65B3B85-1EEE-50CF-B634-237EE17D93A3,Earth Rod Inspection Pit (Concrete),Earthing,Custom,,Number,1.0,,
2485B8BC-EC9D-5E87-9E40-09995267E922,"Earth Rod Kit (Rod, Clamp, Pit & Label)",Earthing,Custom,,Number,1.0,,
95C0007E-1581-54A2-86DE-E7106B24FDB4,BS951 Earth Clamp with Label (Dry/Clean),Earthing,Custom,,Number,1.0,,
FE1798FA-4114-59AD-8889-7BC5063E8E84,BS951 Earth Clamp with Label (Wet/Corrosive),Earthing,Custom,,Number,1.0,,
1B785587-ADBF-5109-914D-BAD113EBC81B,Main Earth Terminal Bar 6 Way,Earthing,Custom,,Number,1.0,,
8662901D-739D-51D9-A1C5-226395994D4E,Main Earth Terminal Bar 8 Way,Earthing,Custom,,Number,1.0,,
E74C93C5-ED31-5B3F-9F8D-50E38EA108D9,Main Earth Terminal Bar 12 Way,Earthing,Custom,,Number,1.0,,
E8BD93E2-BF0A-5012-A880-BC19F530F597,Test Clamp (Tape to Tape),Earthing,Custom,,Number,1.0,,
32120D9E-8270-564D-AC40-E8B5B4CF9F9F,Earth Tape Clip 25x3mm,Earthing,Custom,,Number,1.0,,
FA8FF4A2-EB05-5860-AB59-D6A1BFB202FB,Copper Earth Tape 25x3mm Bare,Earthing,Custom,,Length,,1,M
91703276-DAD9-5F5F-96B7-DA38396C0F5C,Copper Earth Tape 25x3mm PVC Covered,Earthing,Custom,,Length,,1,M
49FB0357-CB67-5EB1-85BC-E5A2FEDD82CE,Earth Warning Label Safety Electrical Connection,Earthing,Custom,,Box,,,
F2385F5C-A1FF-55C1-97CB-44CB9200E2B6,M6 Threaded Rod BZP - 1m,Fixings,Custom,,Length,,1,M
90FE88B6-68B6-5906-BA89-BE21E1790046,M8 Threaded Rod BZP - 1m,Fixings,Custom,,Length,,1,M
481009AA-825E-5CB5-940A-97ACF7BCB808,M8 Threaded Rod BZP - 3m,Fixings,Custom,,Length,,3,M
7B154CC6-0C22-542D-8C9A-7182008AD8F7,M10 Threaded Rod BZP - 1m,Fixings,Custom,,Length,,1,M
21C8A0B0-45F7-5B17-A02E-A16F6AA9D1DE,M10 Threaded Rod BZP - 3m,Fixings,Custom,,Length,,3,M
AFD16122-E800-57F0-873F-7679C6AE3A87,M12 Threaded Rod BZP - 1m,Fixings,Custom,,Length,,1,M
FD0DF03F-0689-5830-97A8-E7012218FBBD,M12 Threaded Rod BZP - 3m,Fixings,Custom,,Length,,3,M
2D44F18A-FA40-523E-9BA3-3BDB33A701BA,M8 Threaded Rod Connector BZP,Fixings,Custom,,Box,,,
697DAE0B-9C28-5228-A7FB-02CEF2F8F615,M10 Threaded Rod Connector BZP,Fixings,Custom,,Box,,,
9D515248-50D0-5335-8E1D-E5ED02DB93FC,M12 Threaded Rod Connector BZP,Fixings,Custom,,Box,,,
BA24BBC1-5DF0-580F-81F0-F842337A71D8,M6 Hex Nut BZP,Fixings,Custom,,Box,,,
CF725499-8B7C-53C0-9BA5-440C673B57B4,M6 Flat Washer BZP,Fixings,Custom,,Box,,,
7B9261A2-D164-52C3-AF1C-3B86C3A8ABC9,M8 Hex Nut BZP,Fixings,Custom,,Box,,,
CEF21D12-5BD2-5CFB-A032-84D4C5F87911,M8 Flat Washer BZP,Fixings,Custom,,Box,,,
6E832D0A-2D1A-502B-90E5-ECEFB8A5C0E6,M10 Hex Nut BZP,Fixings,Custom,,Box,,,
BFB7AD12-BDFC-5CCC-859D-6B335CC00320,M10 Flat Washer BZP,Fixings,Custom,,Box,,,
BE6EFB94-AFB5-5F34-A10B-90ED152A8796,M12 Hex Nut BZP,Fixings,Custom,,Box,,,
B861B9CF-008E-5277-8FC3-AB18868881C7,M12 Flat Washer BZP,Fixings,Custom,,Box,,,
D266279C-6B2D-55D0-A496-7E93FA40CF51,M6 Spring Washer BZP,Fixings,Custom,,Box,,,
AC4C8787-26AA-55E4-B2F2-FF56636F50C0,M8 Spring Washer BZP,Fixings,Custom,,Box,,,
B05A28E6-F57F-5EFA-990E-6522E3650312,M10 Spring Washer BZP,Fixings,Custom,,Box,,,
3DB9DE67-52E5-56E7-933F-6DAE968F064A,M8 Penny Washer BZP,Fixings,Custom,,Box,,,
6DA82429-7A81-5E23-ABF2-A2944C121859,M10 Penny Washer BZP,Fixings,Custom,,Box,,,
4CA9CE31-B507-5803-9203-5E0C8C9EFDF2,M6x12 Hex Set Screw BZP,Fixings,Custom,,Box,,,
5941DA83-9055-5D37-A147-DD4283371990,M6x20 Hex Set Screw BZP,Fixings,Custom,,Box,,,
83E01EAE-CE7B-5D97-B3C5-8FA074D291BC,M8x20 Hex Set Screw BZP,Fixings,Custom,,Box,,,
24DE8F82-82EE-53E6-82F4-22F662E73BFB,M8x30 Hex Set Screw BZP,Fixings,Custom,,Box,,,
C243113E-36A5-525B-B878-C14B88B61922,M10x25 Hex Set Screw BZP,Fixings,Custom,,Box,,,
8D1595A3-9BB4-530E-849A-37866F7244C0,M10x30 Hex Set Screw BZP,Fixings,Custom,,Box,,,
2145F2DA-0CDA-5E72-8477-335DC5041327,M6x20 Roofing Bolt & Nut BZP,Fixings,Custom,,Box,,,
F321DB73-62FC-59B8-BB7C-D4B8DFA7A307,M8 Drop-In Anchor,Fixings,Custom,,Box,,,
77B228A9-B957-5B44-9CC0-F782C20A69CC,M10 Drop-In Anchor,Fixings,Custom,,Box,,,
34D03837-26DA-56DB-9DEF-215E6697897A,M12 Drop-In Anchor,Fixings,Custom,,Box,,,
A67C986F-7B7D-5D0B-963E-055C24B96C53,M8x75 Throughbolt (Wedge Anchor),Fixings,Custom,,Box,,,
06197791-4952-5DD4-80EC-06A160100652,M10x95 Throughbolt (Wedge Anchor),Fixings,Custom,,Box,,,
6CDDD1C0-0614-5135-911E-B6FD2BAE6864,M12x100 Throughbolt (Wedge Anchor),Fixings,Custom,,Box,,,
C75548F9-3B61-57B4-B309-253CAB5A3659,M8 Shield Anchor (Loose Bolt),Fixings,Custom,,Box,,,
C6B69FCA-6947-558C-8342-E661956557FD,M10 Shield Anchor (Loose Bolt),Fixings,Custom,,Box,,,
18021C6F-5456-5173-AB9D-AD59C57FF462,6x40mm Hex Head Concrete Screw Anchor,Fixings,Custom,,Box,,,
47FBB85A-DB93-58E6-BD3C-6533CD7BA36A,6x60mm Hex Head Concrete Screw Anchor,Fixings,Custom,,Box,,,
E79FA043-CB99-59C0-9885-CBD89BC61740,8x60mm Hex Head Concrete Screw Anchor,Fixings,Custom,,Box,,,
7DE338E2-EC6F-5FC6-BD7A-3F1568206D7F,10x80mm Hex Head Concrete Screw Anchor,Fixings,Custom,,Box,,,
E1AC1116-2A68-5E89-8F30-5C88773EAB8A,10x100mm Hex Head Concrete Screw Anchor,Fixings,Custom,,Box,,,
DA0CCF45-BE3F-5551-AA61-F8A216BC3A21,Concrete Screw Anchor with M8 Internal Thread (Rod Hanger),Fixings,Custom,,Box,,,
9E2B7820-6F5E-58B4-8EE7-7B8DDCD91AFF,Concrete Screw Anchor with M10 Internal Thread (Rod Hanger),Fixings,Custom,,Box,,,
66FD99E6-FC98-52D3-8DDD-A55B5071BF14,M6 Beam Clamp (G Clamp),Fixings,Custom,,Number,1.0,,
48A501E3-BD94-56B4-AE0A-83CD6ED69585,M8 Beam Clamp (G Clamp),Fixings,Custom,,Number,1.0,,
59F6C437-ECF3-5BDB-8C30-7FC3760A9D3A,M10 Beam Clamp (G Clamp),Fixings,Custom,,Number,1.0,,
6F91E80E-6237-5777-B050-5962D7143E08,M10 Threaded Rod Ceiling Plate,Fixings,Custom,,Number,1.0,,
D66777C1-26DE-5BC6-89C7-EC0B89947C00,6x40mm Hammer Fixing,Fixings,Custom,,Box,,,
D3135146-D1B4-5B71-85AE-12072954D065,6x60mm Hammer Fixing,Fixings,Custom,,Box,,,
CFA3FB52-CD6C-5C79-8F4A-4B7BAAE4EFE3,8x80mm Hammer Fixing,Fixings,Custom,,Box,,,
984834C5-CEFF-5770-9EC9-D33E74843073,Cable Tie Black 100x2.5mm,Sundries,Custom,,Box,,,
79EAE7F3-5D38-5CBD-A41E-135C135AD215,Cable Tie Black 200x4.8mm,Sundries,Custom,,Box,,,
E3DB959D-1083-53D3-AD89-00B48CBFFDD8,Cable Tie Black 300x4.8mm,Sundries,Custom,,Box,,,
DBB30436-7AB9-5322-99D3-1453206DE708,Cable Tie Black 370x7.6mm,Sundries,Custom,,Box,,,
25DA48BB-2B28-565C-AD22-B006080FA8DF,Cable Tie Natural 100x2.5mm,Sundries,Custom,,Box,,,
80DFE1EE-2767-5DF4-B33A-45AC1E6C0C1E,Cable Tie Natural 200x4.8mm,Sundries,Custom,,Box,,,
94F577B2-592C-58E2-BF90-5F02FC33BA49,Cable Tie Natural 300x4.8mm,Sundries,Custom,,Box,,,
01926FF2-4B0A-5A79-9E53-3A5CC6483367,Stainless Steel Cable Tie 200mm (Fire Rated),Sundries,Custom,,Box,,,
3FF4E6E7-CBE3-5445-8D40-C916B3243BFC,Stainless Steel Cable Tie 360mm (Fire Rated),Sundries,Custom,,Box,,,
E9062A14-5484-53F3-AD06-A6361A065553,Cable Tie Base Self Adhesive 20x20mm,Sundries,Custom,,Box,,,
DDFAC8B0-572B-586C-8DE9-EAF4DBD04387,Cable Tie Screw Mount,Sundries,Custom,,Box,,,
74F525C6-22AA-5BE5-B13A-1A02350AEB15,Flat Cable Clip Grey for 1.0mm T&E,Sundries,Custom,,Box,,,
E6470289-93F0-5A02-92AD-C1379122C469,Flat Cable Clip Grey for 1.5mm T&E,Sundries,Custom,,Box,,,
D3DCC0EE-4EDF-534A-A1A0-409018F266C2,Flat Cable Clip Grey for 2.5mm T&E,Sundries,Custom,,Box,,,
FACDB05F-0896-514D-96A1-0149EA563493,Flat Cable Clip Grey for 4.0mm T&E,Sundries,Custom,,Box,,,
EF135951-0AEA-5D62-919E-7720EB41C4E9,Flat Cable Clip Grey for 6.0mm T&E,Sundries,Custom,,Box,,,
1B6BA44B-7D1E-57D4-8C51-BDC9CAA34FA1,Flat Cable Clip Grey for 10mm T&E,Sundries,Custom,,Box,,,
30D7221E-F43C-5AF5-A38D-189C4C705942,Round Cable Clip White 5-7mm,Sundries,Custom,,Box,,,
8597C661-343C-5A0C-A773-C89FDEAEC9BE,Round Cable Clip White 7-10mm,Sundries,Custom,,Box,,,
63D5B59F-B825-5755-B5D8-B76BAF8FE01B,Fire Rated Metal Cable Clip for 1.0-1.5mm T&E,Sundries,Custom,,Box,,,
9367740C-D8EB-54BA-BB10-0DE50E0B9949,Fire Rated Metal Cable Clip for 2.5mm T&E,Sundries,Custom,,Box,,,
BAF2FA97-92E5-5FFD-9769-A1EFBF58E27D,Fire Rated Metal Cable Clip for 6.0mm T&E,Sundries,Custom,,Box,,,
1C34C5E0-FF7B-5B94-B312-67C66394339D,Fire Rated Metal Cable Clip for 1.5mm2 Fire Resistant Cable,Sundries,Custom,,Box,,,
9B1FA1D2-2D2F-5ED5-8C67-A9E1CFE255A9,Fire Rated Metal Cable Clip for 2.5mm2 Fire Resistant Cable,Sundries,Custom,,Box,,,
1E57D732-9418-51A9-9F8A-FB52D16F4B05,Lever Connector 2 Way (32A),Sundries,Custom,,Box,,,
C5C324EB-2C07-5E98-AA04-07BD88B5896A,Lever Connector 3 Way (32A),Sundries,Custom,,Box,,,
413A0343-881A-5B2F-8E86-769BF4769B6B,Lever Connector 5 Way (32A),Sundries,Custom,,Box,,,
BDEACD08-98F3-5E80-A629-A1C0AE08DF22,Push Wire Connector 2 Way,Sundries,Custom,,Box,,,
93EDFFF3-C980-50B1-BF4A-7AF8F54977FA,Push Wire Connector 4 Way,Sundries,Custom,,Box,,,
32A2B5CA-9DB4-51E0-BAB4-C096C0D74ACC,Push Wire Connector 8 Way,Sundries,Custom,,Box,,,
51B1A3F8-E4A1-56C2-B933-A77E81DDB21B,Connector Strip 5A 12 Way,Sundries,Custom,,Number,1.0,,
422B2956-F62D-5C5C-A4DE-CACAA8BF264C,Connector Strip 15A 12 Way,Sundries,Custom,,Number,1.0,,
671FBB04-2196-5076-8292-866B11FFEFC1,Connector Strip 30A 12 Way,Sundries,Custom,,Number,1.0,,
0C042EF1-1297-5D32-8018-553417CB3ED4,Insulated Crimp Ring Terminal Red 4.3mm,Sundries,Custom,,Box,,,
A32D3FF8-ACE7-54E0-A68C-3A2194D15E3E,Insulated Crimp Ring Terminal Red 5.3mm,Sundries,Custom,,Box,,,
6B02C1F0-FAC7-523F-80A7-2BEFA4BEA9C7,Insulated Crimp Butt Connector Red,Sundries,Custom,,Box,,,
B2C2BA27-4495-5053-BFE8-1C2D11703C91,Insulated Crimp Female Spade Red,Sundries,Custom,,Box,,,
9B8FEC41-3520-57E8-B0C1-2F16EFA699C1,Insulated Crimp Ring Terminal Blue 5.3mm,Sundries,Custom,,Box,,,
180081F6-A643-5EAE-BA3E-787EEAF7B521,Insulated Crimp Ring Terminal Blue 6.4mm,Sundries,Custom,,Box,,,
94CA197B-9654-5E3F-A69E-52FE3FA62472,Insulated Crimp Butt Connector Blue,Sundries,Custom,,Box,,,
02B6A749-4BED-5EF2-AD3A-5791C38A2DB9,Insulated Crimp Female Spade Blue,Sundries,Custom,,Box,,,
DD18E06C-661E-5AAF-B58A-A8DFB5894874,Insulated Crimp Ring Terminal Yellow 6.4mm,Sundries,Custom,,Box,,,
039382F1-AE9F-5054-BAA6-AA39BF14DEE3,Insulated Crimp Ring Terminal Yellow 8.4mm,Sundries,Custom,,Box,,,
441DC771-401F-588E-8E0D-CCBADBCB5EE0,Insulated Crimp Butt Connector Yellow,Sundries,Custom,,Box,,,
348E53B6-D44F-5CDE-A4D4-8B0061DF3853,Insulated Crimp Female Spade Yellow,Sundries,Custom,,Box,,,
AA0FA253-C47C-5955-A1DF-7F65B1F92E1B,Copper Tube Terminal (Lug) 6mm2 M6,Sundries,Custom,,Box,,,
66618C6E-EE60-5C22-A0AF-BA85134FCC5D,Copper Tube Terminal (Lug) 10mm2 M8,Sundries,Custom,,Box,,,
8A7F20F0-C528-5377-A1FA-148DBBBDA6A9,Copper Tube Terminal (Lug) 16mm2 M8,Sundries,Custom,,Box,,,
D63C4032-CF5D-5708-BCB0-1601741EA71A,Copper Tube Terminal (Lug) 25mm2 M8,Sundries,Custom,,Box,,,
D2450F7B-1A9F-5F16-9A0D-6CEDB20C6B9E,Copper Tube Terminal (Lug) 35mm2 M10,Sundries,Custom,,Box,,,
7102EB55-3161-5F1E-8535-32BAE5C96779,Copper Tube Terminal (Lug) 50mm2 M10,Sundries,Custom,,Box,,,
3E112503-4FCA-56A8-A035-A83005EA2963,Copper Tube Terminal (Lug) 70mm2 M12,Sundries,Custom,,Box,,,
76DC0267-0954-58CB-83EA-941224E47144,Copper Tube Terminal (Lug) 95mm2 M12,Sundries,Custom,,Box,,,
759CD6D7-CFD8-537A-A088-95C85486B27F,Copper Tube Terminal (Lug) 120mm2 M12,Sundries,Custom,,Box,,,
AFD4A824-EB04-54D5-BD90-836C86C10DE2,Bootlace Ferrule 0.75mm2,Sundries,Custom,,Box,,,
27FB1CEE-8123-563E-9058-C0613D31FF59,Bootlace Ferrule 1.0mm2,Sundries,Custom,,Box,,,
F5C478EB-8327-5E77-B74D-AB1C08B17075,Bootlace Ferrule 1.5mm2,Sundries,Custom,,Box,,,
5225CB77-B04D-563E-BB62-00CED1DFA8CF,Bootlace Ferrule 2.5mm2,Sundries,Custom,,Box,,,
29812A3C-D514-5BC8-9EBE-7B0D36D4A80E,Bootlace Ferrule 4.0mm2,Sundries,Custom,,Box,,,
1E140EF6-9883-5A36-9788-8B93D752DB8D,Bootlace Ferrule 6.0mm2,Sundries,Custom,,Box,,,
9AC1310B-794C-5A07-A5A4-288E42836F11,"SWA Gland Kit CW 20S (Outdoor, with Shroud)",Sundries,Custom,,Number,1.0,,
868152FD-AFD9-5DD6-9BAD-DD118DB77605,"SWA Gland Kit CW 20 (Outdoor, with Shroud)",Sundries,Custom,,Number,1.0,,
63540784-F8AE-5AFD-81DF-AC2E062A36C2,"SWA Gland Kit CW 25 (Outdoor, with Shroud)",Sundries,Custom,,Number,1.0,,
0D2DFCD9-72BD-5785-BDA3-B326E8F76DF5,"SWA Gland Kit CW 32 (Outdoor, with Shroud)",Sundries,Custom,,Number,1.0,,
D972F1A6-61D7-5709-99AE-4524225E1604,"SWA Gland Kit CW 40 (Outdoor, with Shroud)",Sundries,Custom,,Number,1.0,,
468A7315-EE78-52CF-9589-883937FF4F1C,"SWA Gland Kit CW 50S (Outdoor, with Shroud)",Sundries,Custom,,Number,1.0,,
344EA9B1-2A78-5A2E-A7D4-324DE2C5D77C,"SWA Gland Kit CW 50 (Outdoor, with Shroud)",Sundries,Custom,,Number,1.0,,
72B8DC82-5C57-51A7-8AB1-41F697303579,"SWA Gland Kit CW 63S (Outdoor, with Shroud)",Sundries,Custom,,Number,1.0,,
0F63CC9E-3723-57AE-AD90-0C39FD4783DE,"SWA Gland Kit CW 63 (Outdoor, with Shroud)",Sundries,Custom,,Number,1.0,,
607023FC-C532-5275-8731-9048B4587D61,SWA Gland Kit BW 20S (Indoor),Sundries,Custom,,Number,1.0,,
36716582-5824-5FA7-B6B8-6BE9B18578E7,SWA Gland Kit BW 20 (Indoor),Sundries,Custom,,Number,1.0,,
EF1F6133-2EF0-5F28-953C-7137C3B68060,SWA Gland Kit BW 25 (Indoor),Sundries,Custom,,Number,1.0,,
08AC4A34-2ED3-50CD-8FFA-B5201800A91D,SWA Gland Kit BW 32 (Indoor),Sundries,Custom,,Number,1.0,,
CC76948A-AC5D-5787-8412-1BA6DC92D015,SWA Gland Kit BW 40 (Indoor),Sundries,Custom,,Number,1.0,,
6D6B217B-2BD4-5A01-A836-E5E4FD83318F,Banjo Earth Tag 20mm,Sundries,Custom,,Box,,,
1CD0C2FE-7A8F-5E04-93A0-E43A7C476A9C,Banjo Earth Tag 25mm,Sundries,Custom,,Box,,,
AB864DB0-768C-50F6-AFEC-701036B7ADC8,Banjo Earth Tag 32mm,Sundries,Custom,,Box,,,
5A895A5E-9C06-5377-AD83-7FD12D9E4DB6,Brass Locknut M20,Sundries,Custom,,Box,,,
84F4ABDE-9610-50C2-A757-DA1D295B9762,Brass Locknut M25,Sundries,Custom,,Box,,,
C791922C-D1C8-521C-99A7-06C40EBFF44B,Brass Locknut M32,Sundries,Custom,,Box,,,
F4B9F215-56F3-5484-AE5B-CAC92EFF2281,Brass Locknut M40,Sundries,Custom,,Box,,,
9EE13BD9-5F15-5E3A-BD34-EAA48DA77CA4,Nylon Cable Gland IP68 M20,Sundries,Custom,,Box,,,
5D922E51-D0A8-569F-BE38-862BC297D725,Nylon Cable Gland IP68 M25,Sundries,Custom,,Box,,,
2C25AF34-7064-5FA3-9EFA-E06F204146FF,Nylon Cable Gland IP68 M32,Sundries,Custom,,Box,,,
DB9D28B1-317F-55F4-826F-BBDEE710875C,Rubber Grommet 20mm,Sundries,Custom,,Box,,,
2C29613C-2AEF-5201-B30B-1C3C99939AA5,Rubber Grommet 25mm,Sundries,Custom,,Box,,,
CFB7193B-8570-5019-9D4A-77BE5014F1C8,PVC Insulation Tape 19mm x 20m Black,Sundries,Custom,,Box,,,
A6A6A349-99FB-5935-A0F9-73D1084A6904,PVC Insulation Tape 19mm x 20m Blue,Sundries,Custom,,Box,,,
9C3379EE-F171-516A-B33A-E08F49F684A5,PVC Insulation Tape 19mm x 20m Brown,Sundries,Custom,,Box,,,
B379AE73-6908-5576-9CF1-5A4791D2FE1F,PVC Insulation Tape 19mm x 20m Green/Yellow,Sundries,Custom,,Box,,,
8FA20510-E735-58DA-868B-38D588222549,PVC Insulation Tape 19mm x 20m Grey,Sundries,Custom,,Box,,,
CB12D2B6-A59D-5387-BDF7-36DAEFD1A362,PVC Insulation Tape 19mm x 20m Red,Sundries,Custom,,Box,,,
57C2B89E-A300-5CDD-AFBD-BFBF3C4032F1,PVC Insulation Tape 19mm x 20m White,Sundries,Custom,,Box,,,
8EAC7AA2-FB72-5142-B1D0-1E4FFBD4AC6C,Self Amalgamating Tape 25mm x 10m,Sundries,Custom,,Number,1.0,,
1457E82E-1EC0-5B08-B1BE-937B3A9519AF,Heat Shrink Sleeving Assorted Pack,Sundries,Custom,,Number,1.0,,
E2F8F4B4-9B04-5FD9-A55C-800AA13EB461,Green/Yellow Earth Sleeving 3mm,Sundries,Custom,,Box,,,
ACA9B0FC-7444-5ED6-8C55-4D6D7F8BC728,Green/Yellow Earth Sleeving 5mm,Sundries,Custom,,Box,,,
803EE2F7-0541-5162-8541-8843EA708873,Cable Pulling Lubricant,Sundries,Custom,,Number,1L,,
1CEA5201-EACC-5024-9E53-91301ECC0B52,Contact Cleaner Spray,Sundries,Custom,,Number,400ML,,
DF47C2BB-EE3A-55A1-87C1-AA1708D963C5,BS1362 Plug Fuse 3A,Sundries,Custom,,Box,,,
8254ADC3-9391-50CB-AFD8-CF048C534FF6,BS1362 Plug Fuse 5A,Sundries,Custom,,Box,,,
4A09755F-4355-57E6-8ABA-B0382C9B06F5,BS1362 Plug Fuse 13A,Sundries,Custom,,Box,,,
97474851-B8C7-5163-846B-1561624B8E2C,Danger 230V Warning Label,Sundries,Custom,,Box,,,
E8A9F284-7640-5BFE-9F6C-A081C45ED3E9,Danger 400V Warning Label,Sundries,Custom,,Box,,,
5C300719-72CA-5B57-915E-D5E033316022,RCD Quarterly Test Label,Sundries,Custom,,Box,,,
61D3F122-0A6F-5762-8D2C-FD03F986098E,Periodic Inspection Label,Sundries,Custom,,Box,,,
915BF4B6-F73A-5791-BAD2-D4D62CD29553,Isolate Elsewhere Warning Label,Sundries,Custom,,Box,,,
C2563C98-EBD3-5DD2-8EC6-81DE8834E702,Circuit Identification Labels,Sundries,Custom,,Box,,,
AD756C90-D188-51EA-A970-D791B626356C,Back Box Screw M3.5 x 25mm,Sundries,Custom,,Box,,,
25B5FAEA-175B-5D12-8953-0FE55E8F833B,Back Box Screw M3.5 x 40mm,Sundries,Custom,,Box,,,
DBBF8083-1FD5-51FB-A274-D0899F6A8D1B,Back Box Screw M3.5 x 50mm,Sundries,Custom,,Box,,,
DB2969F8-CC56-510D-B799-D7F13837E078,LED Fire Rated Downlight 6W IP65 Fixed (CCT Selectable),Lighting,Custom,,Number,1.0,,
EBE57FB8-9412-5A7E-97F4-803E4F9BF886,LED Fire Rated Downlight 6W IP65 Fixed Dimmable (CCT Selectable),Lighting,Custom,,Number,1.0,,
62EDAF3A-0E89-5D3F-969F-296789342CDE,LED Fire Rated Downlight 6W Tilt Dimmable (CCT Selectable),Lighting,Custom,,Number,1.0,,
584FAB9E-0DCD-53C7-9D69-DF5B0617DE0E,GU10 Fire Rated Downlight Fitting Fixed White,Lighting,Custom,,Number,1.0,,
9B444938-1E98-5DE6-891C-C6554CFAF119,GU10 Fire Rated Downlight Fitting Tilt White,Lighting,Custom,,Number,1.0,,
ECAB1267-E51A-5B6B-B0A3-3C9E573E4B5B,GU10 LED Lamp 5W 3000K Non-Dimmable,Lighting,Custom,,Number,1.0,,
47F40713-E73A-5FCB-8803-4F03A48FD1A2,GU10 LED Lamp 5W 4000K Non-Dimmable,Lighting,Custom,,Number,1.0,,
C8A461E0-D2CB-5893-AB4F-6C8C72A9630F,GU10 LED Lamp 5W 4000K Dimmable,Lighting,Custom,,Number,1.0,,
BD60DA2B-DA70-5E18-AEC8-74AF8A2990C2,Commercial LED Downlight 200mm Cut-Out 18W 4000K,Lighting,Custom,,Number,1.0,,
8FAA9B40-CDEB-5EA8-B903-927A96A60EFC,Commercial LED Downlight 200mm Cut-Out 18W 4000K Emergency 3hr,Lighting,Custom,,Number,1.0,,
734D91B0-BADC-548F-BB28-BD302FB29645,LED Panel 600x600 Recessed 30W 4000K UGR<19,Lighting,Custom,,Number,1.0,,
AADBD1A3-F870-5564-A84A-4CE7FAFA2A55,LED Panel 600x600 Recessed 30W 4000K Emergency 3hr,Lighting,Custom,,Number,1.0,,
499C87B7-BF9F-517C-A291-5024FDCCAAF1,LED Panel 1200x300 Recessed 36W 4000K,Lighting,Custom,,Number,1.0,,
7225C43E-DA25-51C1-B25D-C29EECBDA06C,LED Panel 600x600 Surface Mount Kit,Lighting,Custom,,Number,1.0,,
60D6AAA0-0290-5917-AF53-0B43D840C1AA,LED Batten 4ft Single 18W 4000K,Lighting,Custom,,Number,1.0,,
16D035E9-9A60-5021-AD94-2C25A412E141,LED Batten 4ft Twin 36W 4000K,Lighting,Custom,,Number,1.0,,
37F9FFE9-4209-5038-9853-01797D35A2DF,LED Batten 5ft Single 24W 4000K,Lighting,Custom,,Number,1.0,,
9CC33487-EBFA-544D-A236-9E6A67F0064B,LED Batten 5ft Twin 48W 4000K,Lighting,Custom,,Number,1.0,,
109A7472-B962-541F-B0C8-24D67D19129E,LED Batten 6ft Single 30W 4000K,Lighting,Custom,,Number,1.0,,
356F2C29-B3FC-54F8-BA15-47CEF5ABBD6A,LED Batten 6ft Twin 60W 4000K,Lighting,Custom,,Number,1.0,,
E33C428F-9BCF-5338-A6BD-E5DAF5FEE261,LED Batten 5ft Single 24W 4000K Emergency 3hr,Lighting,Custom,,Number,1.0,,
8A214702-8DD7-5373-9AE8-C6C83413BB8A,LED Anti-Corrosive Batten IP65 4ft Single,Lighting,Custom,,Number,1.0,,
74E7F7D4-8649-5FC0-9BCF-9D7313291025,LED Anti-Corrosive Batten IP65 5ft Single,Lighting,Custom,,Number,1.0,,
AF366778-6BF7-51DF-AB8B-1517249FADBB,LED Anti-Corrosive Batten IP65 5ft Twin,Lighting,Custom,,Number,1.0,,
7370071B-228A-52D9-9F20-A4B5054BDD3E,LED Anti-Corrosive Batten IP65 6ft Twin,Lighting,Custom,,Number,1.0,,
5F763640-62D4-5A1B-9DBA-3ADF8519864B,LED Anti-Corrosive Batten IP65 5ft Single Emergency 3hr,Lighting,Custom,,Number,1.0,,
EC24796C-2402-501C-B3C7-AEBC313888CD,LED Bulkhead IP65 15W Round,Lighting,Custom,,Number,1.0,,
C66E1DFE-03E9-5D42-A0FF-81CBA28E3947,LED Bulkhead IP65 15W Round with Microwave Sensor,Lighting,Custom,,Number,1.0,,
A14A7418-E1A6-5427-8D70-9176C53BEED9,LED Bulkhead IP65 15W Round Emergency 3hr Maintained,Lighting,Custom,,Number,1.0,,
D3DA33A2-1BF5-551F-9167-CFE69F77D997,Emergency Exit Sign Box LED 3hr Maintained (Legend Down),Lighting,Custom,,Number,1.0,,
3F0A7E78-363D-5357-AC41-7EF8C07F1E9B,Emergency Exit Sign Box LED 3hr Maintained (Legend Left),Lighting,Custom,,Number,1.0,,
CAD8EDD6-76DF-5CF0-96DC-3198136939E8,Emergency Exit Sign Box LED 3hr Maintained (Legend Right),Lighting,Custom,,Number,1.0,,
A670147B-FAED-5BE7-9FB5-51757458F9D6,Emergency Exit Sign Box LED 3hr Maintained (Legend Up),Lighting,Custom,,Number,1.0,,
F263AE1C-7C0A-5F0D-B705-31013645569B,Emergency Exit Blade Sign LED 3hr Maintained (Suspended),Lighting,Custom,,Number,1.0,,
681988ED-7A1E-56B9-9EE7-184078CEC576,Emergency Twin Spot 3hr Non-Maintained,Lighting,Custom,,Number,1.0,,
CE1C37B2-9649-5386-AEC4-AF16F174A28A,Emergency Downlight Recessed 3hr Non-Maintained (Open Area),Lighting,Custom,,Number,1.0,,
0C5362EC-C2AA-5408-9109-7BF86A342DDE,Emergency Downlight Recessed 3hr Non-Maintained (Corridor),Lighting,Custom,,Number,1.0,,
916F40F0-F674-573F-8EDB-8646682C1887,Emergency Light Test Key Switch 20A DP,Lighting,Custom,,Number,1.0,,
D164563E-B823-570C-AB35-CB1B16848137,LED High Bay 100W 4000K,Lighting,Custom,,Number,1.0,,
E9741A97-58E8-5E77-8FE0-FA3CA2550794,LED High Bay 150W 4000K,Lighting,Custom,,Number,1.0,,
6C7B12DF-21FD-5623-B865-4050A285FB3C,LED High Bay 200W 4000K,Lighting,Custom,,Number,1.0,,
ABA77DF1-9430-546A-A72E-B4CADF15C2F6,LED GLS Lamp B22 9W Warm White,Lighting,Custom,,Number,1.0,,
9146DDB3-3715-5C02-A275-DD9211ABF05F,LED GLS Lamp E27 9W Warm White,Lighting,Custom,,Number,1.0,,
D5B485CE-EDC1-511D-87B3-35BF365D0719,LED Candle Lamp E14 5W Warm White,Lighting,Custom,,Number,1.0,,
0D3A812F-315F-5213-9F75-5FE8867EB7EE,LED T8 Tube 4ft 18W 4000K,Lighting,Custom,,Number,1.0,,
0B257865-84AA-5252-BD02-7EACB9524130,LED T8 Tube 5ft 22W 4000K,Lighting,Custom,,Number,1.0,,
91AA524F-74AE-5899-A601-347DFFF21301,LED Driver 24V DC 60W,Lighting,Custom,,Number,1.0,,
2C35D954-EAF5-5D3B-863A-3B82ABC22522,LED Driver 24V DC 100W,Lighting,Custom,,Number,1.0,,
3EA206A9-BF3B-5C03-9D0D-2C22681C530C,LED Driver 24V DC 150W,Lighting,Custom,,Number,1.0,,
5F41ADC5-BAC0-5C98-ABC2-998C79DD1432,PIR Presence Detector Ceiling Flush 360 Deg,Lighting,Custom,,Number,1.0,,
9F6A3D70-FCCB-598F-B00B-E6E262E78F95,Microwave Sensor Ceiling Surface 360 Deg,Lighting,Custom,,Number,1.0,,
423F1AB2-4D3D-5DFB-95B4-112EC460B3D1,LED Strip 24V 10W/m 4000K IP20 (5m Reel),Lighting,Custom,,Drum,,5,M
B008C6FB-68A4-597B-9739-59F4288426E9,LED Aluminium Profile with Opal Diffuser - 2m,Lighting,Custom,,Length,,2,M
99422EFE-832B-58AC-AF24-A22FF9E8821C,15mm (1/2in) Black Heavy Steel Tube Screwed & Socketed - 6.4m,Pipework,Custom,,Length,,6.4,M
FCC4EB4E-C9C5-576E-A65B-9118316D7EFE,20mm (3/4in) Black Heavy Steel Tube Screwed & Socketed - 6.4m,Pipework,Custom,,Length,,6.4,M
8CAC0542-1857-58DF-A475-EF71AA6CF980,25mm (1in) Black Heavy Steel Tube Screwed & Socketed - 6.4m,Pipework,Custom,,Length,,6.4,M
32544C1F-F6B2-59C4-9E4C-A6354977DD17,32mm (1-1/4in) Black Heavy Steel Tube Screwed & Socketed - 6.4m,Pipework,Custom,,Length,,6.4,M
C2702E9B-809B-56C9-B048-62BB122AF217,40mm (1-1/2in) Black Heavy Steel Tube Screwed & Socketed - 6.4m,Pipework,Custom,,Length,,6.4,M
609D60FF-C86D-5841-BF48-9939EE716590,50mm (2in) Black Heavy Steel Tube Screwed & Socketed - 6.4m,Pipework,Custom,,Length,,6.4,M
C759F8BE-219A-5694-AAFF-E01BF3AE3B00,65mm (2-1/2in) Black Heavy Steel Tube Plain End - 6.4m,Pipework,Custom,,Length,,6.4,M
84B3A528-595D-523C-8B65-8202A310119F,80mm (3in) Black Heavy Steel Tube Plain End - 6.4m,Pipework,Custom,,Length,,6.4,M
3A87A69D-06E5-5886-B51C-09C5E475EAA9,100mm (4in) Black Heavy Steel Tube Plain End - 6.4m,Pipework,Custom,,Length,,6.4,M
4B5ECD2C-E8D1-5239-B240-778DF90A3288,125mm (5in) Black Heavy Steel Tube Plain End - 6.4m,Pipework,Custom,,Length,,6.4,M
7BEAF564-A771-5240-A902-C99F89E7CDEB,150mm (6in) Black Heavy Steel Tube Plain End - 6.4m,Pipework,Custom,,Length,,6.4,M
05BF1A12-8AED-5773-B3FA-F2A75B39FA53,15mm (1/2in) Galvanised Heavy Steel Tube Screwed & Socketed - 6.4m,Pipework,Custom,,Length,,6.4,M
FCBAEF84-E509-5EBA-87A0-E1A4BC7E5F38,20mm (3/4in) Galvanised Heavy Steel Tube Screwed & Socketed - 6.4m,Pipework,Custom,,Length,,6.4,M
CE79E634-64B2-5EA3-A88B-D6DAFBB9B4E3,25mm (1in) Galvanised Heavy Steel Tube Screwed & Socketed - 6.4m,Pipework,Custom,,Length,,6.4,M
A3681B94-7F6F-5B3C-8A24-6ABE96E1E0FF,32mm (1-1/4in) Galvanised Heavy Steel Tube Screwed & Socketed - 6.4m,Pipework,Custom,,Length,,6.4,M
6E5A31A6-A4DA-510D-8800-E1729FB7F4E4,40mm (1-1/2in) Galvanised Heavy Steel Tube Screwed & Socketed - 6.4m,Pipework,Custom,,Length,,6.4,M
E7D3E3FA-43ED-5D93-A861-3B4FCD7A257A,50mm (2in) Galvanised Heavy Steel Tube Screwed & Socketed - 6.4m,Pipework,Custom,,Length,,6.4,M
047176AA-F57D-52A9-BB86-78C044F588F9,65mm (2-1/2in) Galvanised Heavy Steel Tube Screwed & Socketed - 6.4m,Pipework,Custom,,Length,,6.4,M
813A1109-7A25-58BB-BC50-455113FADA53,80mm (3in) Galvanised Heavy Steel Tube Screwed & Socketed - 6.4m,Pipework,Custom,,Length,,6.4,M
106D27CD-9F88-53F4-A356-502DD4388EE0,15mm Carbon Steel Press-Fit Tube Zinc Plated - 6m,Pipework,Custom,,Length,,6,M
0CF93A85-951C-5C51-89DE-B478173E239E,18mm Carbon Steel Press-Fit Tube Zinc Plated - 6m,Pipework,Custom,,Length,,6,M
B23F8EE8-E37C-5BD7-96B1-4357DC05BFB7,22mm Carbon Steel Press-Fit Tube Zinc Plated - 6m,Pipework,Custom,,Length,,6,M
A0327901-C47A-5F50-B1A7-3BFBD80E2864,28mm Carbon Steel Press-Fit Tube Zinc Plated - 6m,Pipework,Custom,,Length,,6,M
25B59840-89A5-5B43-B730-3B5AD1133A2E,35mm Carbon Steel Press-Fit Tube Zinc Plated - 6m,Pipework,Custom,,Length,,6,M
9B121092-AFAA-5603-92FC-58CD2B0AAB17,42mm Carbon Steel Press-Fit Tube Zinc Plated - 6m,Pipework,Custom,,Length,,6,M
966B9280-66F5-5B43-8F03-8F33A6AAD059,54mm Carbon Steel Press-Fit Tube Zinc Plated - 6m,Pipework,Custom,,Length,,6,M
22FF4484-59C6-5150-91CF-EE64D6896F05,76.1mm Carbon Steel Press-Fit Tube Zinc Plated - 6m,Pipework,Custom,,Length,,6,M
898B5235-0773-50E5-9643-590671DD4848,88.9mm Carbon Steel Press-Fit Tube Zinc Plated - 6m,Pipework,Custom,,Length,,6,M
2F7E084C-6D8C-5A30-BD03-41C4F29A2090,108mm Carbon Steel Press-Fit Tube Zinc Plated - 6m,Pipework,Custom,,Length,,6,M
28A9358A-8833-59FB-9146-D221A76BFB8E,16mm MLCP Multilayer Composite Pipe (100m Coil),Pipework,Custom,,Drum,,100,M
ADAE0F98-E1EB-5E68-A487-C8E300BECD7E,16mm MLCP Multilayer Composite Pipe - 5m,Pipework,Custom,,Length,,5,M
3F1A889F-0985-5E3E-9D9A-7E90574D2D13,20mm MLCP Multilayer Composite Pipe (100m Coil),Pipework,Custom,,Drum,,100,M
E35B24E1-7E8C-515B-93D0-7A8D34D34F9F,20mm MLCP Multilayer Composite Pipe - 5m,Pipework,Custom,,Length,,5,M
263FB6BF-9001-52D4-A0E9-8D263D14AE37,26mm MLCP Multilayer Composite Pipe (50m Coil),Pipework,Custom,,Drum,,50,M
3AE807BD-DC6E-53E6-916F-8F3014AE518C,26mm MLCP Multilayer Composite Pipe - 5m,Pipework,Custom,,Length,,5,M
67744A92-7E8A-5000-9771-30A9444F7814,32mm MLCP Multilayer Composite Pipe (50m Coil),Pipework,Custom,,Drum,,50,M
7625820D-1FF5-5B22-8015-AFE1420013C3,32mm MLCP Multilayer Composite Pipe - 5m,Pipework,Custom,,Length,,5,M
7F0FC2A9-10B5-5056-8227-2CB24BE23258,15mm (1/2in) Black Malleable Iron 90 Deg Elbow,Valves & Fittings,Custom,,Number,1.0,,
BBCCE9A9-D0A9-5027-BA44-DFCE05D0F888,15mm (1/2in) Black Malleable Iron 90 Deg Elbow M&F,Valves & Fittings,Custom,,Number,1.0,,
8F93AA14-4E60-5562-A5A3-57BBE54A2BC3,15mm (1/2in) Black Malleable Iron Equal Tee,Valves & Fittings,Custom,,Number,1.0,,
BB587AEB-EF55-556A-9827-3FF67ED049AD,15mm (1/2in) Black Malleable Iron Socket,Valves & Fittings,Custom,,Number,1.0,,
76DFE037-F9AC-534E-AC3F-6B711131BE7B,15mm (1/2in) Black Malleable Iron Hex Nipple,Valves & Fittings,Custom,,Number,1.0,,
5C498C92-072E-56DB-9A71-05E4945F9983,15mm (1/2in) Black Malleable Iron Union Taper Seat,Valves & Fittings,Custom,,Number,1.0,,
6FD82C46-40DE-5707-9910-187C4B9A52A0,15mm (1/2in) Black Malleable Iron Plug,Valves & Fittings,Custom,,Number,1.0,,
F4B9A252-07B5-520E-A210-1CB7A162DE2C,15mm (1/2in) Black Malleable Iron Cap,Valves & Fittings,Custom,,Number,1.0,,
536A18A8-0CA0-5A2D-9590-7E1B071C846A,20mm (3/4in) Black Malleable Iron 90 Deg Elbow,Valves & Fittings,Custom,,Number,1.0,,
490D1E82-AA77-53EB-97E3-B28704770304,20mm (3/4in) Black Malleable Iron 90 Deg Elbow M&F,Valves & Fittings,Custom,,Number,1.0,,
EFCC4A2D-5ACA-5615-B315-A19F9FD3D354,20mm (3/4in) Black Malleable Iron Equal Tee,Valves & Fittings,Custom,,Number,1.0,,
4918F3B0-AEE1-5CD6-A6BE-4AAEB09BD30F,20mm (3/4in) Black Malleable Iron Socket,Valves & Fittings,Custom,,Number,1.0,,
79192B81-7594-5F44-964F-A7BE606C5881,20mm (3/4in) Black Malleable Iron Hex Nipple,Valves & Fittings,Custom,,Number,1.0,,
29113BA5-4238-5596-B8AF-884830B91D66,20mm (3/4in) Black Malleable Iron Union Taper Seat,Valves & Fittings,Custom,,Number,1.0,,
7BCF8BB0-110C-531B-8095-11276A25DA01,20mm (3/4in) Black Malleable Iron Plug,Valves & Fittings,Custom,,Number,1.0,,
A0224EC5-EB37-5415-95F4-10AF60A0B2CB,20mm (3/4in) Black Malleable Iron Cap,Valves & Fittings,Custom,,Number,1.0,,
0DBF9C6E-7FF9-5E98-B08E-D306C07A7C80,25mm (1in) Black Malleable Iron 90 Deg Elbow,Valves & Fittings,Custom,,Number,1.0,,
B4501D47-0B98-5DB8-9CA7-9123780460E3,25mm (1in) Black Malleable Iron 90 Deg Elbow M&F,Valves & Fittings,Custom,,Number,1.0,,
106D7763-6377-532D-9BED-C8C8FBE71471,25mm (1in) Black Malleable Iron Equal Tee,Valves & Fittings,Custom,,Number,1.0,,
142BAD99-48C0-50C9-81FD-FD88867FB01C,25mm (1in) Black Malleable Iron Socket,Valves & Fittings,Custom,,Number,1.0,,
2312247B-691F-5094-B01E-1A23517916B2,25mm (1in) Black Malleable Iron Hex Nipple,Valves & Fittings,Custom,,Number,1.0,,
FE20CCD8-7CDC-5F58-8515-1C434ABEA10A,25mm (1in) Black Malleable Iron Union Taper Seat,Valves & Fittings,Custom,,Number,1.0,,
E505D3AD-6134-5EE3-995C-4FA672FDE91C,25mm (1in) Black Malleable Iron Plug,Valves & Fittings,Custom,,Number,1.0,,
CC6B6FD4-22F7-5657-8E38-6094B8B7B9DA,25mm (1in) Black Malleable Iron Cap,Valves & Fittings,Custom,,Number,1.0,,
3697B893-6AAD-51DF-9E99-AB495C49EA67,32mm (1-1/4in) Black Malleable Iron 90 Deg Elbow,Valves & Fittings,Custom,,Number,1.0,,
075A6708-87A5-51CE-A100-873A37B677C3,32mm (1-1/4in) Black Malleable Iron 90 Deg Elbow M&F,Valves & Fittings,Custom,,Number,1.0,,
39F430E2-4B45-556B-8199-4FD4DE161C39,32mm (1-1/4in) Black Malleable Iron Equal Tee,Valves & Fittings,Custom,,Number,1.0,,
AD007ADB-54ED-50EF-9743-42CB53857DE8,32mm (1-1/4in) Black Malleable Iron Socket,Valves & Fittings,Custom,,Number,1.0,,
71A7C6C8-4DAE-5938-89BE-C32BCBCE892B,32mm (1-1/4in) Black Malleable Iron Hex Nipple,Valves & Fittings,Custom,,Number,1.0,,
843C0723-B1C0-5DD0-A944-91081D834029,32mm (1-1/4in) Black Malleable Iron Union Taper Seat,Valves & Fittings,Custom,,Number,1.0,,
938D4642-D0AD-5F76-A8BA-A33C24FF6BA2,32mm (1-1/4in) Black Malleable Iron Plug,Valves & Fittings,Custom,,Number,1.0,,
07CD9608-3890-5F8B-B0A6-BFB194C3371F,32mm (1-1/4in) Black Malleable Iron Cap,Valves & Fittings,Custom,,Number,1.0,,
082ED305-F2F6-5620-A13C-92E9A86B3CAF,40mm (1-1/2in) Black Malleable Iron 90 Deg Elbow,Valves & Fittings,Custom,,Number,1.0,,
3DFC8346-5A0E-50C6-9906-002B31D21A69,40mm (1-1/2in) Black Malleable Iron 90 Deg Elbow M&F,Valves & Fittings,Custom,,Number,1.0,,
E1EFF9E0-59DC-5727-819F-3C85A932FC2E,40mm (1-1/2in) Black Malleable Iron Equal Tee,Valves & Fittings,Custom,,Number,1.0,,
392F3D3C-DDEF-5757-9635-197654F8F16A,40mm (1-1/2in) Black Malleable Iron Socket,Valves & Fittings,Custom,,Number,1.0,,
59B14182-5EE9-57F8-AE99-EF8E2B2F54A0,40mm (1-1/2in) Black Malleable Iron Hex Nipple,Valves & Fittings,Custom,,Number,1.0,,
2D2DE719-D0C6-5012-81F1-2B190450A26F,40mm (1-1/2in) Black Malleable Iron Union Taper Seat,Valves & Fittings,Custom,,Number,1.0,,
510D9A40-DDB8-54B5-AEB9-2215273E3A66,40mm (1-1/2in) Black Malleable Iron Plug,Valves & Fittings,Custom,,Number,1.0,,
21319887-27C0-5E18-9702-CE0FA4DACF6D,40mm (1-1/2in) Black Malleable Iron Cap,Valves & Fittings,Custom,,Number,1.0,,
A8A29039-2458-5568-954C-3ADA7EF5EB32,50mm (2in) Black Malleable Iron 90 Deg Elbow,Valves & Fittings,Custom,,Number,1.0,,
691E37BE-E64E-5E9F-B73D-FA63FAC2ECC2,50mm (2in) Black Malleable Iron 90 Deg Elbow M&F,Valves & Fittings,Custom,,Number,1.0,,
BBCC06C7-89CD-59D0-9211-CD36E5A6DB44,50mm (2in) Black Malleable Iron Equal Tee,Valves & Fittings,Custom,,Number,1.0,,
06CF40F2-586C-5EEB-9027-68D265A1F3B1,50mm (2in) Black Malleable Iron Socket,Valves & Fittings,Custom,,Number,1.0,,
BA1B2D8C-5C84-564D-9B9A-E4756E274081,50mm (2in) Black Malleable Iron Hex Nipple,Valves & Fittings,Custom,,Number,1.0,,
0B727034-DCE2-57D3-A1ED-9205FFF276A8,50mm (2in) Black Malleable Iron Union Taper Seat,Valves & Fittings,Custom,,Number,1.0,,
1A55AB45-B2D8-5714-96ED-9A9A73AF1F83,50mm (2in) Black Malleable Iron Plug,Valves & Fittings,Custom,,Number,1.0,,
F40FC8CB-E1CC-5163-9976-7A77B2EBFB3B,50mm (2in) Black Malleable Iron Cap,Valves & Fittings,Custom,,Number,1.0,,
026FF6F5-8BBC-59EA-B446-2EB3D17E13B7,20x15mm (3/4x1/2in) Black Malleable Iron Hex Bush,Valves & Fittings,Custom,,Number,1.0,,
66D3C606-FB02-52A5-B5F1-ECC332C2B9B5,25x15mm (1x1/2in) Black Malleable Iron Hex Bush,Valves & Fittings,Custom,,Number,1.0,,
6C2D5C28-0304-5C41-A6DA-6CC214B99A4A,25x20mm (1x3/4in) Black Malleable Iron Hex Bush,Valves & Fittings,Custom,,Number,1.0,,
DF9ECE9A-9AA5-5051-A6C0-B87DC97492DD,32x25mm (1-1/4x1in) Black Malleable Iron Hex Bush,Valves & Fittings,Custom,,Number,1.0,,
C331C94B-D63F-561E-8BDF-1DACC2A46B83,40x32mm (1-1/2x1-1/4in) Black Malleable Iron Hex Bush,Valves & Fittings,Custom,,Number,1.0,,
F3E0B7CC-08F5-533B-993A-667BD19D5789,50x40mm (2x1-1/2in) Black Malleable Iron Hex Bush,Valves & Fittings,Custom,,Number,1.0,,
0CA3F1C6-04AA-5452-A63F-E27114DB23A0,20x15mm (3/4x1/2in) Black Malleable Iron Reducing Socket,Valves & Fittings,Custom,,Number,1.0,,
B26A790B-C904-5F1A-A0C4-375BE81C28D9,25x20mm (1x3/4in) Black Malleable Iron Reducing Socket,Valves & Fittings,Custom,,Number,1.0,,
0C635A89-9A74-551D-8BDC-AC422413B85A,32x25mm (1-1/4x1in) Black Malleable Iron Reducing Socket,Valves & Fittings,Custom,,Number,1.0,,
5422B14E-2528-5DDB-80C0-BFD971AE803F,40x32mm (1-1/2x1-1/4in) Black Malleable Iron Reducing Socket,Valves & Fittings,Custom,,Number,1.0,,
14A8E43F-34C5-5FAD-B126-DE89AAD8C872,50x40mm (2x1-1/2in) Black Malleable Iron Reducing Socket,Valves & Fittings,Custom,,Number,1.0,,
4876A2A7-08F9-56D6-9188-AA51FDA1A56F,15mm (1/2in) Galvanised Malleable Iron 90 Deg Elbow,Valves & Fittings,Custom,,Number,1.0,,
F19CACAC-D5CE-5670-8E60-71F1197A6010,15mm (1/2in) Galvanised Malleable Iron 90 Deg Elbow M&F,Valves & Fittings,Custom,,Number,1.0,,
B854D7A8-A88C-50E8-A1B0-AEF48A52BF83,15mm (1/2in) Galvanised Malleable Iron Equal Tee,Valves & Fittings,Custom,,Number,1.0,,
354BD82A-83A0-560D-BAAE-C6BB81C276A3,15mm (1/2in) Galvanised Malleable Iron Socket,Valves & Fittings,Custom,,Number,1.0,,
8E66B78F-26B1-576E-A97B-BCE7DAE54171,15mm (1/2in) Galvanised Malleable Iron Hex Nipple,Valves & Fittings,Custom,,Number,1.0,,
099BA727-4B1C-5B03-A59C-7B5A29724BA7,15mm (1/2in) Galvanised Malleable Iron Union Taper Seat,Valves & Fittings,Custom,,Number,1.0,,
3056618E-188C-5D6A-AEB3-9FFE40147F93,15mm (1/2in) Galvanised Malleable Iron Plug,Valves & Fittings,Custom,,Number,1.0,,
BBD2B344-5634-527A-890F-A82F0AB9C41B,15mm (1/2in) Galvanised Malleable Iron Cap,Valves & Fittings,Custom,,Number,1.0,,
3BE88EDB-5CC1-55C0-A241-2930E4AC6CE5,20mm (3/4in) Galvanised Malleable Iron 90 Deg Elbow,Valves & Fittings,Custom,,Number,1.0,,
B82DC6E2-8DDD-55C5-B350-5C964D54E7DB,20mm (3/4in) Galvanised Malleable Iron 90 Deg Elbow M&F,Valves & Fittings,Custom,,Number,1.0,,
8001CDF0-54E1-53D3-9360-52F3F7A32997,20mm (3/4in) Galvanised Malleable Iron Equal Tee,Valves & Fittings,Custom,,Number,1.0,,
3F5742D2-2B61-503F-AADB-65EC817BDE8D,20mm (3/4in) Galvanised Malleable Iron Socket,Valves & Fittings,Custom,,Number,1.0,,
7A44293E-6348-5156-BCF6-92F7868DF833,20mm (3/4in) Galvanised Malleable Iron Hex Nipple,Valves & Fittings,Custom,,Number,1.0,,
E7E52CAB-9CDB-5BB0-A47E-38F8927C4FEC,20mm (3/4in) Galvanised Malleable Iron Union Taper Seat,Valves & Fittings,Custom,,Number,1.0,,
296D7435-AEF4-59F4-8292-C9AFED7E306F,20mm (3/4in) Galvanised Malleable Iron Plug,Valves & Fittings,Custom,,Number,1.0,,
BFB4A03C-A1FF-5EA8-B274-1A16DD200FF0,20mm (3/4in) Galvanised Malleable Iron Cap,Valves & Fittings,Custom,,Number,1.0,,
00081A5B-033B-5181-A4A7-7DD8FA1B1F8D,25mm (1in) Galvanised Malleable Iron 90 Deg Elbow,Valves & Fittings,Custom,,Number,1.0,,
06C57AB7-35F4-55DC-8EAF-E3D2F0D92F3A,25mm (1in) Galvanised Malleable Iron 90 Deg Elbow M&F,Valves & Fittings,Custom,,Number,1.0,,
5CEE399C-05C7-57A2-B045-F1F25EA5BFBB,25mm (1in) Galvanised Malleable Iron Equal Tee,Valves & Fittings,Custom,,Number,1.0,,
D30AF4E3-20F4-50A5-BAA7-F9AAF548BDFE,25mm (1in) Galvanised Malleable Iron Socket,Valves & Fittings,Custom,,Number,1.0,,
4AD96388-FDDD-5C69-AF0B-8FD3A3D23E17,25mm (1in) Galvanised Malleable Iron Hex Nipple,Valves & Fittings,Custom,,Number,1.0,,
DBF6BEDA-1888-5721-A5F3-C3BB3CB870AE,25mm (1in) Galvanised Malleable Iron Union Taper Seat,Valves & Fittings,Custom,,Number,1.0,,
54D30717-2549-5A6E-BAF8-2406D078AC4C,25mm (1in) Galvanised Malleable Iron Plug,Valves & Fittings,Custom,,Number,1.0,,
EFB376D1-6236-5676-BC3E-DE8FFAD8B048,25mm (1in) Galvanised Malleable Iron Cap,Valves & Fittings,Custom,,Number,1.0,,
94E19773-B9D3-5CD3-B9BD-C25B01CAB592,32mm (1-1/4in) Galvanised Malleable Iron 90 Deg Elbow,Valves & Fittings,Custom,,Number,1.0,,
2391636E-9941-52B1-9C86-0122E9288B66,32mm (1-1/4in) Galvanised Malleable Iron 90 Deg Elbow M&F,Valves & Fittings,Custom,,Number,1.0,,
AB2BE2C3-6A65-5323-9B0D-9FE818FD345A,32mm (1-1/4in) Galvanised Malleable Iron Equal Tee,Valves & Fittings,Custom,,Number,1.0,,
D953479D-C4A7-5AC2-BD6C-E7E38318E24D,32mm (1-1/4in) Galvanised Malleable Iron Socket,Valves & Fittings,Custom,,Number,1.0,,
73257801-7EFC-589E-AA59-1F0C03070286,32mm (1-1/4in) Galvanised Malleable Iron Hex Nipple,Valves & Fittings,Custom,,Number,1.0,,
B9043E38-EE3B-5432-84DE-88BA04B90C72,32mm (1-1/4in) Galvanised Malleable Iron Union Taper Seat,Valves & Fittings,Custom,,Number,1.0,,
B67E0E7E-1EFD-5A8D-A659-99DD9F553AC2,32mm (1-1/4in) Galvanised Malleable Iron Plug,Valves & Fittings,Custom,,Number,1.0,,
FE853D8F-610F-5521-A0E7-54550B808118,32mm (1-1/4in) Galvanised Malleable Iron Cap,Valves & Fittings,Custom,,Number,1.0,,
8E005DC1-718D-5D0F-AEC6-E468A61356E9,40mm (1-1/2in) Galvanised Malleable Iron 90 Deg Elbow,Valves & Fittings,Custom,,Number,1.0,,
EB7A0FDC-2A7B-5255-BFC8-82A5243E3BAB,40mm (1-1/2in) Galvanised Malleable Iron 90 Deg Elbow M&F,Valves & Fittings,Custom,,Number,1.0,,
8C7F1587-3007-56D3-9E39-F3642181E243,40mm (1-1/2in) Galvanised Malleable Iron Equal Tee,Valves & Fittings,Custom,,Number,1.0,,
FD13240B-5E75-59D6-936B-63ACE79C971B,40mm (1-1/2in) Galvanised Malleable Iron Socket,Valves & Fittings,Custom,,Number,1.0,,
BD5D2594-E057-5957-A736-67F6DD091493,40mm (1-1/2in) Galvanised Malleable Iron Hex Nipple,Valves & Fittings,Custom,,Number,1.0,,
99CBFF1F-79D2-560F-91E6-C670D8CF0EB7,40mm (1-1/2in) Galvanised Malleable Iron Union Taper Seat,Valves & Fittings,Custom,,Number,1.0,,
609667F1-0414-5A7B-B879-1074572895E4,40mm (1-1/2in) Galvanised Malleable Iron Plug,Valves & Fittings,Custom,,Number,1.0,,
C0052A13-225E-5343-AB15-3FD38D57EDAB,40mm (1-1/2in) Galvanised Malleable Iron Cap,Valves & Fittings,Custom,,Number,1.0,,
42377CA7-B495-5692-8386-C237CA193C72,50mm (2in) Galvanised Malleable Iron 90 Deg Elbow,Valves & Fittings,Custom,,Number,1.0,,
3489EB7C-47A1-56C3-9A9E-C5CDA637485E,50mm (2in) Galvanised Malleable Iron 90 Deg Elbow M&F,Valves & Fittings,Custom,,Number,1.0,,
367D7B0A-3F95-53D2-9304-4A3FED70046E,50mm (2in) Galvanised Malleable Iron Equal Tee,Valves & Fittings,Custom,,Number,1.0,,
F9273554-E956-57D5-B727-C52DC35AAC2D,50mm (2in) Galvanised Malleable Iron Socket,Valves & Fittings,Custom,,Number,1.0,,
3567F0B2-C733-5C05-A9D9-BFA612C3E62C,50mm (2in) Galvanised Malleable Iron Hex Nipple,Valves & Fittings,Custom,,Number,1.0,,
4979F04C-14B3-5C6A-ACCB-A34DC25B3521,50mm (2in) Galvanised Malleable Iron Union Taper Seat,Valves & Fittings,Custom,,Number,1.0,,
2C39E291-D69B-5F6E-A9C7-282D1813E3FB,50mm (2in) Galvanised Malleable Iron Plug,Valves & Fittings,Custom,,Number,1.0,,
13F22BC6-1279-5531-A260-FEA86686192C,50mm (2in) Galvanised Malleable Iron Cap,Valves & Fittings,Custom,,Number,1.0,,
EFEED790-4B23-53CD-9085-48008F822FA7,20x15mm (3/4x1/2in) Galvanised Malleable Iron Hex Bush,Valves & Fittings,Custom,,Number,1.0,,
3B274E70-4199-52BE-B4B6-6D4843717665,25x15mm (1x1/2in) Galvanised Malleable Iron Hex Bush,Valves & Fittings,Custom,,Number,1.0,,
9800FBB0-4164-51B8-8974-27DF1316F1BA,25x20mm (1x3/4in) Galvanised Malleable Iron Hex Bush,Valves & Fittings,Custom,,Number,1.0,,
A6F97A3F-4F76-5EA0-A179-889F11027FB6,32x25mm (1-1/4x1in) Galvanised Malleable Iron Hex Bush,Valves & Fittings,Custom,,Number,1.0,,
45A86304-4B9D-5A28-BAB5-778907345E52,40x32mm (1-1/2x1-1/4in) Galvanised Malleable Iron Hex Bush,Valves & Fittings,Custom,,Number,1.0,,
A857056C-7D9D-5E7F-A834-BD65CA1B3BC0,50x40mm (2x1-1/2in) Galvanised Malleable Iron Hex Bush,Valves & Fittings,Custom,,Number,1.0,,
D21A68A2-F890-5302-883C-263A80937C61,20x15mm (3/4x1/2in) Galvanised Malleable Iron Reducing Socket,Valves & Fittings,Custom,,Number,1.0,,
1BA5BD47-2C33-5A0A-9D21-0FAF99C02CE0,25x20mm (1x3/4in) Galvanised Malleable Iron Reducing Socket,Valves & Fittings,Custom,,Number,1.0,,
86B7D0FC-FA7E-5069-B617-C766BF3FCBA9,32x25mm (1-1/4x1in) Galvanised Malleable Iron Reducing Socket,Valves & Fittings,Custom,,Number,1.0,,
68DF7BBC-130F-5C34-8DF3-F87F645CC9AA,40x32mm (1-1/2x1-1/4in) Galvanised Malleable Iron Reducing Socket,Valves & Fittings,Custom,,Number,1.0,,
2978F177-D0E5-5D10-930F-A370CE81FAA2,50x40mm (2x1-1/2in) Galvanised Malleable Iron Reducing Socket,Valves & Fittings,Custom,,Number,1.0,,
BBBDBFBC-6FBF-5DCE-A4BB-209B408817BE,DN65 Butt Weld Long Radius 90 Deg Elbow (Carbon Steel),Valves & Fittings,Custom,,Number,1.0,,
1E74B430-C4E4-5D2C-BDEF-1F9A3E69E056,DN65 Butt Weld Long Radius 45 Deg Elbow (Carbon Steel),Valves & Fittings,Custom,,Number,1.0,,
DB51617C-F44F-585D-985A-9513FEE0B92E,DN65 Butt Weld Equal Tee (Carbon Steel),Valves & Fittings,Custom,,Number,1.0,,
321A4276-0A6A-55A4-AC95-0A22A4757D59,DN65 Butt Weld Cap (Carbon Steel),Valves & Fittings,Custom,,Number,1.0,,
C6C7B22F-AFC0-5979-BB24-D302604A5C48,DN80 Butt Weld Long Radius 90 Deg Elbow (Carbon Steel),Valves & Fittings,Custom,,Number,1.0,,
DAB3AE4B-1FEB-51D5-A6B0-C799F0297325,DN80 Butt Weld Long Radius 45 Deg Elbow (Carbon Steel),Valves & Fittings,Custom,,Number,1.0,,
8299399A-D2D0-5BD3-BBE7-39C38A6A5757,DN80 Butt Weld Equal Tee (Carbon Steel),Valves & Fittings,Custom,,Number,1.0,,
15296065-B8AE-5956-BB3E-ABCCAB7748C5,DN80 Butt Weld Cap (Carbon Steel),Valves & Fittings,Custom,,Number,1.0,,
97154E27-EC9F-5FC7-95EE-2DE4A11D765A,DN100 Butt Weld Long Radius 90 Deg Elbow (Carbon Steel),Valves & Fittings,Custom,,Number,1.0,,
0AD9A62C-E4BE-56A9-8A6E-4316B299C563,DN100 Butt Weld Long Radius 45 Deg Elbow (Carbon Steel),Valves & Fittings,Custom,,Number,1.0,,
55D19D9F-69B9-53E5-9E77-7BB2CF34619C,DN100 Butt Weld Equal Tee (Carbon Steel),Valves & Fittings,Custom,,Number,1.0,,
57FEB25A-D3F8-5E90-ABD3-789C6DC11656,DN100 Butt Weld Cap (Carbon Steel),Valves & Fittings,Custom,,Number,1.0,,
79B22A8A-D39D-520A-8214-C790EE8052F6,DN125 Butt Weld Long Radius 90 Deg Elbow (Carbon Steel),Valves & Fittings,Custom,,Number,1.0,,
2D5326BB-CECC-50ED-BF84-7E3452A6248C,DN125 Butt Weld Long Radius 45 Deg Elbow (Carbon Steel),Valves & Fittings,Custom,,Number,1.0,,
9F93061E-CEA4-56D5-B58C-62276C4B22AE,DN125 Butt Weld Equal Tee (Carbon Steel),Valves & Fittings,Custom,,Number,1.0,,
7CDD3AE5-32C2-5AED-914E-0926039FD972,DN125 Butt Weld Cap (Carbon Steel),Valves & Fittings,Custom,,Number,1.0,,
569D00C7-DAEF-5227-9846-0EAC483DD759,DN150 Butt Weld Long Radius 90 Deg Elbow (Carbon Steel),Valves & Fittings,Custom,,Number,1.0,,
1C5B5735-7C5E-5056-9F5C-802C1BA3CB15,DN150 Butt Weld Long Radius 45 Deg Elbow (Carbon Steel),Valves & Fittings,Custom,,Number,1.0,,
0879AFDE-2FC2-509C-A939-126DD6A389AE,DN150 Butt Weld Equal Tee (Carbon Steel),Valves & Fittings,Custom,,Number,1.0,,
35E1C906-4356-5F34-9591-DB1E19333E56,DN150 Butt Weld Cap (Carbon Steel),Valves & Fittings,Custom,,Number,1.0,,
D2DBF2AD-F151-554F-A00D-CF9ED111260B,DN80 x DN65 Butt Weld Concentric Reducer (Carbon Steel),Valves & Fittings,Custom,,Number,1.0,,
F639A733-1C48-541F-827E-4B76DF807D39,DN100 x DN80 Butt Weld Concentric Reducer (Carbon Steel),Valves & Fittings,Custom,,Number,1.0,,
D35D6EDF-55E5-5F16-B0B3-3A40A6A01563,DN125 x DN100 Butt Weld Concentric Reducer (Carbon Steel),Valves & Fittings,Custom,,Number,1.0,,
E56A9116-29D1-54F2-B908-93E80E52C5FC,DN150 x DN125 Butt Weld Concentric Reducer (Carbon Steel),Valves & Fittings,Custom,,Number,1.0,,
9CE1078D-068F-528C-AA5F-AE56147E1ABF,DN50 PN16 Slip-On Flange (Steel),Valves & Fittings,Custom,,Number,1.0,,
2F6F67E5-0A58-5B47-96A2-5F87FA26176D,DN65 PN16 Slip-On Flange (Steel),Valves & Fittings,Custom,,Number,1.0,,
1FF9A932-3481-5397-B15C-DFDA0503D046,DN80 PN16 Slip-On Flange (Steel),Valves & Fittings,Custom,,Number,1.0,,
55161A1B-75A0-5414-B310-7DDF3CE21DDC,DN100 PN16 Slip-On Flange (Steel),Valves & Fittings,Custom,,Number,1.0,,
175F46C8-7AD9-5E3C-BC9C-9A1669DCDE1E,DN125 PN16 Slip-On Flange (Steel),Valves & Fittings,Custom,,Number,1.0,,
3C605477-66D4-5886-A6CC-343987265E9E,DN150 PN16 Slip-On Flange (Steel),Valves & Fittings,Custom,,Number,1.0,,
C6DF3716-059D-5A56-976B-FEFF06EAC583,DN15 PN16 Full Face Flange Gasket,Valves & Fittings,Custom,,Number,1.0,,
12A0674D-D70D-56DE-9527-337B48E01187,DN20 PN16 Full Face Flange Gasket,Valves & Fittings,Custom,,Number,1.0,,
0133B9FB-DAC6-5B21-9D22-D44894EC496A,DN25 PN16 Full Face Flange Gasket,Valves & Fittings,Custom,,Number,1.0,,
A0497DF1-73AB-5424-B93A-5A4D63239910,DN32 PN16 Full Face Flange Gasket,Valves & Fittings,Custom,,Number,1.0,,
3CEAD5A9-62AE-53E5-A333-482953DF4DE2,DN40 PN16 Full Face Flange Gasket,Valves & Fittings,Custom,,Number,1.0,,
492D4B7A-9A92-518E-BFF7-B2C9002FE033,DN50 PN16 Full Face Flange Gasket,Valves & Fittings,Custom,,Number,1.0,,
7D36FF7E-1A5A-5B42-B886-BC3BD59BA474,DN65 PN16 Full Face Flange Gasket,Valves & Fittings,Custom,,Number,1.0,,
5235433D-0B95-562E-AB3C-B77E3C7E32B2,DN80 PN16 Full Face Flange Gasket,Valves & Fittings,Custom,,Number,1.0,,
6F938EE5-353C-54B5-8A2A-1F3F758F0BE4,DN100 PN16 Full Face Flange Gasket,Valves & Fittings,Custom,,Number,1.0,,
66CE4043-70A3-5878-9B7D-A00C0BBF9BCA,DN125 PN16 Full Face Flange Gasket,Valves & Fittings,Custom,,Number,1.0,,
35FDC2A8-3E47-5AA9-9500-BEDF24F374A5,DN150 PN16 Full Face Flange Gasket,Valves & Fittings,Custom,,Number,1.0,,
EA8046D0-2596-5C1B-858B-2CAFC72BBF6B,"Flange Bolt Set M16 x 65mm (Nut, Bolt & Washers)",Valves & Fittings,Custom,,Box,,,
BCF86E30-4DBD-5702-AC6D-9BCC98E9CF64,"Flange Bolt Set M16 x 80mm (Nut, Bolt & Washers)",Valves & Fittings,Custom,,Box,,,
AF596187-21BB-5142-9E71-7BE72ECA770D,15mm Carbon Steel Press-Fit 90 Deg Elbow,Valves & Fittings,Custom,,Number,1.0,,
13E72B62-E116-5B23-9035-5658BB628374,15mm Carbon Steel Press-Fit 45 Deg Elbow,Valves & Fittings,Custom,,Number,1.0,,
8B67905C-408F-527A-808C-8F85EAC23D19,15mm Carbon Steel Press-Fit Equal Tee,Valves & Fittings,Custom,,Number,1.0,,
49327C06-FD3C-507E-A530-EEAAB704649C,15mm Carbon Steel Press-Fit Coupler,Valves & Fittings,Custom,,Number,1.0,,
478F4BD3-3BC7-5BC3-9B8D-E07BB88D8343,15mm Carbon Steel Press-Fit Stop End,Valves & Fittings,Custom,,Number,1.0,,
F26001E3-E4F4-5275-B73B-B121EEF85DBE,15mm x 1/2in Carbon Steel Press-Fit Male Adaptor,Valves & Fittings,Custom,,Number,1.0,,
739E18A5-4C7B-55F4-864A-6C183A98A26E,15mm x 1/2in Carbon Steel Press-Fit Female Adaptor,Valves & Fittings,Custom,,Number,1.0,,
2D394897-4A62-56FC-9246-3EEA59CCC3C1,22mm Carbon Steel Press-Fit 90 Deg Elbow,Valves & Fittings,Custom,,Number,1.0,,
65D74880-5EF7-5A4B-A9C7-51F85669DF53,22mm Carbon Steel Press-Fit 45 Deg Elbow,Valves & Fittings,Custom,,Number,1.0,,
CE53AAAA-F735-5B9B-A1EC-3098F27EF307,22mm Carbon Steel Press-Fit Equal Tee,Valves & Fittings,Custom,,Number,1.0,,
5CE99E91-EE04-5CFE-B528-F040D6B36D90,22mm Carbon Steel Press-Fit Coupler,Valves & Fittings,Custom,,Number,1.0,,
F4836C4A-B97C-502B-BF94-DBAF52AF2D32,22mm Carbon Steel Press-Fit Stop End,Valves & Fittings,Custom,,Number,1.0,,
8C3AF269-6E06-585E-8B4B-34F1E00D3960,22mm x 3/4in Carbon Steel Press-Fit Male Adaptor,Valves & Fittings,Custom,,Number,1.0,,
C864A56D-4264-59C0-B9A2-D573EA28F318,22mm x 3/4in Carbon Steel Press-Fit Female Adaptor,Valves & Fittings,Custom,,Number,1.0,,
6BA77161-7E4A-563C-8D19-E38D69953FE2,28mm Carbon Steel Press-Fit 90 Deg Elbow,Valves & Fittings,Custom,,Number,1.0,,
443F6050-24DD-51DB-99A5-49D6C780989A,28mm Carbon Steel Press-Fit 45 Deg Elbow,Valves & Fittings,Custom,,Number,1.0,,
4F137524-BA07-5979-94CA-CF8F8BC23ED9,28mm Carbon Steel Press-Fit Equal Tee,Valves & Fittings,Custom,,Number,1.0,,
3533661C-F1E7-50AF-AECA-02A898E09A68,28mm Carbon Steel Press-Fit Coupler,Valves & Fittings,Custom,,Number,1.0,,
D608CAF6-CDCD-5531-B9E6-2EBFB0A88EB2,28mm Carbon Steel Press-Fit Stop End,Valves & Fittings,Custom,,Number,1.0,,
731E3E12-24B6-5421-B2DD-1B85AA4EE151,28mm x 1in Carbon Steel Press-Fit Male Adaptor,Valves & Fittings,Custom,,Number,1.0,,
D21B0061-2D13-5C7A-B91C-CCE397AD0502,28mm x 1in Carbon Steel Press-Fit Female Adaptor,Valves & Fittings,Custom,,Number,1.0,,
B05D6C23-0FD1-5479-BEE9-9DC7930B5BE2,35mm Carbon Steel Press-Fit 90 Deg Elbow,Valves & Fittings,Custom,,Number,1.0,,
6A3EE4D6-983F-504D-AB62-A0E6BFAD4D73,35mm Carbon Steel Press-Fit 45 Deg Elbow,Valves & Fittings,Custom,,Number,1.0,,
73C908CA-CA20-5FAD-8CB9-47E228C303EA,35mm Carbon Steel Press-Fit Equal Tee,Valves & Fittings,Custom,,Number,1.0,,
9469FE47-E507-57A6-BDE0-623E279D11E0,35mm Carbon Steel Press-Fit Coupler,Valves & Fittings,Custom,,Number,1.0,,
60FF5584-D7C1-5699-9BF7-A7594C755527,35mm Carbon Steel Press-Fit Stop End,Valves & Fittings,Custom,,Number,1.0,,
3679D816-D870-5B02-A0F4-73F9ACC3F90D,35mm x 1-1/4in Carbon Steel Press-Fit Male Adaptor,Valves & Fittings,Custom,,Number,1.0,,
1684D211-6BE3-58A8-9E69-36E0B906F20C,35mm x 1-1/4in Carbon Steel Press-Fit Female Adaptor,Valves & Fittings,Custom,,Number,1.0,,
BC049C74-8F47-5B34-86A7-5664B10E3813,42mm Carbon Steel Press-Fit 90 Deg Elbow,Valves & Fittings,Custom,,Number,1.0,,
E4202C89-4117-5BD4-83BA-0F077A930E25,42mm Carbon Steel Press-Fit 45 Deg Elbow,Valves & Fittings,Custom,,Number,1.0,,
75845A40-5D8B-593D-A2BB-9C44765DBB41,42mm Carbon Steel Press-Fit Equal Tee,Valves & Fittings,Custom,,Number,1.0,,
33E632CA-B969-544A-8653-8B6A5B7A2FD3,42mm Carbon Steel Press-Fit Coupler,Valves & Fittings,Custom,,Number,1.0,,
CB495834-24A8-52F3-82F0-2CAFC42984E5,42mm Carbon Steel Press-Fit Stop End,Valves & Fittings,Custom,,Number,1.0,,
12CBEC9D-CACE-5158-AAA1-96E34EC7C3FE,42mm x 1-1/2in Carbon Steel Press-Fit Male Adaptor,Valves & Fittings,Custom,,Number,1.0,,
FD300B51-A276-5D19-8898-0C114A868C0B,42mm x 1-1/2in Carbon Steel Press-Fit Female Adaptor,Valves & Fittings,Custom,,Number,1.0,,
80DA1810-D4DA-5819-8FCF-93E2629D1059,54mm Carbon Steel Press-Fit 90 Deg Elbow,Valves & Fittings,Custom,,Number,1.0,,
8CE2E19D-88F4-5B88-BF26-DE15BAA219FA,54mm Carbon Steel Press-Fit 45 Deg Elbow,Valves & Fittings,Custom,,Number,1.0,,
977BACCC-48B7-5FBD-9A64-554AF4921EF7,54mm Carbon Steel Press-Fit Equal Tee,Valves & Fittings,Custom,,Number,1.0,,
0A6E32AB-0552-568B-BD0E-3D4007A99796,54mm Carbon Steel Press-Fit Coupler,Valves & Fittings,Custom,,Number,1.0,,
48A52471-80B0-57D1-BB81-9C64C64BFE92,54mm Carbon Steel Press-Fit Stop End,Valves & Fittings,Custom,,Number,1.0,,
6E4A2FED-B6FF-52F7-8305-9611BF6EDBEF,54mm x 2in Carbon Steel Press-Fit Male Adaptor,Valves & Fittings,Custom,,Number,1.0,,
BDF9813F-3DCD-51FB-9284-38CDA7FAC696,54mm x 2in Carbon Steel Press-Fit Female Adaptor,Valves & Fittings,Custom,,Number,1.0,,
98D0F140-04A6-5DA5-9142-FF4E89D307A1,22x15mm Carbon Steel Press-Fit Reducer,Valves & Fittings,Custom,,Number,1.0,,
4357852A-7965-5F83-9324-F4C149524133,28x22mm Carbon Steel Press-Fit Reducer,Valves & Fittings,Custom,,Number,1.0,,
C1876A7F-9B79-59CB-BDEC-BF1D7C645CAD,35x28mm Carbon Steel Press-Fit Reducer,Valves & Fittings,Custom,,Number,1.0,,
A91B4478-41E3-5E93-8F8D-C890C9AAA6FE,42x35mm Carbon Steel Press-Fit Reducer,Valves & Fittings,Custom,,Number,1.0,,
A10DA222-620D-575D-95EC-27C3FAAA3035,54x42mm Carbon Steel Press-Fit Reducer,Valves & Fittings,Custom,,Number,1.0,,
BE66FD39-5451-5A2F-9F17-4A214C990A51,76.1mm Carbon Steel Press-Fit 90 Deg Elbow,Valves & Fittings,Custom,,Number,1.0,,
E4285BBB-43F3-5FC0-9D42-58EBADC2851B,76.1mm Carbon Steel Press-Fit Equal Tee,Valves & Fittings,Custom,,Number,1.0,,
FE1B099D-A9A6-5680-9F7A-D6857E2A9198,76.1mm Carbon Steel Press-Fit Coupler,Valves & Fittings,Custom,,Number,1.0,,
3A753274-3AEB-5386-BBF4-1B0817AEA0FA,88.9mm Carbon Steel Press-Fit 90 Deg Elbow,Valves & Fittings,Custom,,Number,1.0,,
A23697FA-1713-5FB1-8390-FEF9016284DD,88.9mm Carbon Steel Press-Fit Equal Tee,Valves & Fittings,Custom,,Number,1.0,,
511FD95C-A629-50D3-8E91-0AA40B8E864E,88.9mm Carbon Steel Press-Fit Coupler,Valves & Fittings,Custom,,Number,1.0,,
EA79064F-9EE5-520F-98AB-F8ED175B89CA,108mm Carbon Steel Press-Fit 90 Deg Elbow,Valves & Fittings,Custom,,Number,1.0,,
3440F40A-406E-54D7-BD5F-52781B7F029A,108mm Carbon Steel Press-Fit Equal Tee,Valves & Fittings,Custom,,Number,1.0,,
12E5E62D-ADBE-5361-A010-A09473AE2617,108mm Carbon Steel Press-Fit Coupler,Valves & Fittings,Custom,,Number,1.0,,
8B31AAB6-6722-5506-91BD-7C6B379B6422,15mm (1/2in) Bronze Gate Valve Screwed,Valves & Fittings,Custom,,Number,1.0,,
2856484D-4404-5763-82E6-B62505256282,15mm (1/2in) Brass Lever Ball Valve Full Bore F/F,Valves & Fittings,Custom,,Number,1.0,,
69858046-894F-537B-AE42-110553F01BF3,15mm (1/2in) Double Regulating Valve (DRV) Bronze Screwed,Valves & Fittings,Custom,,Number,1.0,,
3122FC18-A727-5CF6-BA63-BAA07293CA3D,15mm (1/2in) Commissioning Set (FODRV) Bronze Screwed,Valves & Fittings,Custom,,Number,1.0,,
6C3E2F26-D9FC-5CE7-970C-AFE48FD7E138,15mm (1/2in) Y Strainer Bronze Screwed,Valves & Fittings,Custom,,Number,1.0,,
0C1257DC-A6F7-5D8E-A11C-B5620ECB652F,15mm (1/2in) Swing Check Valve Bronze Screwed,Valves & Fittings,Custom,,Number,1.0,,
62CC2979-2C7F-508D-AB2B-0BBA078A9476,20mm (3/4in) Bronze Gate Valve Screwed,Valves & Fittings,Custom,,Number,1.0,,
856E9F32-9974-57A7-943C-EF4948996FF5,20mm (3/4in) Brass Lever Ball Valve Full Bore F/F,Valves & Fittings,Custom,,Number,1.0,,
717110A9-C9DA-5493-B60A-9FDF529B3D4D,20mm (3/4in) Double Regulating Valve (DRV) Bronze Screwed,Valves & Fittings,Custom,,Number,1.0,,
AC8EDAD7-9E11-5DDE-86CD-D14C1EB7D9F8,20mm (3/4in) Commissioning Set (FODRV) Bronze Screwed,Valves & Fittings,Custom,,Number,1.0,,
48CFEEBF-7707-5CF4-9AED-F2EF4DC1D5DD,20mm (3/4in) Y Strainer Bronze Screwed,Valves & Fittings,Custom,,Number,1.0,,
5AF35C00-88A3-5F90-99A2-D10EC411FD25,20mm (3/4in) Swing Check Valve Bronze Screwed,Valves & Fittings,Custom,,Number,1.0,,
73F5ABC2-B0FB-5342-AFD6-72FBCFC561EB,25mm (1in) Bronze Gate Valve Screwed,Valves & Fittings,Custom,,Number,1.0,,
5A1A43B8-DA41-5E69-A823-EB00FDCDFD6E,25mm (1in) Brass Lever Ball Valve Full Bore F/F,Valves & Fittings,Custom,,Number,1.0,,
811394AD-9B8A-51AF-8796-1195DE136286,25mm (1in) Double Regulating Valve (DRV) Bronze Screwed,Valves & Fittings,Custom,,Number,1.0,,
EA7CFB11-B508-5CD4-90D8-F9D0041160D7,25mm (1in) Commissioning Set (FODRV) Bronze Screwed,Valves & Fittings,Custom,,Number,1.0,,
766BC8EA-8E9F-5446-AFEE-49477E92A40C,25mm (1in) Y Strainer Bronze Screwed,Valves & Fittings,Custom,,Number,1.0,,
27FE6458-C892-5630-8E8A-8C3257E22AD2,25mm (1in) Swing Check Valve Bronze Screwed,Valves & Fittings,Custom,,Number,1.0,,
6BA864B0-DB5B-5478-A3FC-7FE482603CA4,32mm (1-1/4in) Bronze Gate Valve Screwed,Valves & Fittings,Custom,,Number,1.0,,
4CF50305-00BC-5380-87C5-77A4C9D9F436,32mm (1-1/4in) Brass Lever Ball Valve Full Bore F/F,Valves & Fittings,Custom,,Number,1.0,,
8D280255-1041-5F76-8782-1CDB7E8D6F09,32mm (1-1/4in) Double Regulating Valve (DRV) Bronze Screwed,Valves & Fittings,Custom,,Number,1.0,,
4D3771D3-8238-5E1D-812D-C26BB888ED2A,32mm (1-1/4in) Commissioning Set (FODRV) Bronze Screwed,Valves & Fittings,Custom,,Number,1.0,,
8669D5B1-1B1A-595D-8DC1-B4A09166DE02,32mm (1-1/4in) Y Strainer Bronze Screwed,Valves & Fittings,Custom,,Number,1.0,,
1FF0E2B0-8EC5-530D-AF9C-7A0D6B239421,32mm (1-1/4in) Swing Check Valve Bronze Screwed,Valves & Fittings,Custom,,Number,1.0,,
267A4ADA-E087-5281-94AB-B2F8A323A70E,40mm (1-1/2in) Bronze Gate Valve Screwed,Valves & Fittings,Custom,,Number,1.0,,
8AEE51EF-7C2F-54E7-8899-297B8C589BDF,40mm (1-1/2in) Brass Lever Ball Valve Full Bore F/F,Valves & Fittings,Custom,,Number,1.0,,
DDF51DE4-19F4-56A2-B9E9-CF3E4FC952FF,40mm (1-1/2in) Double Regulating Valve (DRV) Bronze Screwed,Valves & Fittings,Custom,,Number,1.0,,
7D3974E0-62CB-53BF-BE6F-87242E03C6F7,40mm (1-1/2in) Commissioning Set (FODRV) Bronze Screwed,Valves & Fittings,Custom,,Number,1.0,,
8DB288CF-FC97-5169-901F-178966B1014D,40mm (1-1/2in) Y Strainer Bronze Screwed,Valves & Fittings,Custom,,Number,1.0,,
C9AAD9C5-815C-5584-BCB9-745B083BE408,40mm (1-1/2in) Swing Check Valve Bronze Screwed,Valves & Fittings,Custom,,Number,1.0,,
9B845E2E-B8F9-5E7F-A95D-53CFE68224B6,50mm (2in) Bronze Gate Valve Screwed,Valves & Fittings,Custom,,Number,1.0,,
9EF62988-E4EE-55B4-83F4-38CADEEF1FBD,50mm (2in) Brass Lever Ball Valve Full Bore F/F,Valves & Fittings,Custom,,Number,1.0,,
2044B685-A639-5ABE-AD35-5B066B0647E8,50mm (2in) Double Regulating Valve (DRV) Bronze Screwed,Valves & Fittings,Custom,,Number,1.0,,
10473313-1933-54A0-8BBE-95CEF29EE19E,50mm (2in) Commissioning Set (FODRV) Bronze Screwed,Valves & Fittings,Custom,,Number,1.0,,
D7A7527D-AACF-54EC-B0BC-8434C8A97E76,50mm (2in) Y Strainer Bronze Screwed,Valves & Fittings,Custom,,Number,1.0,,
7ABD094B-A6A7-52C9-A15F-2EF387A539E4,50mm (2in) Swing Check Valve Bronze Screwed,Valves & Fittings,Custom,,Number,1.0,,
120BA42B-1D36-55F9-8FC0-89FF947C97F5,15mm LF PICV (Pressure Independent Control Valve),Valves & Fittings,Custom,,Number,1.0,,
77A08A88-FEFB-5329-AB48-260129BC10E6,15mm PICV (Pressure Independent Control Valve),Valves & Fittings,Custom,,Number,1.0,,
5EB3FB0E-D401-55BA-838D-09CE64BC1FB8,20mm PICV (Pressure Independent Control Valve),Valves & Fittings,Custom,,Number,1.0,,
A389AC79-3665-595E-AB79-9F04FA50059B,25mm PICV (Pressure Independent Control Valve),Valves & Fittings,Custom,,Number,1.0,,
522A6AA7-6737-56C0-A96D-1A5B88938D3F,32mm PICV (Pressure Independent Control Valve),Valves & Fittings,Custom,,Number,1.0,,
DA239154-F848-5812-89A8-BBF28DF0E647,DN65 Y Strainer Cast Iron Flanged PN16,Valves & Fittings,Custom,,Number,1.0,,
DBCA905D-46EB-5F39-A8CA-707F902C91C3,DN65 Wafer Check Valve PN16,Valves & Fittings,Custom,,Number,1.0,,
516054C5-674B-5BA5-B57A-7CCACA52AD54,DN65 Double Regulating Valve Cast Iron Flanged PN16,Valves & Fittings,Custom,,Number,1.0,,
04AECA3A-7D5A-59E1-9D93-6AD60A7D4878,DN80 Y Strainer Cast Iron Flanged PN16,Valves & Fittings,Custom,,Number,1.0,,
4509A9BF-8DCF-58FC-A630-D6E7058910B0,DN80 Wafer Check Valve PN16,Valves & Fittings,Custom,,Number,1.0,,
706FF783-1BEC-5607-8EB9-253CEDA0FF3C,DN80 Double Regulating Valve Cast Iron Flanged PN16,Valves & Fittings,Custom,,Number,1.0,,
63CC4DCA-1717-5F65-AC16-3CC6F86B8B3E,DN100 Y Strainer Cast Iron Flanged PN16,Valves & Fittings,Custom,,Number,1.0,,
878B2B1A-901A-5217-9B57-E1CCB17C729B,DN100 Wafer Check Valve PN16,Valves & Fittings,Custom,,Number,1.0,,
F6418E67-B4E7-5636-A0FB-F94AEEE26F2C,DN100 Double Regulating Valve Cast Iron Flanged PN16,Valves & Fittings,Custom,,Number,1.0,,
533BD39D-02DE-57B1-A6CF-2AD5A11108FF,DN125 Y Strainer Cast Iron Flanged PN16,Valves & Fittings,Custom,,Number,1.0,,
2BED3FFE-0B98-5420-A2D9-F2AF1A53C6B3,DN125 Wafer Check Valve PN16,Valves & Fittings,Custom,,Number,1.0,,
2F9A2D50-B534-54E8-A8E4-74A68805DC64,DN125 Double Regulating Valve Cast Iron Flanged PN16,Valves & Fittings,Custom,,Number,1.0,,
8C39813D-FF71-546E-AE8F-D03651B27581,DN150 Y Strainer Cast Iron Flanged PN16,Valves & Fittings,Custom,,Number,1.0,,
0B76BFDE-FF30-5C63-807B-FAE1055EAD7C,DN150 Wafer Check Valve PN16,Valves & Fittings,Custom,,Number,1.0,,
9B997D7F-CBB7-5BC6-9EDB-9DE0F8FE61AA,DN150 Double Regulating Valve Cast Iron Flanged PN16,Valves & Fittings,Custom,,Number,1.0,,
9B876F90-D830-5D49-9809-8FA296350833,DN50 Butterfly Valve Lugged Lever Operated PN16,Valves & Fittings,Custom,,Number,1.0,,
104D8F1B-44AF-5DC6-9F64-F8AF0250CB95,DN65 Butterfly Valve Lugged Lever Operated PN16,Valves & Fittings,Custom,,Number,1.0,,
3954B78B-B66D-50D4-931D-CA62BD3913B8,DN80 Butterfly Valve Lugged Lever Operated PN16,Valves & Fittings,Custom,,Number,1.0,,
8A68EE5A-E209-5CDE-8F77-A1A93B0F2220,DN100 Butterfly Valve Lugged Lever Operated PN16,Valves & Fittings,Custom,,Number,1.0,,
757C19E9-F8C5-57A7-9B12-AF82E8064D0D,DN125 Butterfly Valve Lugged Lever Operated PN16,Valves & Fittings,Custom,,Number,1.0,,
0A75097F-7402-57A3-8E33-7AFBCD88C684,DN150 Butterfly Valve Lugged Lever Operated PN16,Valves & Fittings,Custom,,Number,1.0,,
083FCB1E-04CE-53EC-9E48-25425836BFE7,DN50 Anti-Vibration Rubber Bellows Flanged PN16,Valves & Fittings,Custom,,Number,1.0,,
D209E2E5-164A-5D89-9206-7AA51CAC04BE,DN65 Anti-Vibration Rubber Bellows Flanged PN16,Valves & Fittings,Custom,,Number,1.0,,
58FC78CD-8490-5B90-B4B0-D19040078258,DN80 Anti-Vibration Rubber Bellows Flanged PN16,Valves & Fittings,Custom,,Number,1.0,,
CBD45CCE-7BA0-5064-9145-2192CA01A8DB,DN100 Anti-Vibration Rubber Bellows Flanged PN16,Valves & Fittings,Custom,,Number,1.0,,
62149EC7-53E1-5D13-9927-B82BFC66CF2A,Automatic Air Vent 1/2in,Valves & Fittings,Custom,,Number,1.0,,
89575EE8-8C74-514E-BF51-6B8C9268A7CA,Automatic Air Vent 3/8in,Valves & Fittings,Custom,,Number,1.0,,
AD09F077-89BB-5D36-ABCC-09F38100DE1E,Drain Cock 1/2in,Valves & Fittings,Custom,,Number,1.0,,
233AB00B-7B89-5A47-B650-73F7885B0103,Pressure Relief Valve 3 Bar 1/2in,Valves & Fittings,Custom,,Number,1.0,,
27AEB801-5BAD-59BA-920C-8D10CAF111D7,Pressure Relief Valve 3 Bar 3/4in,Valves & Fittings,Custom,,Number,1.0,,
464DD75F-07AB-5FC7-854B-19C1A3E1F437,Test Point (Binder) 1/4in,Valves & Fittings,Custom,,Number,1.0,,
3E45154C-D0C3-50DD-AB2D-6853FD1E144D,Test Point Extended 1/4in,Valves & Fittings,Custom,,Number,1.0,,
6356467E-BAD8-5561-BFDD-94CBE8441176,22mm Pump Isolating Valve (1in BSP),Valves & Fittings,Custom,,Number,1.0,,
9392F169-E0A7-5DF5-A714-13922D635238,28mm Pump Isolating Valve (1-1/4in BSP),Valves & Fittings,Custom,,Number,1.0,,
6CDC34CF-11EE-5F88-AD54-DB2299BBED3B,Braided Flexible Hose 1/2in x 500mm,Valves & Fittings,Custom,,Number,1.0,,
3754B0F8-F3FF-5797-980F-1C291F84E4F4,Braided Flexible Hose 3/4in x 500mm,Valves & Fittings,Custom,,Number,1.0,,
D6B0B251-8598-53EB-BB4A-C42BCB503CF8,Domestic Heating Circulator Pump 6m Head 130mm,Pumps,Custom,,Number,1.0,,
F3636D11-8C30-54F4-8C4A-41A142CA5977,Domestic Heating Circulator Pump 6m Head 180mm,Pumps,Custom,,Number,1.0,,
031FBC07-966E-54C3-AAC4-040FFEF8AF4B,Boiler Condensate Pump,Pumps,Custom,,Number,1.0,,
07F1089B-6554-5B2B-B698-D13A78429583,Commercial Single Head Inline Circulator DN32 Flanged,Pumps,Custom,,Number,1.0,,
29616B1A-0DE9-542E-8916-3A301EEBAA06,Commercial Single Head Inline Circulator DN40 Flanged,Pumps,Custom,,Number,1.0,,
745EC00D-1C58-5864-A826-925A018DD5DE,Commercial Single Head Inline Circulator DN50 Flanged,Pumps,Custom,,Number,1.0,,
02DDECB4-9160-53EA-A569-DB16E9381265,Commercial Single Head Inline Circulator DN65 Flanged,Pumps,Custom,,Number,1.0,,
63605257-03BE-588D-93E8-40DC8277F4DA,Commercial Twin Head Inline Circulator DN40 Flanged,Pumps,Custom,,Number,1.0,,
EAD54A52-DC29-5F30-B37F-76B746FA237D,Commercial Twin Head Inline Circulator DN50 Flanged,Pumps,Custom,,Number,1.0,,
C5C2F3F2-6E43-51EA-8783-E850D75BFC4D,Commercial Twin Head Inline Circulator DN65 Flanged,Pumps,Custom,,Number,1.0,,
4591D52C-6C8A-5D84-9667-259F157935E4,Type 22 Double Panel Double Convector Radiator 600mm H x 400mm L,Heating,Custom,,Number,1.0,,
B8A9EE12-8B70-5E4D-A2C8-9BD2FB9C6163,Type 22 Double Panel Double Convector Radiator 600mm H x 500mm L,Heating,Custom,,Number,1.0,,
E635B03E-CD94-5FF4-8EB8-27F047B66515,Type 22 Double Panel Double Convector Radiator 600mm H x 600mm L,Heating,Custom,,Number,1.0,,
C91A597C-4FF2-53E8-9347-411ADFD46655,Type 22 Double Panel Double Convector Radiator 600mm H x 700mm L,Heating,Custom,,Number,1.0,,
BFD8A61F-146B-54A3-B1CF-3FA6890979B0,Type 22 Double Panel Double Convector Radiator 600mm H x 800mm L,Heating,Custom,,Number,1.0,,
0C64C9F7-A8D3-5A6D-81E2-866E855032C2,Type 22 Double Panel Double Convector Radiator 600mm H x 900mm L,Heating,Custom,,Number,1.0,,
B780D0A2-DCB5-5F81-97A0-48F248572BE6,Type 22 Double Panel Double Convector Radiator 600mm H x 1000mm L,Heating,Custom,,Number,1.0,,
87C98889-2014-5EAC-A570-7C3D7495A393,Type 22 Double Panel Double Convector Radiator 600mm H x 1100mm L,Heating,Custom,,Number,1.0,,
FBE74229-C772-5A55-8FBC-3D8ED0D436C8,Type 22 Double Panel Double Convector Radiator 600mm H x 1200mm L,Heating,Custom,,Number,1.0,,
D624055D-1BE4-52B5-AFDC-88D75ACA7730,Type 22 Double Panel Double Convector Radiator 600mm H x 1400mm L,Heating,Custom,,Number,1.0,,
20BC58A2-BFE9-5F24-8500-F55DCB29BD19,Type 22 Double Panel Double Convector Radiator 600mm H x 1600mm L,Heating,Custom,,Number,1.0,,
975617D5-85B1-531B-B4E7-80816BA6345D,Type 22 Double Panel Double Convector Radiator 600mm H x 1800mm L,Heating,Custom,,Number,1.0,,
D0EB765F-DD2B-5BDF-9BC9-DCA6E205FE57,Type 22 Double Panel Double Convector Radiator 450mm H x 400mm L,Heating,Custom,,Number,1.0,,
3883F188-EA8F-5746-9C76-950E02FE0BEB,Type 22 Double Panel Double Convector Radiator 450mm H x 500mm L,Heating,Custom,,Number,1.0,,
16C6A7C3-254A-5191-9D65-5B1F55BB2A42,Type 22 Double Panel Double Convector Radiator 450mm H x 600mm L,Heating,Custom,,Number,1.0,,
5CF72103-D595-5F38-8D46-82CE2BA95140,Type 22 Double Panel Double Convector Radiator 450mm H x 800mm L,Heating,Custom,,Number,1.0,,
600D9499-D897-5B6E-AC05-644799E32975,Type 22 Double Panel Double Convector Radiator 450mm H x 1000mm L,Heating,Custom,,Number,1.0,,
2896BC71-341C-5938-AA91-5A6D9A97C30B,Type 22 Double Panel Double Convector Radiator 450mm H x 1200mm L,Heating,Custom,,Number,1.0,,
D53B05DC-3A6F-5698-984C-9C46959530D2,Type 22 Double Panel Double Convector Radiator 450mm H x 1400mm L,Heating,Custom,,Number,1.0,,
6AEA06C3-BCE8-5841-BF47-73F4204E9943,Type 22 Double Panel Double Convector Radiator 450mm H x 1600mm L,Heating,Custom,,Number,1.0,,
8D0968F8-4EBA-55DF-8DDD-0D890D1AD9B6,Type 22 Double Panel Double Convector Radiator 300mm H x 600mm L,Heating,Custom,,Number,1.0,,
579D83FD-4315-56BE-9172-12FF22C88AD8,Type 22 Double Panel Double Convector Radiator 300mm H x 800mm L,Heating,Custom,,Number,1.0,,
0B04C219-0A9A-5B47-9101-69492744D24A,Type 22 Double Panel Double Convector Radiator 300mm H x 1000mm L,Heating,Custom,,Number,1.0,,
FF6F689C-4933-5D67-B6F6-CD57C4D6FCAB,Type 22 Double Panel Double Convector Radiator 300mm H x 1200mm L,Heating,Custom,,Number,1.0,,
43348067-CF7E-507D-A356-B6A583B85B51,Type 22 Double Panel Double Convector Radiator 300mm H x 1400mm L,Heating,Custom,,Number,1.0,,
D8EA5CC8-060D-594A-ACD4-6D034917E0C1,Type 21 Double Panel Plus Radiator 600mm H x 600mm L,Heating,Custom,,Number,1.0,,
0E8265CC-DB52-589F-961B-F7EBBAEA6B7A,Type 21 Double Panel Plus Radiator 600mm H x 800mm L,Heating,Custom,,Number,1.0,,
DA324AA5-FCA3-5AD3-9584-957CF0CCA52D,Type 21 Double Panel Plus Radiator 600mm H x 1000mm L,Heating,Custom,,Number,1.0,,
B5665BFD-3A53-5B74-B7AB-1AAB884D3D7E,Type 21 Double Panel Plus Radiator 600mm H x 1200mm L,Heating,Custom,,Number,1.0,,
0E7D8C34-F76C-5655-A048-A7C7185029F2,Type 11 Single Panel Single Convector Radiator 600mm H x 400mm L,Heating,Custom,,Number,1.0,,
CDF704A7-E373-5255-9651-5D425934F0A2,Type 11 Single Panel Single Convector Radiator 600mm H x 500mm L,Heating,Custom,,Number,1.0,,
29F632C1-72BB-5DC9-9EA9-DCE62608FB5B,Type 11 Single Panel Single Convector Radiator 600mm H x 600mm L,Heating,Custom,,Number,1.0,,
443F2037-65C8-519A-BFA3-CD3DC30C9043,Type 11 Single Panel Single Convector Radiator 600mm H x 800mm L,Heating,Custom,,Number,1.0,,
ACDBCE46-90CD-5237-8D6E-F6A98C7F489F,Type 11 Single Panel Single Convector Radiator 600mm H x 1000mm L,Heating,Custom,,Number,1.0,,
8B949343-71E8-5A3E-B3C8-2DF559297B95,Type 11 Single Panel Single Convector Radiator 600mm H x 1200mm L,Heating,Custom,,Number,1.0,,
625B0A4F-1714-54D0-8A51-2FED29763922,Heated Towel Rail Chrome Straight 500x800mm,Heating,Custom,,Number,1.0,,
F6D762C5-855A-51FD-9446-0FC5A101C7E7,Heated Towel Rail Chrome Straight 500x1200mm,Heating,Custom,,Number,1.0,,
437DEAC7-78CD-5BD2-9554-6B32ED3686B4,Heated Towel Rail Chrome Straight 600x1200mm,Heating,Custom,,Number,1.0,,
4CB1B20A-1AA5-5B72-A68B-55C54F1C594B,Electric Heated Towel Rail 500x800mm,Heating,Custom,,Number,1.0,,
DF5298ED-B810-542C-8033-EE63E2078434,LST Radiator 600x1000mm,Heating,Custom,,Number,1.0,,
58505859-EE83-52C8-9158-C8F6E11EAD9A,LST Radiator 600x1400mm,Heating,Custom,,Number,1.0,,
5EE103F7-B43D-59C2-9BE7-CDDFEA0F1E07,15mm Thermostatic Radiator Valve (TRV) Angled,Heating,Custom,,Number,1.0,,
0E08A6CD-407A-5913-8E7F-98D2EF03293A,15mm Thermostatic Radiator Valve (TRV) Straight,Heating,Custom,,Number,1.0,,
651FDF24-75D9-5CF2-B80E-479A3FC0CD8B,10mm Thermostatic Radiator Valve (TRV) Angled,Heating,Custom,,Number,1.0,,
AEB7F0D3-957D-5F26-A326-4565EA0EFE15,15mm Lockshield Valve Angled,Heating,Custom,,Number,1.0,,
22FEA236-19E2-51D3-A3BE-F2BF8957473A,15mm Lockshield Valve Straight,Heating,Custom,,Number,1.0,,
C9EA5B38-C4C7-5A79-8EC3-0DF5745011FE,15mm Wheelhead Valve Angled,Heating,Custom,,Number,1.0,,
3DBE4CCD-B544-5647-B806-44E0F9F4DF34,Radiator Bracket Universal (Pair),Heating,Custom,,Number,1.0,,
87DCCCFA-AA3D-5D37-899E-1E3F17526356,Radiator Blanking Plug & Air Vent 1/2in (Pair),Heating,Custom,,Number,1.0,,
31FF3BC9-D9D9-56A0-866F-E8327DE925A9,Radiator Valve Extension Tail 1/2in,Heating,Custom,,Number,1.0,,
06AD0781-76B6-5D5E-ADE5-B5AD49ED43DB,Gas Combi Boiler 25kW,Heating,Custom,,Number,1.0,,
D117FF57-4A25-50EB-8F12-0061F24AB1CA,Gas Combi Boiler 30kW,Heating,Custom,,Number,1.0,,
49018057-44CF-5DD8-A787-B2D34E8D3074,Gas Combi Boiler 35kW,Heating,Custom,,Number,1.0,,
03A1D5CA-B8CE-573B-8804-DBBA1316D86A,Gas System Boiler 18kW,Heating,Custom,,Number,1.0,,
CBCBEF87-C9D7-527A-919B-336B10CF1CAD,Gas System Boiler 24kW,Heating,Custom,,Number,1.0,,
43EF4845-4EA5-53EA-8B2C-98FB878FBE51,Gas System Boiler 30kW,Heating,Custom,,Number,1.0,,
2E00F401-0CA5-5ACF-939F-E00335B236F6,Gas Regular (Heat Only) Boiler 15kW,Heating,Custom,,Number,1.0,,
C738ABE5-E2F1-5DAF-BEE1-C3264F8208C6,Gas Regular (Heat Only) Boiler 24kW,Heating,Custom,,Number,1.0,,
D2D6255A-7204-55E5-A502-46CC1DF2B791,Gas Regular (Heat Only) Boiler 30kW,Heating,Custom,,Number,1.0,,
F5F73C9B-040D-5FA2-9B34-C6D554AB25AD,Commercial Wall Hung Condensing Boiler 45kW,Heating,Custom,,Number,1.0,,
7D3B04AC-44BB-5373-BFDF-79C08C76613C,Commercial Wall Hung Condensing Boiler 60kW,Heating,Custom,,Number,1.0,,
AC917DE4-CCE3-5263-8BC3-8337E635C90C,Commercial Wall Hung Condensing Boiler 80kW,Heating,Custom,,Number,1.0,,
655DCA35-0137-5E67-9069-047AFDADDFD8,Commercial Wall Hung Condensing Boiler 100kW,Heating,Custom,,Number,1.0,,
B68B7070-AEC1-56F4-9EE4-E509D2D46939,Boiler Flue Kit Horizontal 60/100mm,Heating,Custom,,Number,1.0,,
CAFE3E0D-E884-5947-916F-05499A44B76E,Boiler Flue Extension 1m 60/100mm,Heating,Custom,,Number,1.0,,
7E633033-D18A-5329-AFF0-931BE18EB08B,Boiler Flue Bend 90 Deg 60/100mm,Heating,Custom,,Number,1.0,,
027E712D-7811-5757-8BEB-8EED24FF249E,Boiler Flue Bend 45 Deg 60/100mm,Heating,Custom,,Number,1.0,,
2D0C734F-5295-5F76-B8BA-D92A5618CEEF,Boiler Flue Kit Vertical 80/125mm,Heating,Custom,,Number,1.0,,
80448407-A231-5648-A935-1869B9F64194,Boiler Flue Extension 1m 80/125mm,Heating,Custom,,Number,1.0,,
5E2B72F1-B5D1-5C83-BDE1-38D65CFB6F66,Boiler Plume Management Kit,Heating,Custom,,Number,1.0,,
CBB2650E-0EAF-5091-AA69-7B1EAC926914,Boiler Filling Loop (Braided),Heating,Custom,,Number,1.0,,
D92C45F7-EA44-5CFB-BADC-75EAE05F593C,Air Source Heat Pump Monobloc 5kW,Heating,Custom,,Number,1.0,,
CDD24201-113D-501A-9637-0029CE341954,Air Source Heat Pump Monobloc 7kW,Heating,Custom,,Number,1.0,,
D362A292-AE5B-5955-AFF5-A9299320E8EC,Air Source Heat Pump Monobloc 9kW,Heating,Custom,,Number,1.0,,
0C812B78-798A-5B86-845C-F3C956B280CB,Air Source Heat Pump Monobloc 12kW,Heating,Custom,,Number,1.0,,
52266286-EEDB-5623-AF8C-B730BD5EAFC0,Air Source Heat Pump Monobloc 16kW,Heating,Custom,,Number,1.0,,
9E0114A4-A5CC-501F-9763-0C666F4DF358,Heat Pump Anti-Vibration Feet (Pair),Heating,Custom,,Number,1.0,,
F8EA1846-33CF-5C6F-82CA-646C659B2C00,Heat Pump Flexible Hoses 1in (Pair),Heating,Custom,,Number,1.0,,
AC3F2C23-D491-5BC9-8B59-35F0C9AAAD1B,16mm PE-RT Underfloor Heating Pipe (100m Coil),Heating,Custom,,Drum,,100,M
F13EDE76-A21D-5B0E-8679-D3749D451130,16mm PE-RT Underfloor Heating Pipe (200m Coil),Heating,Custom,,Drum,,200,M
189BB419-2AB2-51F6-ACA2-7BA194C5F8B4,Underfloor Heating Manifold 2 Port,Heating,Custom,,Number,1.0,,
9C28378C-4F4F-51D5-BC42-15301779966D,Underfloor Heating Manifold 4 Port,Heating,Custom,,Number,1.0,,
53D908FD-6586-51F8-81BC-23BE40307829,Underfloor Heating Manifold 6 Port,Heating,Custom,,Number,1.0,,
18BDF533-6989-573B-9F07-BD11D55AD236,Underfloor Heating Manifold 8 Port,Heating,Custom,,Number,1.0,,
0D56D220-5C3F-5644-B753-F3FE984CAB86,Underfloor Heating Manifold 10 Port,Heating,Custom,,Number,1.0,,
F94BB80F-94B2-529E-A9F4-6536CF054A27,Underfloor Heating Manifold 12 Port,Heating,Custom,,Number,1.0,,
BD25B2A4-5C9E-5AA9-89B0-59CDBF9B8389,Underfloor Heating Pump & Mixing Valve Set,Heating,Custom,,Number,1.0,,
8A30DF5C-94F9-5691-991C-ED3FD3F096BD,Underfloor Heating Pipe Clip Rail,Heating,Custom,,Number,1.0,,
C075E675-774E-5597-AEDE-A1AAD7AEB55E,Underfloor Heating Edge Insulation Strip (Roll),Heating,Custom,,Number,1.0,,
93F6E55D-714C-5A52-AE18-BC878E922B02,Underfloor Heating Pipe Staples,Heating,Custom,,Box,,,
F00638BF-47A8-5CBD-B938-10CF97B57A90,Electric Panel Heater 500W,Heating,Custom,,Number,1.0,,
B6548BC7-A076-50BB-BC36-E2A665D56E87,Electric Panel Heater 1000W,Heating,Custom,,Number,1.0,,
C2A158D4-CEA4-55E7-9C06-9C2BC98F7694,Electric Panel Heater 1500W,Heating,Custom,,Number,1.0,,
16937885-6003-5AF3-973A-E5C65C5A0B99,Electric Panel Heater 2000W,Heating,Custom,,Number,1.0,,
93D3C63A-A77F-58BA-91C2-ADD03F0A8939,High Heat Retention Storage Heater 1.5kW,Heating,Custom,,Number,1.0,,
8F5E9B1C-CD37-54CC-B553-7ED33000ECC2,High Heat Retention Storage Heater 2.0kW,Heating,Custom,,Number,1.0,,
5B618539-B7F0-5D5C-A1F0-AFFF64A86595,High Heat Retention Storage Heater 2.5kW,Heating,Custom,,Number,1.0,,
91598D1F-26DF-52B9-A21C-1CCC4B77FAD2,Downflow Fan Heater 2kW,Heating,Custom,,Number,1.0,,
567A4332-EA29-582F-9BEB-C52B6CB0B635,Downflow Fan Heater 3kW,Heating,Custom,,Number,1.0,,
64FD6FDF-BB09-57DA-BFF7-2B14D1786C8E,Infrared Panel Heater 600x600mm,Heating,Custom,,Number,1.0,,
4C1A12EC-FF9E-5235-921A-839A41662882,Electric Air Curtain 1m,Heating,Custom,,Number,1.0,,
EF8E0F7B-9294-5BE3-BB4B-C729E02ED701,Electric Air Curtain 1.5m,Heating,Custom,,Number,1.0,,
E18BA0F9-886D-5AC6-BD60-D005B97263B5,Heating Expansion Vessel 8L,Heating,Custom,,Number,1.0,,
46202520-12EA-5951-BE19-2F0D8780593C,Heating Expansion Vessel 12L,Heating,Custom,,Number,1.0,,
5B8F2294-81CD-507B-839C-5A93A87FFE35,Heating Expansion Vessel 18L,Heating,Custom,,Number,1.0,,
65E004E9-C2E4-565D-B445-89258A923FE0,Heating Expansion Vessel 24L,Heating,Custom,,Number,1.0,,
AD59B5EA-E47E-5A95-9050-17B80D8D0B87,Heating Expansion Vessel 35L,Heating,Custom,,Number,1.0,,
ADD3CB7F-8045-5245-B941-2A5FC00AD367,Heating Expansion Vessel 50L,Heating,Custom,,Number,1.0,,
EBCA0D83-6AEF-5E95-861D-142661AC0AF4,Heating Expansion Vessel 80L,Heating,Custom,,Number,1.0,,
7C54A7ED-E9BB-5283-B3DD-36512EA5AD58,Heating Expansion Vessel 100L,Heating,Custom,,Number,1.0,,
DB8D3CF2-FDDD-5A33-8814-C915600B35A8,Magnetic System Filter 22mm,Heating,Custom,,Number,1.0,,
93FCE557-9EEC-5F96-BCC4-D9ECB1C3081A,Magnetic System Filter 28mm,Heating,Custom,,Number,1.0,,
0A382DE1-16D3-5E0F-AC39-FC74E5E67C0E,Central Heating Inhibitor,Heating,Custom,,Number,500ML,,
C41363C9-4BFA-5B2A-907E-039625A4A117,Central Heating Inhibitor (Bulk),Heating,Custom,,Number,20L,,
EC312B5D-971B-5A25-855E-F87952B2AE80,Central Heating System Cleaner,Heating,Custom,,Number,500ML,,
28DAE1DD-C4A4-51D1-BE60-E8E8C0320283,Split AC Wall Mounted 2.5kW R32 (Indoor + Outdoor),Cooling,Custom,,Number,1.0,,
48817E74-3F01-5CAA-AB0A-22C96CA91916,Split AC Wall Mounted 3.5kW R32 (Indoor + Outdoor),Cooling,Custom,,Number,1.0,,
5EAA70A1-79A9-5F0A-A14E-E11A962A779D,Split AC Wall Mounted 5.0kW R32 (Indoor + Outdoor),Cooling,Custom,,Number,1.0,,
28642C02-29CF-5F32-A32B-C68D6950E5CF,Split AC Wall Mounted 7.1kW R32 (Indoor + Outdoor),Cooling,Custom,,Number,1.0,,
587A8BF3-783E-5455-83D9-BC9DADE10FE2,Multi-Split Wall Mounted Indoor Unit 2.5kW R32,Cooling,Custom,,Number,1.0,,
CD78C716-A9A6-5058-A206-92B612FC9A05,Multi-Split Wall Mounted Indoor Unit 3.5kW R32,Cooling,Custom,,Number,1.0,,
A8C2843A-86A9-5677-ABBE-ADFED72B9FCC,Multi-Split Outdoor Unit 2 Port R32,Cooling,Custom,,Number,1.0,,
DCA01463-20B7-5C98-9007-1239497C40EF,Multi-Split Outdoor Unit 3 Port R32,Cooling,Custom,,Number,1.0,,
87F8C17A-9E88-54A6-8220-B2CE3BF3D23B,Multi-Split Outdoor Unit 4 Port R32,Cooling,Custom,,Number,1.0,,
56B934CD-8F00-5FFA-8B83-8EEB112C6B0E,Multi-Split Outdoor Unit 5 Port R32,Cooling,Custom,,Number,1.0,,
C504B52D-E17D-5695-9CCC-D490176F5CB8,Ceiling Cassette AC 4-Way 5.0kW R32 (Indoor + Outdoor),Cooling,Custom,,Number,1.0,,
A9DA760E-F428-5DAB-B16E-682E947A6FF7,Ceiling Cassette AC 4-Way 7.1kW R32 (Indoor + Outdoor),Cooling,Custom,,Number,1.0,,
FB4E135C-A736-5DCA-B7E3-A593305D8A5B,Ceiling Cassette AC 4-Way 10.0kW R32 (Indoor + Outdoor),Cooling,Custom,,Number,1.0,,
04D8D0C2-91A1-59E2-B514-5454EA375555,Ceiling Cassette AC 4-Way 12.5kW R32 (Indoor + Outdoor),Cooling,Custom,,Number,1.0,,
EC6041F7-E814-5C91-B7E7-0C6702D7EB8E,Ducted AC Low Static 3.5kW R32 (Indoor + Outdoor),Cooling,Custom,,Number,1.0,,
17A1AF88-7A48-505D-B883-5A8101FB1B14,Ducted AC Low Static 5.0kW R32 (Indoor + Outdoor),Cooling,Custom,,Number,1.0,,
6712EFFE-0998-59A4-AD2D-CE72460A1E7C,Ducted AC Low Static 7.1kW R32 (Indoor + Outdoor),Cooling,Custom,,Number,1.0,,
725BBE2A-B7D6-5929-8AD0-F52653DD584E,Ceiling Suspended AC 7.1kW R32 (Indoor + Outdoor),Cooling,Custom,,Number,1.0,,
8C0760AF-13F3-53AF-A076-FACECCA93DC6,Fan Coil Unit Ceiling Void 2 Pipe,Cooling,Custom,,Number,1.0,,
E44DB1A9-0F2A-5FE3-922C-2AF77EA346E2,Fan Coil Unit Ceiling Void 4 Pipe,Cooling,Custom,,Number,1.0,,
12D77FF5-3C28-5BC4-AFA2-089275EA5109,AC Wired Remote Controller,Cooling,Custom,,Number,1.0,,
2CBE9CAF-6098-55C8-949B-CD58447FFE5F,1/4in ACR Copper Coil Soft (15m),Cooling,Custom,,Drum,,15,M
F9474FFD-A85E-5C12-BA72-CCDBCC49C8F5,3/8in ACR Copper Coil Soft (15m),Cooling,Custom,,Drum,,15,M
C8F47472-7440-5573-9D6E-1D19E35F6C65,1/2in ACR Copper Coil Soft (15m),Cooling,Custom,,Drum,,15,M
522B2958-1F67-5D69-8F9F-1B1DEF40BE4F,5/8in ACR Copper Coil Soft (15m),Cooling,Custom,,Drum,,15,M
7F85103E-1525-53DC-BF4A-3B7BCB98417D,3/4in ACR Copper Coil Soft (15m),Cooling,Custom,,Drum,,15,M
12929B69-E34C-562B-B155-399922809984,3/8in ACR Copper Tube Hard Drawn - 3m,Cooling,Custom,,Length,,3,M
72499E29-C130-5554-894B-40484AA660E3,1/2in ACR Copper Tube Hard Drawn - 3m,Cooling,Custom,,Length,,3,M
D914B5F7-D115-54E8-A5B1-507E60D10C38,5/8in ACR Copper Tube Hard Drawn - 3m,Cooling,Custom,,Length,,3,M
77F699EC-DCF6-587A-9095-2E41BAD2E0B5,3/4in ACR Copper Tube Hard Drawn - 3m,Cooling,Custom,,Length,,3,M
11BC61E4-3A3E-5959-B1B3-E0BF361CB338,7/8in ACR Copper Tube Hard Drawn - 3m,Cooling,Custom,,Length,,3,M
6ED2D2D7-5BF9-5CED-B179-18E0D2FFFC72,1-1/8in ACR Copper Tube Hard Drawn - 3m,Cooling,Custom,,Length,,3,M
39B5C73A-50EF-553E-BC0F-10A46B84AE03,1-3/8in ACR Copper Tube Hard Drawn - 3m,Cooling,Custom,,Length,,3,M
D9509B6F-2164-552A-B47E-982F3FE0E21E,1-5/8in ACR Copper Tube Hard Drawn - 3m,Cooling,Custom,,Length,,3,M
DF01809A-F3B4-5C19-88B5-6FCDF8E30B67,1/4in + 3/8in Pre-Insulated Pair Coil (20m),Cooling,Custom,,Drum,,20,M
41BBEE39-FE5B-582C-9028-E24071840265,1/4in + 1/2in Pre-Insulated Pair Coil (20m),Cooling,Custom,,Drum,,20,M
58D7A7B9-01A7-5FE2-8207-D60DAC21B8BF,1/4in + 5/8in Pre-Insulated Pair Coil (20m),Cooling,Custom,,Drum,,20,M
2312B214-F5AC-558E-A3AC-70E0FA5F6454,3/8in + 5/8in Pre-Insulated Pair Coil (20m),Cooling,Custom,,Drum,,20,M
C3388430-67BB-5D97-8F7B-FBD8EDAC37DF,1/4in ACR Copper 90 Deg Elbow Short Radius,Cooling,Custom,,Number,1.0,,
72E237B1-B685-54C5-B0B6-5D1DA6F57F0E,1/4in ACR Copper 45 Deg Elbow,Cooling,Custom,,Number,1.0,,
2AD74AC8-8CC6-5EA9-9B92-073150B4E37F,1/4in ACR Copper Straight Coupling,Cooling,Custom,,Number,1.0,,
F4B866C4-6222-5C4B-99C0-6658DE7159A5,1/4in ACR Copper Equal Tee,Cooling,Custom,,Number,1.0,,
7533AB51-3DC5-5A18-8161-52E5A6DD45E0,3/8in ACR Copper 90 Deg Elbow Short Radius,Cooling,Custom,,Number,1.0,,
F5FF7C50-9F1F-5BBD-845E-377463F81D80,3/8in ACR Copper 45 Deg Elbow,Cooling,Custom,,Number,1.0,,
E10A04AF-7522-5844-A455-D7E653A65A96,3/8in ACR Copper Straight Coupling,Cooling,Custom,,Number,1.0,,
9C6E66E7-C229-52D6-972D-FEA545E7C042,3/8in ACR Copper Equal Tee,Cooling,Custom,,Number,1.0,,
AA89F881-C7E2-5918-8195-0F1DEEBE1EF8,1/2in ACR Copper 90 Deg Elbow Short Radius,Cooling,Custom,,Number,1.0,,
B1319FEB-AE5C-5EC1-B0A7-4CF9CD2BEC1D,1/2in ACR Copper 45 Deg Elbow,Cooling,Custom,,Number,1.0,,
6F1CB039-DF5E-5797-ABE1-1A0E147FD88E,1/2in ACR Copper Straight Coupling,Cooling,Custom,,Number,1.0,,
FEEEA049-E6AF-5EE7-A09B-BA84414BB1DC,1/2in ACR Copper Equal Tee,Cooling,Custom,,Number,1.0,,
E3EC362E-01FB-5DAD-AE6C-A499B019E93C,5/8in ACR Copper 90 Deg Elbow Short Radius,Cooling,Custom,,Number,1.0,,
9DE1BA94-228D-59DC-91F6-88563DC235AA,5/8in ACR Copper 45 Deg Elbow,Cooling,Custom,,Number,1.0,,
8A12533C-D243-5734-8623-2BCAD682ECEB,5/8in ACR Copper Straight Coupling,Cooling,Custom,,Number,1.0,,
F6766020-B6C2-5CDC-A094-F488EA24C195,5/8in ACR Copper Equal Tee,Cooling,Custom,,Number,1.0,,
540730FF-2750-5298-88B6-995C48288CAE,3/4in ACR Copper 90 Deg Elbow Short Radius,Cooling,Custom,,Number,1.0,,
99291FCA-E494-5752-9B05-733A985770C2,3/4in ACR Copper 45 Deg Elbow,Cooling,Custom,,Number,1.0,,
4176BB2E-1B36-5D14-97B2-D781075B2336,3/4in ACR Copper Straight Coupling,Cooling,Custom,,Number,1.0,,
0E22B498-D52D-50DD-B71F-1131EAE86B9E,3/4in ACR Copper Equal Tee,Cooling,Custom,,Number,1.0,,
CA27F623-9B5D-55C6-9C6F-780CF780CE39,7/8in ACR Copper 90 Deg Elbow Short Radius,Cooling,Custom,,Number,1.0,,
B8F039C3-531C-549A-9261-A23C65854CA7,7/8in ACR Copper 45 Deg Elbow,Cooling,Custom,,Number,1.0,,
E5E0D69E-C4FA-5D00-BC96-F194FA2A2B81,7/8in ACR Copper Straight Coupling,Cooling,Custom,,Number,1.0,,
EE653B5C-8D10-54F9-97C8-BC6DF554FDD8,7/8in ACR Copper Equal Tee,Cooling,Custom,,Number,1.0,,
29281251-DEEF-5D30-8291-7F1617E5B453,1-1/8in ACR Copper 90 Deg Elbow Short Radius,Cooling,Custom,,Number,1.0,,
07B7F4FC-C394-5383-BE8E-FCDA292083AF,1-1/8in ACR Copper 45 Deg Elbow,Cooling,Custom,,Number,1.0,,
7C0B70F2-7354-5D00-99A7-51AF5DC6BA09,1-1/8in ACR Copper Straight Coupling,Cooling,Custom,,Number,1.0,,
500D5608-412F-5EFE-B1F2-06075E312D7F,1-1/8in ACR Copper Equal Tee,Cooling,Custom,,Number,1.0,,
094BF6E2-7F08-51A7-B86E-7A3E8F74A333,1-3/8in ACR Copper 90 Deg Elbow Short Radius,Cooling,Custom,,Number,1.0,,
DB3C188D-F9EC-5C70-9F3F-F685287400DD,1-3/8in ACR Copper 45 Deg Elbow,Cooling,Custom,,Number,1.0,,
1A68DF0A-56ED-531F-B1DD-3522FA282D8E,1-3/8in ACR Copper Straight Coupling,Cooling,Custom,,Number,1.0,,
D0BEF58E-98EE-5281-B4C5-21F65B111FAA,1-3/8in ACR Copper Equal Tee,Cooling,Custom,,Number,1.0,,
521E4205-4916-59B5-8E83-E5E118EB8603,1-5/8in ACR Copper 90 Deg Elbow Short Radius,Cooling,Custom,,Number,1.0,,
2E59461D-3AB5-519D-848C-804F4DDEDFE0,1-5/8in ACR Copper 45 Deg Elbow,Cooling,Custom,,Number,1.0,,
8A4F878B-0FD4-5F3B-ACB9-2B9ECF2D8574,1-5/8in ACR Copper Straight Coupling,Cooling,Custom,,Number,1.0,,
B67FAD44-EAEF-5E85-BA33-7C224D18AC33,1-5/8in ACR Copper Equal Tee,Cooling,Custom,,Number,1.0,,
C58642CF-40C0-543B-8C3F-6E0956ABF39E,3/8 x 1/4in ACR Copper Reducing Coupling,Cooling,Custom,,Number,1.0,,
9F6FC057-129B-596E-837E-235DD697003A,1/2 x 3/8in ACR Copper Reducing Coupling,Cooling,Custom,,Number,1.0,,
E3D18F4E-50BD-570B-B0FA-F743A7A244E5,5/8 x 1/2in ACR Copper Reducing Coupling,Cooling,Custom,,Number,1.0,,
FF3C4338-5F0E-5B78-A183-146D4C937CEA,3/4 x 5/8in ACR Copper Reducing Coupling,Cooling,Custom,,Number,1.0,,
F8ACBAD3-AC8F-5A62-B33A-5550B6209BB2,7/8 x 3/4in ACR Copper Reducing Coupling,Cooling,Custom,,Number,1.0,,
36F0B1E2-834D-5700-961B-3EB3491CE78C,1-1/8 x 7/8in ACR Copper Reducing Coupling,Cooling,Custom,,Number,1.0,,
9C43940A-D4B6-5A49-8FB2-87D89A0F37E9,1-3/8 x 1-1/8in ACR Copper Reducing Coupling,Cooling,Custom,,Number,1.0,,
E3473A11-7604-59C2-91BB-8379DE169958,1-5/8 x 1-3/8in ACR Copper Reducing Coupling,Cooling,Custom,,Number,1.0,,
FB536A91-74E5-55DA-BB6C-B7394EB7296E,1/4in Brass Flare Nut,Cooling,Custom,,Number,1.0,,
14F93249-1284-5890-9286-E3E1B6C336F2,3/8in Brass Flare Nut,Cooling,Custom,,Number,1.0,,
86595C83-4C0D-520B-912F-28ABC3353A59,1/2in Brass Flare Nut,Cooling,Custom,,Number,1.0,,
D5EAAFD3-8F0C-5381-AB67-A0B9AB6EC089,5/8in Brass Flare Nut,Cooling,Custom,,Number,1.0,,
5AB5D014-6B77-5DB5-AFD3-A708FF8E48D6,3/4in Brass Flare Nut,Cooling,Custom,,Number,1.0,,
1BC2ED85-FB57-55CF-A1D9-4AE93A7FE816,1/4in Brass Flare Union,Cooling,Custom,,Number,1.0,,
C6EC5B76-899D-51D6-B65C-45F60B82E90E,3/8in Brass Flare Union,Cooling,Custom,,Number,1.0,,
0AE98F09-C8C0-5286-AE32-A2306A8B6463,1/2in Brass Flare Union,Cooling,Custom,,Number,1.0,,
4800F7AE-AAD4-5ACE-AC87-DBC793351011,5/8in Brass Flare Union,Cooling,Custom,,Number,1.0,,
CB6D1F91-26D8-5A48-BE69-EC1CAB98C30C,Refnet Y Branch Joint (Small),Cooling,Custom,,Number,1.0,,
775B4688-7E43-57DE-95A6-D83E69FEC04B,Refnet Y Branch Joint (Medium),Cooling,Custom,,Number,1.0,,
E4A1681E-A6BC-570C-B86B-BB82ACDBE136,Refnet Y Branch Joint (Large),Cooling,Custom,,Number,1.0,,
F07BC22E-EDCF-53F1-B8D9-9C412A203AE5,Schrader Access Valve 1/4in Flare,Cooling,Custom,,Number,1.0,,
2DB7B7FB-A521-5C76-A62A-05DADBA3616B,R32 Refrigerant Cylinder,Cooling,Custom,,Number,9KG,,
D4885811-E3BC-56B0-A3F9-577CF312C420,R410A Refrigerant Cylinder,Cooling,Custom,,Number,10KG,,
6347C611-387E-550D-AA9D-4FB980037C27,R134a Refrigerant Cylinder,Cooling,Custom,,Number,12KG,,
AF382AC2-0586-55CF-824C-5492A0869D3C,Condensate Pump Mini (Split AC),Cooling,Custom,,Number,1.0,,
0FEC6AE4-2C6E-587A-AB6C-89B513962DBA,Condensate Pump In-Trunking (Split AC),Cooling,Custom,,Number,1.0,,
44B9F822-7B35-5759-88EA-8B521448F958,Condensate Pump High Lift (Cassette),Cooling,Custom,,Number,1.0,,
5CBA19DA-EB21-5029-B2F9-BB76DD702557,16mm Flexible Condensate Drain Hose (30m),Cooling,Custom,,Drum,,30,M
7F898E76-ADF4-5B8E-807A-0976A4F71A28,AC Pipe Cover Trunking 75mm Wide - 2m,Cooling,Custom,,Length,,2,M
D09D806F-3EE6-5883-9C80-9B2C16F2491C,AC Pipe Cover Trunking 75mm Wall Inlet Cover,Cooling,Custom,,Number,1.0,,
BA0739A5-78D4-5B38-9DAE-F4E901406865,AC Pipe Cover Trunking 75mm 90 Deg Flat Bend,Cooling,Custom,,Number,1.0,,
065B3433-DDEC-52AB-B893-B05413AA7461,AC Pipe Cover Trunking 75mm Internal Corner,Cooling,Custom,,Number,1.0,,
48149E98-4207-57FA-BA35-9B8A18A3B2B8,AC Pipe Cover Trunking 75mm External Corner,Cooling,Custom,,Number,1.0,,
46EE18CE-EAB9-5FFB-995B-BF69E1F61D98,AC Pipe Cover Trunking 75mm Flexible Bend,Cooling,Custom,,Number,1.0,,
762B015D-2692-58BA-A6C7-8EC0A904B98E,AC Pipe Cover Trunking 75mm Coupler,Cooling,Custom,,Number,1.0,,
DF95F7E6-5BB0-594B-8554-4AD8352DADB4,AC Pipe Cover Trunking 75mm Unit End Connector,Cooling,Custom,,Number,1.0,,
CD83ACC5-8873-5801-B48E-51D41A4CBF11,AC Pipe Cover Trunking 100mm Wide - 2m,Cooling,Custom,,Length,,2,M
18D3F01C-5AB4-5B02-B659-AB497EA660A2,AC Pipe Cover Trunking 100mm Wall Inlet Cover,Cooling,Custom,,Number,1.0,,
38BB33B3-B10E-5759-9D1C-3058E5FEAEFD,AC Pipe Cover Trunking 100mm 90 Deg Flat Bend,Cooling,Custom,,Number,1.0,,
448A41DD-331C-5491-80E4-0FC523233859,AC Pipe Cover Trunking 100mm Internal Corner,Cooling,Custom,,Number,1.0,,
F1962498-EE93-5509-8BFA-F5950B92FE91,AC Pipe Cover Trunking 100mm External Corner,Cooling,Custom,,Number,1.0,,
C578A128-AD4C-5850-B2F7-E8230926FB0B,AC Pipe Cover Trunking 100mm Flexible Bend,Cooling,Custom,,Number,1.0,,
F701D2B6-4081-57C4-8E89-9353B22D3E6C,AC Pipe Cover Trunking 100mm Coupler,Cooling,Custom,,Number,1.0,,
803D96A5-E27A-5184-9EAE-6693427A5148,AC Pipe Cover Trunking 100mm Unit End Connector,Cooling,Custom,,Number,1.0,,
299CCB72-3E43-5E82-B408-8ECC2A758D4A,AC Pipe Cover Trunking 140mm Wide - 2m,Cooling,Custom,,Length,,2,M
71BD899A-B602-5C8F-BD9E-7AFD9FB332B5,AC Pipe Cover Trunking 140mm Wall Inlet Cover,Cooling,Custom,,Number,1.0,,
885FCCBF-DA28-55F2-A340-9477B73E7F0B,AC Pipe Cover Trunking 140mm 90 Deg Flat Bend,Cooling,Custom,,Number,1.0,,
3AE447D5-0B9C-57E7-A01F-F0BE9FF1CB8D,AC Pipe Cover Trunking 140mm Internal Corner,Cooling,Custom,,Number,1.0,,
92CA3481-2EB0-5631-A2DF-AD790CF70D37,AC Pipe Cover Trunking 140mm External Corner,Cooling,Custom,,Number,1.0,,
C9AA0AF9-F3F8-5446-8DBA-71BD40A512A1,AC Pipe Cover Trunking 140mm Flexible Bend,Cooling,Custom,,Number,1.0,,
08D401F6-470C-5968-9311-CEE17222A2C5,AC Pipe Cover Trunking 140mm Coupler,Cooling,Custom,,Number,1.0,,
EC1BB6A6-9411-514E-AFC3-223D99D9D519,AC Pipe Cover Trunking 140mm Unit End Connector,Cooling,Custom,,Number,1.0,,
B0AA34D7-E06C-541D-B02E-509A8D40213F,AC Outdoor Unit Wall Bracket 450mm,Cooling,Custom,,Number,1.0,,
E54926F6-7B6E-5174-B5D4-75C7A268724A,AC Outdoor Unit Wall Bracket 550mm,Cooling,Custom,,Number,1.0,,
95A90A9E-C54E-5EDD-9E9D-F06541078D6A,AC Outdoor Unit Ground Stand 450mm,Cooling,Custom,,Number,1.0,,
AAC0A619-FD9E-5D61-9F87-9B3BE908BA9C,AC Outdoor Unit Ground Stand 600mm,Cooling,Custom,,Number,1.0,,
30EBC32C-CAB2-589C-8066-99FC8AD2205A,AC Outdoor Unit Ground Stand 1000mm,Cooling,Custom,,Number,1.0,,
86E18D3F-81CF-54D2-854E-F58FF9605A35,AC Anti-Vibration Pads (Set of 4),Cooling,Custom,,Number,1.0,,
13E6A318-D8B9-5E0E-9705-FE942D29A372,AC Wall Sleeve 65mm,Cooling,Custom,,Number,1.0,,
753C0879-1DBB-5F14-8607-91709E82B5AA,AC PVC Wrapping Tape Non-Adhesive 50mm,Cooling,Custom,,Number,1.0,,
CDAC6AB1-34B1-58E3-BFF0-82C523313312,100mm Axial Extract Fan Standard,Ventilation,Custom,,Number,1.0,,
85DFA65C-6E99-5F8B-869D-595A55226196,100mm Axial Extract Fan with Timer,Ventilation,Custom,,Number,1.0,,
5BEBD899-724E-5551-9685-11A258A27D34,100mm Axial Extract Fan with Humidistat & Timer,Ventilation,Custom,,Number,1.0,,
009BA97E-EF2B-5DCF-80A2-04E7497CD49A,150mm Axial Kitchen Extract Fan with Timer,Ventilation,Custom,,Number,1.0,,
D250AC60-EBF8-5538-92F2-74A2D6D1202E,100mm dMEV Continuous Running Fan,Ventilation,Custom,,Number,1.0,,
322A1BDB-0808-504A-B42A-040894209DEB,100mm Inline Shower Extract Fan Kit,Ventilation,Custom,,Number,1.0,,
C6ACFA43-A105-571B-B353-06C7362F0A3F,100mm Inline Mixed Flow Duct Fan,Ventilation,Custom,,Number,1.0,,
726C9A69-9EFF-5BDE-AC56-0486DFC2620C,125mm Inline Mixed Flow Duct Fan,Ventilation,Custom,,Number,1.0,,
4421F339-B8AE-5584-8C45-9F8B8C71858E,150mm Inline Mixed Flow Duct Fan,Ventilation,Custom,,Number,1.0,,
E744F320-3F2C-5437-8A8E-A63395307195,200mm Inline Mixed Flow Duct Fan,Ventilation,Custom,,Number,1.0,,
E1B2D0DE-C508-5417-8511-52E65E67489E,250mm Inline Mixed Flow Duct Fan,Ventilation,Custom,,Number,1.0,,
85F64C97-1655-5D03-9D24-6E4220900A82,315mm Inline Mixed Flow Duct Fan,Ventilation,Custom,,Number,1.0,,
1B73F210-1976-5C06-9696-00FC833E87E6,200mm Acoustic Box Fan,Ventilation,Custom,,Number,1.0,,
E21CEEC8-37A8-5D78-AC40-8AA09AD21CF4,250mm Acoustic Box Fan,Ventilation,Custom,,Number,1.0,,
B5A99318-F8CB-5513-A63B-81FB84F0015E,315mm Acoustic Box Fan,Ventilation,Custom,,Number,1.0,,
4D029931-907B-5D50-A36E-B2432EAB8A64,MVHR Unit Domestic (Up to 3 Bed),Ventilation,Custom,,Number,1.0,,
1D72BAC7-E016-5321-930E-DA353B6EF77E,MVHR Unit Domestic (Up to 5 Bed),Ventilation,Custom,,Number,1.0,,
76C699AA-A12C-5E5B-AD55-E6EE70F747F8,MEV Unit Domestic Centralised,Ventilation,Custom,,Number,1.0,,
D1E12C69-7F33-5C91-B154-870AC5A88C9C,Square Ceiling Diffuser 4-Way 600x600 with Plenum (150mm Spigot),Ventilation,Custom,,Number,1.0,,
A3B6B622-EF20-5E42-84D8-4C609ED0C5DE,Square Ceiling Diffuser 4-Way 600x600 with Plenum (200mm Spigot),Ventilation,Custom,,Number,1.0,,
10F5A0CE-C647-5991-BAB6-806E5FB6A0EC,Square Ceiling Diffuser 4-Way 600x600 with Plenum (250mm Spigot),Ventilation,Custom,,Number,1.0,,
1526FB2E-C0AC-543D-B3D1-95CF97B66060,Square Ceiling Diffuser 4-Way 600x600 with Plenum (315mm Spigot),Ventilation,Custom,,Number,1.0,,
0F388D56-A66E-52D0-AA8C-06A4F03F5D78,Swirl Diffuser 600x600 with Plenum (250mm Spigot),Ventilation,Custom,,Number,1.0,,
8832716C-8842-51C1-A76E-37A1DA6D8391,Linear Slot Diffuser 2 Slot 1200mm with Plenum,Ventilation,Custom,,Number,1.0,,
E482AAE5-E146-5387-B56E-B82848B0BE9E,100mm Supply Air Valve,Ventilation,Custom,,Number,1.0,,
5825DF1E-786C-50EC-B9CA-60A8EC5300E8,100mm Extract Air Valve,Ventilation,Custom,,Number,1.0,,
3FBE7BED-C79A-51F7-AD35-B07AC31C5CE5,100mm Hooded Wall Cowl with Flap,Ventilation,Custom,,Number,1.0,,
CBEF186B-00E3-5B81-AEC0-195F397FC6C6,100mm Louvred External Wall Grille,Ventilation,Custom,,Number,1.0,,
1A253FC6-98D9-52E2-B922-452724E79E81,100mm Roof Tile Vent Terminal,Ventilation,Custom,,Number,1.0,,
8D38E50B-58DE-5C56-AC56-7DB5C1B468E0,125mm Supply Air Valve,Ventilation,Custom,,Number,1.0,,
2F499E22-D0F6-5977-896F-9270CA26B8BF,125mm Extract Air Valve,Ventilation,Custom,,Number,1.0,,
581CD36D-4B8F-534C-AA52-ACD34C648C9E,125mm Hooded Wall Cowl with Flap,Ventilation,Custom,,Number,1.0,,
C81906D6-71EE-5E54-BDFE-4018D9C0AFB6,125mm Louvred External Wall Grille,Ventilation,Custom,,Number,1.0,,
B8071CD3-5012-55DC-8241-F6E377B16455,125mm Roof Tile Vent Terminal,Ventilation,Custom,,Number,1.0,,
7167BDD4-A255-5274-90FA-D138E6236952,150mm Supply Air Valve,Ventilation,Custom,,Number,1.0,,
5C60A241-5FBD-53A6-81D7-125976764344,150mm Extract Air Valve,Ventilation,Custom,,Number,1.0,,
D4787681-230A-5CB5-84EA-F952011B3B22,150mm Hooded Wall Cowl with Flap,Ventilation,Custom,,Number,1.0,,
12DA21B9-4710-5626-8E29-C10E6FE14E70,150mm Louvred External Wall Grille,Ventilation,Custom,,Number,1.0,,
F4D0B19A-82DC-5ABC-AA4C-B71963C9EEBA,150mm Roof Tile Vent Terminal,Ventilation,Custom,,Number,1.0,,
A823B554-8CAA-55D3-9132-271A26286A42,Return Air Grille Eggcrate 300x150mm,Ventilation,Custom,,Number,1.0,,
F1093B3B-2143-592D-ABC3-ED5D155816DF,Return Air Grille Eggcrate 400x200mm,Ventilation,Custom,,Number,1.0,,
DF16F358-5767-5F4E-9B5B-5CBFD37337C9,Return Air Grille Eggcrate 600x300mm,Ventilation,Custom,,Number,1.0,,
0AB57588-9372-5AE4-A00A-60D9B82ADB4D,Return Air Grille Eggcrate 600x600mm,Ventilation,Custom,,Number,1.0,,
521C67B8-2336-502F-A820-9ADA6D8F7C2D,Supply Grille Double Deflection 300x150mm,Ventilation,Custom,,Number,1.0,,
5F1BB14D-20FC-51E8-BC8E-DEE03EA879FE,Supply Grille Double Deflection 400x200mm,Ventilation,Custom,,Number,1.0,,
EC223504-84FE-5068-A9F1-F32865BBCCD7,Supply Grille Double Deflection 600x300mm,Ventilation,Custom,,Number,1.0,,
780A1CBC-16BC-5465-AF4D-D72108D3C964,Door Transfer Grille 300x150mm,Ventilation,Custom,,Number,1.0,,
AAA469E8-7BC1-5D1A-9582-48C8F4B28CB8,Door Transfer Grille 450x150mm,Ventilation,Custom,,Number,1.0,,
F27319E2-33CD-5341-A991-130757B03B0A,External Weather Louvre 300x300mm,Ventilation,Custom,,Number,1.0,,
4758A186-F377-5B93-9361-F12FDB12C688,External Weather Louvre 600x600mm,Ventilation,Custom,,Number,1.0,,
38F92EC9-9273-50DA-928C-6A2419C02718,Panel Filter G4 592x592x48mm,Ventilation,Custom,,Number,1.0,,
12C6DC1E-B219-504A-8CDF-4120F331F3E8,Bag Filter F7 592x592mm,Ventilation,Custom,,Number,1.0,,
0C86BB6A-5D28-5A70-8B53-72D6171B1B06,80mm Round Spiral Duct Galvanised - 3m,Ductwork,Custom,,Length,,3,M
39D5F307-533B-5506-B440-84421FEEEFC7,100mm Round Spiral Duct Galvanised - 3m,Ductwork,Custom,,Length,,3,M
CD6236AD-2819-58EA-8A80-2D61C16FDFA0,125mm Round Spiral Duct Galvanised - 3m,Ductwork,Custom,,Length,,3,M
639E4193-5CEA-5352-9430-14081343A821,150mm Round Spiral Duct Galvanised - 3m,Ductwork,Custom,,Length,,3,M
21276985-8532-51AC-BCD5-A9177D6BFDC3,160mm Round Spiral Duct Galvanised - 3m,Ductwork,Custom,,Length,,3,M
75FD37C3-E70F-59C1-BC2E-31B04C51CF5A,200mm Round Spiral Duct Galvanised - 3m,Ductwork,Custom,,Length,,3,M
CDB4289A-0EFE-5B68-8446-136DAE024DA8,250mm Round Spiral Duct Galvanised - 3m,Ductwork,Custom,,Length,,3,M
7AFC00D1-02AE-56F9-90E8-833068F76061,315mm Round Spiral Duct Galvanised - 3m,Ductwork,Custom,,Length,,3,M
9134E8D0-9886-5ECD-B7D9-C6843A32752A,355mm Round Spiral Duct Galvanised - 3m,Ductwork,Custom,,Length,,3,M
62C4DF31-C690-5324-9FF3-9F49CACDDBB1,400mm Round Spiral Duct Galvanised - 3m,Ductwork,Custom,,Length,,3,M
EBE7CC13-56AC-50E1-B38B-6B07A36EEF14,450mm Round Spiral Duct Galvanised - 3m,Ductwork,Custom,,Length,,3,M
B313EDE6-B3CC-5B01-B30C-836079A7C12C,500mm Round Spiral Duct Galvanised - 3m,Ductwork,Custom,,Length,,3,M
52303624-86F2-5EF3-BCA3-E369545D91D2,560mm Round Spiral Duct Galvanised - 3m,Ductwork,Custom,,Length,,3,M
81969F05-3BA6-585D-B3EA-8413CA27C48E,630mm Round Spiral Duct Galvanised - 3m,Ductwork,Custom,,Length,,3,M
01574CF2-A7A9-5789-8925-153F660FE1CC,80mm Round Duct Coupler (Male),Ductwork,Custom,,Number,1.0,,
D3EAC58E-54D6-5C2B-8C10-93CA3D13C4AA,80mm Round Duct Coupler (Female),Ductwork,Custom,,Number,1.0,,
EADB1D72-C9CC-59A1-9701-B295622478F9,80mm Round Duct 90 Deg Bend,Ductwork,Custom,,Number,1.0,,
C98F2913-0559-5622-B384-B5F3134D9A1D,80mm Round Duct 45 Deg Bend,Ductwork,Custom,,Number,1.0,,
739E2033-30E5-52BF-AA2B-38DC72872344,80mm Round Duct Equal Tee,Ductwork,Custom,,Number,1.0,,
74FE0A08-5E0E-53E4-8C37-05FE8495A860,80mm Round Duct End Cap,Ductwork,Custom,,Number,1.0,,
CF471044-6180-5A4D-B716-4912CCAC9D4D,80mm Round Duct Volume Control Damper,Ductwork,Custom,,Number,1.0,,
A6E39DC4-0E57-5C9C-93D5-76A11BCD0FF7,80mm Round Duct Hanger Clip,Ductwork,Custom,,Number,1.0,,
9F3ABE40-6E72-556F-920A-269C61E1FFC5,100mm Round Duct Coupler (Male),Ductwork,Custom,,Number,1.0,,
3765C2FF-0CF1-5F21-841C-0AB88D6C3BFF,100mm Round Duct Coupler (Female),Ductwork,Custom,,Number,1.0,,
2699DC80-9EC8-5DFA-9973-CEC1BAE677BB,100mm Round Duct 90 Deg Bend,Ductwork,Custom,,Number,1.0,,
110FD949-FF65-5593-93B3-FD7022CCFE3B,100mm Round Duct 45 Deg Bend,Ductwork,Custom,,Number,1.0,,
65CBDAB7-B64F-572E-BE1A-3F753C081863,100mm Round Duct Equal Tee,Ductwork,Custom,,Number,1.0,,
D0677B35-A8B9-51A0-8AF1-950E3EAE90BB,100mm Round Duct End Cap,Ductwork,Custom,,Number,1.0,,
2D8847A4-A34C-50F6-8EC4-30BA56BCAC82,100mm Round Duct Volume Control Damper,Ductwork,Custom,,Number,1.0,,
67584E87-5179-538F-BD7A-21F642E3B03B,100mm Round Duct Hanger Clip,Ductwork,Custom,,Number,1.0,,
BFF75165-3E84-5089-A925-93AF05CBFBCD,100x80mm Round Duct Reducer,Ductwork,Custom,,Number,1.0,,
2C4E30D5-AB25-5A80-9FF3-DE925CD06759,125mm Round Duct Coupler (Male),Ductwork,Custom,,Number,1.0,,
14692384-B8BA-5365-ACB4-B2247B5E7A9D,125mm Round Duct Coupler (Female),Ductwork,Custom,,Number,1.0,,
2E9AE33E-1BA3-53A6-B003-0374CB48BF78,125mm Round Duct 90 Deg Bend,Ductwork,Custom,,Number,1.0,,
6968F8BE-E786-5936-A455-AF02B0373027,125mm Round Duct 45 Deg Bend,Ductwork,Custom,,Number,1.0,,
CAC7BBCC-916A-586D-B3F1-4ED9951E2280,125mm Round Duct Equal Tee,Ductwork,Custom,,Number,1.0,,
91CC2DE0-F6D6-5A79-A564-8C223A0E363B,125mm Round Duct End Cap,Ductwork,Custom,,Number,1.0,,
B581CC37-6CE6-5344-B60B-7C5262CDC9D1,125mm Round Duct Volume Control Damper,Ductwork,Custom,,Number,1.0,,
35DBACA2-D9D0-57A7-BDA7-7A5DC2F321F7,125mm Round Duct Hanger Clip,Ductwork,Custom,,Number,1.0,,
CEBAE2F6-3127-5EB3-9D49-B9F4ECF6CAB8,125x100mm Round Duct Reducer,Ductwork,Custom,,Number,1.0,,
C54EC377-9808-5BE3-BBFF-56450EDBD261,150mm Round Duct Coupler (Male),Ductwork,Custom,,Number,1.0,,
74DE35D0-55F3-574A-B763-04BFD06F92BE,150mm Round Duct Coupler (Female),Ductwork,Custom,,Number,1.0,,
E8F76CDF-C645-570D-BCE8-C86D86C682D9,150mm Round Duct 90 Deg Bend,Ductwork,Custom,,Number,1.0,,
971BAB1A-FA91-53C7-9B84-18FC36895296,150mm Round Duct 45 Deg Bend,Ductwork,Custom,,Number,1.0,,
28ED7568-5E51-5AD7-8C2C-3AF1CA196681,150mm Round Duct Equal Tee,Ductwork,Custom,,Number,1.0,,
50223566-E4BD-57DC-97D5-28CB49A86AFF,150mm Round Duct End Cap,Ductwork,Custom,,Number,1.0,,
26AD2C2E-A974-5C31-9CEB-F5E0F21ED3C1,150mm Round Duct Volume Control Damper,Ductwork,Custom,,Number,1.0,,
A853C22F-F379-541E-A8D9-5C7119FF62C9,150mm Round Duct Hanger Clip,Ductwork,Custom,,Number,1.0,,
822CEF74-32B7-57F5-A9EA-51ED691B6AD5,150x125mm Round Duct Reducer,Ductwork,Custom,,Number,1.0,,
07E0EB80-8372-5ED4-B88D-BA8CB1590332,160mm Round Duct Coupler (Male),Ductwork,Custom,,Number,1.0,,
4CBA7A16-D7B4-518E-AC53-C0CAD82D721F,160mm Round Duct Coupler (Female),Ductwork,Custom,,Number,1.0,,
B7F12A1E-A308-575A-99F2-36DE858E5766,160mm Round Duct 90 Deg Bend,Ductwork,Custom,,Number,1.0,,
63D627A6-746A-524B-AC13-36C25BF79CEA,160mm Round Duct 45 Deg Bend,Ductwork,Custom,,Number,1.0,,
4E5FAF60-2D58-5415-B6D5-E71C652A86F5,160mm Round Duct Equal Tee,Ductwork,Custom,,Number,1.0,,
E5D0D1AC-A31B-55D5-BFFA-D4BA31CA706A,160mm Round Duct End Cap,Ductwork,Custom,,Number,1.0,,
08BB3AF1-3B0C-5717-AFE1-73A38B0D7F6E,160mm Round Duct Volume Control Damper,Ductwork,Custom,,Number,1.0,,
9906356A-49E5-510C-9670-BE928D7E1F5A,160mm Round Duct Hanger Clip,Ductwork,Custom,,Number,1.0,,
CC2E6A20-322D-5D25-A47A-8874B4B5FD25,160x150mm Round Duct Reducer,Ductwork,Custom,,Number,1.0,,
6EF6569F-F276-5E97-BCA7-7DFF2A486AE3,200mm Round Duct Coupler (Male),Ductwork,Custom,,Number,1.0,,
2B7634B4-6805-5A0A-9839-E48A53B4AC05,200mm Round Duct Coupler (Female),Ductwork,Custom,,Number,1.0,,
E263A0C1-D863-564C-B8DA-9BA8F46B8A87,200mm Round Duct 90 Deg Bend,Ductwork,Custom,,Number,1.0,,
D69C578B-86C3-5D82-981A-8CAEDA8B6B1C,200mm Round Duct 45 Deg Bend,Ductwork,Custom,,Number,1.0,,
E3C4A144-CC04-5853-9F04-6E8EDAD93764,200mm Round Duct Equal Tee,Ductwork,Custom,,Number,1.0,,
23C69DBC-06BA-5CFD-9D01-97332A3EB307,200mm Round Duct End Cap,Ductwork,Custom,,Number,1.0,,
EC90DE99-E2AF-5F58-B532-A2C4B353E51A,200mm Round Duct Volume Control Damper,Ductwork,Custom,,Number,1.0,,
E118A8A7-3B14-5F82-8C5A-E0F1F366A0FC,200mm Round Duct Hanger Clip,Ductwork,Custom,,Number,1.0,,
669BA788-E31C-5667-9B9F-B4130A57B714,200x160mm Round Duct Reducer,Ductwork,Custom,,Number,1.0,,
2117A1F8-0E8F-5831-A050-96793FBE9F55,250mm Round Duct Coupler (Male),Ductwork,Custom,,Number,1.0,,
314F510A-F986-5FD0-8084-39EF8809D6D7,250mm Round Duct Coupler (Female),Ductwork,Custom,,Number,1.0,,
62EB61F6-4E8D-53A8-9934-432319523DC7,250mm Round Duct 90 Deg Bend,Ductwork,Custom,,Number,1.0,,
2834CA82-3239-5C71-AB28-C2C2E79C6CB9,250mm Round Duct 45 Deg Bend,Ductwork,Custom,,Number,1.0,,
62490AC1-E94F-5074-AAF0-67DD90B70286,250mm Round Duct Equal Tee,Ductwork,Custom,,Number,1.0,,
24301497-5985-5DC6-8B12-B037174572B8,250mm Round Duct End Cap,Ductwork,Custom,,Number,1.0,,
505A5B76-AA4F-5AA3-8E5A-D413EA1FB21C,250mm Round Duct Volume Control Damper,Ductwork,Custom,,Number,1.0,,
F7B6BE1E-8BC9-5AAC-B51B-64342B69171E,250mm Round Duct Hanger Clip,Ductwork,Custom,,Number,1.0,,
FD027E41-4AFB-54D2-B602-68082572E677,250x200mm Round Duct Reducer,Ductwork,Custom,,Number,1.0,,
0DBCF5B1-577C-5A38-A47E-29E1F702B8FD,315mm Round Duct Coupler (Male),Ductwork,Custom,,Number,1.0,,
8B953BAA-C6DC-5850-8425-B2D89027CA58,315mm Round Duct Coupler (Female),Ductwork,Custom,,Number,1.0,,
87E5D567-5D24-5B8C-B2E1-A68D277B4FA0,315mm Round Duct 90 Deg Bend,Ductwork,Custom,,Number,1.0,,
8FAF725E-C415-572C-B374-ADF782B06FC5,315mm Round Duct 45 Deg Bend,Ductwork,Custom,,Number,1.0,,
37571BE7-258A-53C0-ACE1-43DABADF1FFB,315mm Round Duct Equal Tee,Ductwork,Custom,,Number,1.0,,
F22D3D1B-5C3A-5443-94F3-A001DB11101E,315mm Round Duct End Cap,Ductwork,Custom,,Number,1.0,,
EC757038-9064-57AA-8364-C85C66A5F3A6,315mm Round Duct Volume Control Damper,Ductwork,Custom,,Number,1.0,,
5E9ADB5D-096B-54D5-A194-23F44EC9ABA5,315mm Round Duct Hanger Clip,Ductwork,Custom,,Number,1.0,,
611624FC-BC69-5E83-8297-B5F03A966B09,315x250mm Round Duct Reducer,Ductwork,Custom,,Number,1.0,,
AFC235D5-AF25-52CD-B293-EEB5137C6FC4,355mm Round Duct Coupler (Male),Ductwork,Custom,,Number,1.0,,
2C9D5654-7A2E-5EB1-86F6-0E08F0529D80,355mm Round Duct Coupler (Female),Ductwork,Custom,,Number,1.0,,
B2196860-6B33-5EFF-89AF-5158687D98C6,355mm Round Duct 90 Deg Bend,Ductwork,Custom,,Number,1.0,,
0130AA2C-6B0E-5CAF-97B5-C83EF8B5270E,355mm Round Duct 45 Deg Bend,Ductwork,Custom,,Number,1.0,,
96FF72D2-B381-5DC5-BE41-ABEA8BF789A9,355mm Round Duct Equal Tee,Ductwork,Custom,,Number,1.0,,
F9990652-BFBC-5CBC-BE75-64DB73603520,355mm Round Duct End Cap,Ductwork,Custom,,Number,1.0,,
981D0954-B32D-57EE-8441-7241076D0019,355mm Round Duct Volume Control Damper,Ductwork,Custom,,Number,1.0,,
EDB77711-6546-510D-B478-B3D960D14203,355mm Round Duct Hanger Clip,Ductwork,Custom,,Number,1.0,,
EBDB5E85-F629-5D5E-83D3-F60CC3DAFA9F,355x315mm Round Duct Reducer,Ductwork,Custom,,Number,1.0,,
793A792F-1164-56B0-9A1D-64CDE76153C4,400mm Round Duct Coupler (Male),Ductwork,Custom,,Number,1.0,,
82E34232-98E5-5ABF-9BC6-E10677042FE3,400mm Round Duct Coupler (Female),Ductwork,Custom,,Number,1.0,,
E7E5A7C0-19F3-5766-B6C5-291B516F79F8,400mm Round Duct 90 Deg Bend,Ductwork,Custom,,Number,1.0,,
3D4A4CEC-9F7F-5CB5-8EAE-3B8EFD9865DC,400mm Round Duct 45 Deg Bend,Ductwork,Custom,,Number,1.0,,
C82E836F-787C-57E6-A3AA-A861FF70C25A,400mm Round Duct Equal Tee,Ductwork,Custom,,Number,1.0,,
E9817E7B-BD1D-5951-8604-15CED2866E2D,400mm Round Duct End Cap,Ductwork,Custom,,Number,1.0,,
B9069148-6449-5A93-BE47-FDA49F209C32,400mm Round Duct Volume Control Damper,Ductwork,Custom,,Number,1.0,,
062BDAAE-FC63-558E-BE91-ACE0F320FD79,400mm Round Duct Hanger Clip,Ductwork,Custom,,Number,1.0,,
FDACCD7A-15AF-5881-8134-2DEC48C8B8D3,400x355mm Round Duct Reducer,Ductwork,Custom,,Number,1.0,,
398BF639-C65B-56DE-88B7-CD1B8E980A92,450mm Round Duct Coupler (Male),Ductwork,Custom,,Number,1.0,,
321167E1-85A1-593A-BAC4-D51C846C8BB3,450mm Round Duct Coupler (Female),Ductwork,Custom,,Number,1.0,,
8B865F46-EC1D-56BF-A3FB-DB06814EC11E,450mm Round Duct 90 Deg Bend,Ductwork,Custom,,Number,1.0,,
5E6C8EEB-6659-5EC6-A7FD-7DBBE508FA0D,450mm Round Duct 45 Deg Bend,Ductwork,Custom,,Number,1.0,,
C1178D22-359B-58C5-866D-24BC12AB713B,450mm Round Duct Equal Tee,Ductwork,Custom,,Number,1.0,,
8A99F6AD-1007-5BE0-9A73-13EF37E45939,450mm Round Duct End Cap,Ductwork,Custom,,Number,1.0,,
BF2D2408-8B7D-57D4-9D9C-010709B42C19,450mm Round Duct Volume Control Damper,Ductwork,Custom,,Number,1.0,,
8659420E-53E7-52EB-A87C-38FFEED5375B,450mm Round Duct Hanger Clip,Ductwork,Custom,,Number,1.0,,
A18224FC-37FA-55C8-A6F9-934A3F6D3BB5,450x400mm Round Duct Reducer,Ductwork,Custom,,Number,1.0,,
170F55C2-FA51-5D6F-B511-C6055AEDB7FB,500mm Round Duct Coupler (Male),Ductwork,Custom,,Number,1.0,,
C3426994-628F-5C8E-8E36-D895A64341ED,500mm Round Duct Coupler (Female),Ductwork,Custom,,Number,1.0,,
34D51B26-7558-5B3D-8F4B-6A849C7259DC,500mm Round Duct 90 Deg Bend,Ductwork,Custom,,Number,1.0,,
4B6AF544-93FD-5FE9-8E24-76A7CB60707A,500mm Round Duct 45 Deg Bend,Ductwork,Custom,,Number,1.0,,
A600A79C-F04D-502E-88F6-3CCC0350D635,500mm Round Duct Equal Tee,Ductwork,Custom,,Number,1.0,,
AA677625-B052-52B7-92A6-2111E3DD6C25,500mm Round Duct End Cap,Ductwork,Custom,,Number,1.0,,
4F3DE9AE-3998-55B2-97A0-92885CE797A9,500mm Round Duct Volume Control Damper,Ductwork,Custom,,Number,1.0,,
6D713E47-F064-5C6D-B702-A11F3B794E11,500mm Round Duct Hanger Clip,Ductwork,Custom,,Number,1.0,,
5055C604-775C-5953-B9EA-DA5EEAC54233,500x450mm Round Duct Reducer,Ductwork,Custom,,Number,1.0,,
4247C46C-0984-5835-A2BB-23038CEA1133,560mm Round Duct Coupler (Male),Ductwork,Custom,,Number,1.0,,
8859FE8A-7726-5D94-AD1E-AB25A9C09D3F,560mm Round Duct Coupler (Female),Ductwork,Custom,,Number,1.0,,
2ABA396A-B549-53DC-93F8-743D0930CA4E,560mm Round Duct 90 Deg Bend,Ductwork,Custom,,Number,1.0,,
36E27EA3-40B4-5E0B-8387-4AA1E02F964A,560mm Round Duct 45 Deg Bend,Ductwork,Custom,,Number,1.0,,
B44C0ABB-F8B2-5766-97D9-6839D2741572,560mm Round Duct Equal Tee,Ductwork,Custom,,Number,1.0,,
0DD56C26-EEF7-534F-AC16-FC3C270B24BD,560mm Round Duct End Cap,Ductwork,Custom,,Number,1.0,,
B1A58D61-DDDF-5E48-9F97-EA528E88EDCF,560mm Round Duct Volume Control Damper,Ductwork,Custom,,Number,1.0,,
4301F9CE-E35E-5CCE-BEAA-B6006A1F7CF0,560mm Round Duct Hanger Clip,Ductwork,Custom,,Number,1.0,,
6447D575-5D92-5B03-9B6D-F39CD286216E,560x500mm Round Duct Reducer,Ductwork,Custom,,Number,1.0,,
25F52E7A-3F83-549B-B54B-C7D9E7655204,630mm Round Duct Coupler (Male),Ductwork,Custom,,Number,1.0,,
294374C3-6FA4-5498-A52D-9EE45E1012D7,630mm Round Duct Coupler (Female),Ductwork,Custom,,Number,1.0,,
A55DDEAA-B87D-502A-80DD-6BD3E39F1372,630mm Round Duct 90 Deg Bend,Ductwork,Custom,,Number,1.0,,
D7902CA4-4D55-5D57-A25C-F2DDEE14C527,630mm Round Duct 45 Deg Bend,Ductwork,Custom,,Number,1.0,,
9BEB55C9-7E9B-5232-8E30-613FA1C8EB0A,630mm Round Duct Equal Tee,Ductwork,Custom,,Number,1.0,,
6EC51DE9-9C1E-5E4C-B7F3-2B3067500F59,630mm Round Duct End Cap,Ductwork,Custom,,Number,1.0,,
11DE6C68-1A05-5DB8-9457-36F499FD9C79,630mm Round Duct Volume Control Damper,Ductwork,Custom,,Number,1.0,,
6F18DF22-6161-5933-A83B-EA91A1619856,630mm Round Duct Hanger Clip,Ductwork,Custom,,Number,1.0,,
FD704588-3947-5DF6-9619-C64E5C60495D,630x560mm Round Duct Reducer,Ductwork,Custom,,Number,1.0,,
6BB1FABF-AC43-55B5-92B0-064A4AD30BD5,100mm Round Fire Damper (Intumescent),Ductwork,Custom,,Number,1.0,,
4EA919A2-F558-51B8-8781-12FABBB1B7F3,100mm Circular Attenuator 600mm Long,Ductwork,Custom,,Number,1.0,,
7CD59E89-FDA1-5062-817B-9D476C76D842,125mm Round Fire Damper (Intumescent),Ductwork,Custom,,Number,1.0,,
948D5121-4A16-576A-847D-270614FCA4E7,125mm Circular Attenuator 600mm Long,Ductwork,Custom,,Number,1.0,,
30A8EA2A-6CD5-541D-979E-D89174139D34,150mm Round Fire Damper (Intumescent),Ductwork,Custom,,Number,1.0,,
5367ABA8-089A-5729-A0B3-7FC19BC8B428,150mm Circular Attenuator 600mm Long,Ductwork,Custom,,Number,1.0,,
F320EF2A-3DE7-5389-8529-E9215DF10F29,160mm Round Fire Damper (Intumescent),Ductwork,Custom,,Number,1.0,,
B4162607-5A23-5C3D-B291-FAA768767973,160mm Circular Attenuator 600mm Long,Ductwork,Custom,,Number,1.0,,
AACAC8B4-32D0-5108-9C90-158A63AED184,200mm Round Fire Damper (Intumescent),Ductwork,Custom,,Number,1.0,,
66AE2642-619F-59CB-A080-8F8733F00A3E,200mm Circular Attenuator 600mm Long,Ductwork,Custom,,Number,1.0,,
C3ABEBB3-F5B5-5536-A312-B7592E9D3A20,250mm Round Fire Damper (Intumescent),Ductwork,Custom,,Number,1.0,,
0B3E2063-C7F4-5A08-B3AF-60CC9F39E79A,250mm Circular Attenuator 600mm Long,Ductwork,Custom,,Number,1.0,,
DD83BDE6-8740-5C69-A4A7-F3876DB56BA0,315mm Round Fire Damper (Intumescent),Ductwork,Custom,,Number,1.0,,
E59473E2-E222-5B4A-95FF-801AC8EDA4D5,315mm Circular Attenuator 600mm Long,Ductwork,Custom,,Number,1.0,,
03FAE9B8-6D6E-5DD2-BD90-D593ECFFFDE8,100mm Flexible Aluminium Duct Uninsulated - 10m,Ductwork,Custom,,Length,,10,M
F2B1F39F-C742-5C8E-A96B-804E51932347,100mm Flexible Aluminium Duct Insulated (Acoustic) - 10m,Ductwork,Custom,,Length,,10,M
AA8BF905-F371-54F5-B83E-240F372C492C,100mm Duct Jubilee Clip,Ductwork,Custom,,Number,1.0,,
E906F38D-14E7-5B0A-8E7F-3B8CA9342DFE,125mm Flexible Aluminium Duct Uninsulated - 10m,Ductwork,Custom,,Length,,10,M
0CA93D96-D208-5636-BE4D-DE2057D018E3,125mm Flexible Aluminium Duct Insulated (Acoustic) - 10m,Ductwork,Custom,,Length,,10,M
5B2172CB-5FD9-5A22-9567-30F1B3138138,125mm Duct Jubilee Clip,Ductwork,Custom,,Number,1.0,,
89A826A2-04D8-5ADE-AF0D-63CE3AD59D9F,150mm Flexible Aluminium Duct Uninsulated - 10m,Ductwork,Custom,,Length,,10,M
12861C3E-AB76-5A93-ACAA-DC493442DC28,150mm Flexible Aluminium Duct Insulated (Acoustic) - 10m,Ductwork,Custom,,Length,,10,M
DFD862EF-8B25-57B4-B344-C99DF22DC42F,150mm Duct Jubilee Clip,Ductwork,Custom,,Number,1.0,,
0B47714F-511F-5B5A-949E-D26366151CF1,160mm Flexible Aluminium Duct Uninsulated - 10m,Ductwork,Custom,,Length,,10,M
7F217D9C-9F32-541B-853B-289FC8E74F47,160mm Flexible Aluminium Duct Insulated (Acoustic) - 10m,Ductwork,Custom,,Length,,10,M
23FBB1A5-E745-5293-A55A-EC666105CC96,160mm Duct Jubilee Clip,Ductwork,Custom,,Number,1.0,,
BF500D43-3589-5EED-AC08-210AED6E5A91,200mm Flexible Aluminium Duct Uninsulated - 10m,Ductwork,Custom,,Length,,10,M
F66846CE-820A-5CB7-970B-9A361A4C0B6A,200mm Flexible Aluminium Duct Insulated (Acoustic) - 10m,Ductwork,Custom,,Length,,10,M
7A532DC7-9805-5FEB-ADB4-EE4B3A7540C2,200mm Duct Jubilee Clip,Ductwork,Custom,,Number,1.0,,
5A708445-7994-5D53-95FA-7673073B203F,250mm Flexible Aluminium Duct Uninsulated - 10m,Ductwork,Custom,,Length,,10,M
C42EA2FA-3D4C-5372-A43E-E7C2749AE403,250mm Flexible Aluminium Duct Insulated (Acoustic) - 10m,Ductwork,Custom,,Length,,10,M
3200D53D-DAC3-59BF-A03D-22A3452134A0,250mm Duct Jubilee Clip,Ductwork,Custom,,Number,1.0,,
E4965A93-6C79-5B52-BC8C-4519C6A879DA,315mm Flexible Aluminium Duct Uninsulated - 10m,Ductwork,Custom,,Length,,10,M
1736FBBC-99D8-53A1-A46C-1C3D2C6A5701,315mm Flexible Aluminium Duct Insulated (Acoustic) - 10m,Ductwork,Custom,,Length,,10,M
6BB82337-F492-5844-A37A-07A029DFE56B,315mm Duct Jubilee Clip,Ductwork,Custom,,Number,1.0,,
B0B5A06E-0C68-531C-93D3-2B3D56743468,110x54mm Rigid PVC Flat Channel Duct - 1m,Ductwork,Custom,,Length,,1,M
130BF059-A720-5CEC-ADF4-562B1954F17A,110x54mm PVC Flat Channel Coupling,Ductwork,Custom,,Number,1.0,,
722AB558-B034-5CE5-9BD9-A0CF2B04BF8D,110x54mm PVC Flat Channel Horizontal Bend 90 Deg,Ductwork,Custom,,Number,1.0,,
CED4752C-F574-525F-BC82-52BEF7861184,110x54mm PVC Flat Channel Vertical Bend 90 Deg,Ductwork,Custom,,Number,1.0,,
A63256E9-4FA2-5C63-B390-BA3B83D5E35E,110x54mm PVC Flat Channel Equal Tee,Ductwork,Custom,,Number,1.0,,
1686341A-2238-5944-9BEB-F1C903B38FC1,110x54mm PVC Flat Channel Round to Rectangular Adaptor Straight,Ductwork,Custom,,Number,1.0,,
1BE86E13-2125-5AE5-809C-A107F4074891,110x54mm PVC Flat Channel Round to Rectangular Adaptor 90 Deg,Ductwork,Custom,,Number,1.0,,
644C68C4-B682-5D9A-A01C-F3E15CECCEC7,110x54mm PVC Flat Channel Wall Plate with Gravity Flap,Ductwork,Custom,,Number,1.0,,
BF0E07CF-75C6-5BFA-B25C-F64DB437E7E8,110x54mm PVC Flat Channel Channel Clip,Ductwork,Custom,,Number,1.0,,
8FF522B2-64BA-5FA3-BB70-01338D0EA5EE,204x60mm Rigid PVC Flat Channel Duct - 1m,Ductwork,Custom,,Length,,1,M
654376CE-D0F0-5801-B2C6-5DEFFB3E3047,204x60mm PVC Flat Channel Coupling,Ductwork,Custom,,Number,1.0,,
0C3C1EC4-4944-5D4C-AE40-D8A190304369,204x60mm PVC Flat Channel Horizontal Bend 90 Deg,Ductwork,Custom,,Number,1.0,,
3D3CFA7F-BA5D-5E32-827D-AA6AEAE662CE,204x60mm PVC Flat Channel Vertical Bend 90 Deg,Ductwork,Custom,,Number,1.0,,
6D3E7D2E-AE82-5B32-8608-C646318A097A,204x60mm PVC Flat Channel Equal Tee,Ductwork,Custom,,Number,1.0,,
0FEB058A-5010-515E-8D3A-A6457E5BC758,204x60mm PVC Flat Channel Round to Rectangular Adaptor Straight,Ductwork,Custom,,Number,1.0,,
5BA9A402-1AA8-558C-BCA1-96D0DA751F09,204x60mm PVC Flat Channel Round to Rectangular Adaptor 90 Deg,Ductwork,Custom,,Number,1.0,,
268E01C1-493D-5EB7-B6D1-C14CC713E30A,204x60mm PVC Flat Channel Wall Plate with Gravity Flap,Ductwork,Custom,,Number,1.0,,
EF386950-6FF7-55EA-BDE9-9F5A8E5AEB6E,204x60mm PVC Flat Channel Channel Clip,Ductwork,Custom,,Number,1.0,,
F34FEF94-8B75-5BF2-8E62-8C2161912CA7,100mm Round Rigid PVC Duct - 1m,Ductwork,Custom,,Length,,1,M
0DEB1C4A-1CA0-54CA-82F4-0122FFC126F6,100mm Round PVC Duct Coupling,Ductwork,Custom,,Number,1.0,,
31557E48-6144-5FA0-B588-B23937FE4761,100mm Round PVC Duct 90 Deg Bend,Ductwork,Custom,,Number,1.0,,
C8B7F8AE-160A-50F4-98E1-23E2D526F45F,100mm Round PVC Duct 45 Deg Bend,Ductwork,Custom,,Number,1.0,,
72308890-9AF5-5EE7-B7EB-30CDE50DE56F,100mm Round PVC Duct Clip,Ductwork,Custom,,Number,1.0,,
11FE70FD-8544-5263-AB1A-27EAAD00B749,125mm Round Rigid PVC Duct - 1m,Ductwork,Custom,,Length,,1,M
214812B3-02CA-5311-83F1-36A99C6C246E,125mm Round PVC Duct Coupling,Ductwork,Custom,,Number,1.0,,
C44DA8F3-8EFE-5AE4-A0B3-015C8EEE6A3F,125mm Round PVC Duct 90 Deg Bend,Ductwork,Custom,,Number,1.0,,
1B9FC145-89DD-5D3B-ABC4-D707522D782A,125mm Round PVC Duct 45 Deg Bend,Ductwork,Custom,,Number,1.0,,
BAC3B5FB-5BF8-5376-819B-72AF0DA5D23D,125mm Round PVC Duct Clip,Ductwork,Custom,,Number,1.0,,
D68AE743-086B-5B8B-9BEF-B6E3FCFB53B0,150mm Round Rigid PVC Duct - 1m,Ductwork,Custom,,Length,,1,M
CD20328B-5D14-54AC-98D0-07470254AE45,150mm Round PVC Duct Coupling,Ductwork,Custom,,Number,1.0,,
D0B07DB0-34BF-5CCB-AA34-3B79775AD0E2,150mm Round PVC Duct 90 Deg Bend,Ductwork,Custom,,Number,1.0,,
DC82F05E-31B2-57CA-BB4A-8F403D0A2B67,150mm Round PVC Duct 45 Deg Bend,Ductwork,Custom,,Number,1.0,,
B30C0D30-79F9-51AD-A644-7CE71362AC15,150mm Round PVC Duct Clip,Ductwork,Custom,,Number,1.0,,
75236367-952E-51CE-B2E9-9977EA5FBE5D,Rectangular Galvanised Ductwork (Fabricated),Ductwork,Custom,,Number,1M2,,
AF30A4DB-6292-5B90-B4D8-AF55A1CA62C0,Duct Sealant Mastic,Ductwork,Custom,,Number,310ML,,
F95D7B28-DA81-55E6-94F4-1B79F44AD5A4,Perforated Steel Hanging Band 20mm x 10m,Ductwork,Custom,,Number,1.0,,
84FF610D-D4C1-5360-B2DF-F4AE99857CCA,Pop Rivet 4.8 x 10mm,Ductwork,Custom,,Box,,,
189EE92C-CCAA-5E75-B010-F1B3CC6A83DD,Nitrile Pipe Insulation Class O 9mm Wall x 15mm Bore - 2m,Insulation,Custom,,Length,,2,M
BD412864-046B-580F-ACBA-18F812BB5515,Nitrile Pipe Insulation Class O 9mm Wall x 22mm Bore - 2m,Insulation,Custom,,Length,,2,M
5DF55169-1F25-5F77-8329-E386E9169F76,Nitrile Pipe Insulation Class O 9mm Wall x 28mm Bore - 2m,Insulation,Custom,,Length,,2,M
FB993455-AE60-59F7-8D17-3E21FC6D749F,Nitrile Pipe Insulation Class O 9mm Wall x 35mm Bore - 2m,Insulation,Custom,,Length,,2,M
84FE5859-8FBA-5FE9-9C87-3C05B21BDA12,Nitrile Pipe Insulation Class O 9mm Wall x 42mm Bore - 2m,Insulation,Custom,,Length,,2,M
7F41F860-6189-5504-90CB-D367C8A6FF36,Nitrile Pipe Insulation Class O 9mm Wall x 54mm Bore - 2m,Insulation,Custom,,Length,,2,M
CF4BB8F1-F276-55F2-9DBB-EBB2E43635AF,Nitrile Pipe Insulation Class O 13mm Wall x 15mm Bore - 2m,Insulation,Custom,,Length,,2,M
CAACAFAC-2071-5810-B990-7A3C6FECA7BF,Nitrile Pipe Insulation Class O 13mm Wall x 22mm Bore - 2m,Insulation,Custom,,Length,,2,M
DD1FA229-CB1C-545D-AE38-2CB8213E38B8,Nitrile Pipe Insulation Class O 13mm Wall x 28mm Bore - 2m,Insulation,Custom,,Length,,2,M
5FF88267-0E48-5C39-B568-545C331B541A,Nitrile Pipe Insulation Class O 13mm Wall x 35mm Bore - 2m,Insulation,Custom,,Length,,2,M
FD94CD1C-1D8B-5395-8172-88710CB8807A,Nitrile Pipe Insulation Class O 13mm Wall x 42mm Bore - 2m,Insulation,Custom,,Length,,2,M
8961E82A-71ED-5DB6-BCBD-D302B2539F6E,Nitrile Pipe Insulation Class O 13mm Wall x 54mm Bore - 2m,Insulation,Custom,,Length,,2,M
D21C3FFA-F85F-59CF-8E29-BD2FA57D6C06,Nitrile Pipe Insulation Class O 19mm Wall x 15mm Bore - 2m,Insulation,Custom,,Length,,2,M
90BD8751-DEA9-510D-A058-C0672B1B7FD7,Nitrile Pipe Insulation Class O 19mm Wall x 22mm Bore - 2m,Insulation,Custom,,Length,,2,M
8A0B1351-0E8C-5AD1-8CD2-FF3865428B1C,Nitrile Pipe Insulation Class O 19mm Wall x 28mm Bore - 2m,Insulation,Custom,,Length,,2,M
DC7CAD35-98AB-5EBD-962A-66AA135B4C91,Nitrile Pipe Insulation Class O 19mm Wall x 35mm Bore - 2m,Insulation,Custom,,Length,,2,M
BE32337C-A4A9-51B2-AE14-019A49968946,Nitrile Pipe Insulation Class O 19mm Wall x 42mm Bore - 2m,Insulation,Custom,,Length,,2,M
976767D8-6B36-5747-802B-5AE36A4AA6F5,Nitrile Pipe Insulation Class O 19mm Wall x 54mm Bore - 2m,Insulation,Custom,,Length,,2,M
9A95D491-1D7D-58BC-92C9-488201188637,Nitrile Pipe Insulation Class O 25mm Wall x 15mm Bore - 2m,Insulation,Custom,,Length,,2,M
680CEB3B-115E-5364-9AD9-DF21001FAE2B,Nitrile Pipe Insulation Class O 25mm Wall x 22mm Bore - 2m,Insulation,Custom,,Length,,2,M
CED37904-F5B9-569F-8968-B087016A7E0B,Nitrile Pipe Insulation Class O 25mm Wall x 28mm Bore - 2m,Insulation,Custom,,Length,,2,M
7E43FC42-25C9-550E-9348-35D7609F5BC1,Nitrile Pipe Insulation Class O 25mm Wall x 35mm Bore - 2m,Insulation,Custom,,Length,,2,M
60DF4F02-BBC1-50B7-8EC5-4AB544493F4A,Nitrile Pipe Insulation Class O 25mm Wall x 42mm Bore - 2m,Insulation,Custom,,Length,,2,M
7EA8603E-8B21-5EB4-BE48-3756FBB8F509,Nitrile Pipe Insulation Class O 25mm Wall x 54mm Bore - 2m,Insulation,Custom,,Length,,2,M
0E78905D-BF51-54C3-BC76-1E1489B95206,Nitrile Pipe Insulation Class O 13mm Wall x 1/4in ACR - 2m,Insulation,Custom,,Length,,2,M
1CF430F4-8AB8-52A9-8C25-99A48DF2342F,Nitrile Pipe Insulation Class O 13mm Wall x 3/8in ACR - 2m,Insulation,Custom,,Length,,2,M
E7A966E3-6C26-52EC-80E0-1D2E0EF6ADD6,Nitrile Pipe Insulation Class O 13mm Wall x 1/2in ACR - 2m,Insulation,Custom,,Length,,2,M
9397CB5A-9A34-52D5-8A13-2629A37B1BC8,Nitrile Pipe Insulation Class O 13mm Wall x 5/8in ACR - 2m,Insulation,Custom,,Length,,2,M
71ED63F1-3519-54AF-9BB6-4055C3EE30F1,Nitrile Pipe Insulation Class O 13mm Wall x 3/4in ACR - 2m,Insulation,Custom,,Length,,2,M
4CDBAC64-0520-50EE-9BF5-96B4EFD8A554,Nitrile Pipe Insulation Class O 13mm Wall x 7/8in ACR - 2m,Insulation,Custom,,Length,,2,M
C0925D9E-3BEC-5F38-9098-85C81C977342,Polyethylene Pipe Insulation 9mm Wall x 15mm Bore - 1m,Insulation,Custom,,Length,,1,M
A84DC5B1-24CE-5A8D-A60A-8D66B2544073,Polyethylene Pipe Insulation 9mm Wall x 22mm Bore - 1m,Insulation,Custom,,Length,,1,M
184BADBE-6D11-51EB-BE47-3C2EE22CE7A5,Polyethylene Pipe Insulation 13mm Wall x 15mm Bore - 1m,Insulation,Custom,,Length,,1,M
942F54EF-AB97-5AF0-9769-8B6F2AF68D09,Polyethylene Pipe Insulation 13mm Wall x 22mm Bore - 1m,Insulation,Custom,,Length,,1,M
548DBA82-F07F-57A0-B336-26DA72C396AC,Polyethylene Pipe Insulation 13mm Wall x 28mm Bore - 1m,Insulation,Custom,,Length,,1,M
392CEE07-13B4-5CBC-99CA-C0ED6AB4FA75,Polyethylene Pipe Insulation 19mm Wall x 15mm Bore - 1m,Insulation,Custom,,Length,,1,M
8BEA3E2F-3966-5E17-9AA3-048073904135,Polyethylene Pipe Insulation 19mm Wall x 22mm Bore - 1m,Insulation,Custom,,Length,,1,M
D07B8C93-3975-5D48-8624-CF8E9E74542B,Polyethylene Pipe Insulation 19mm Wall x 28mm Bore - 1m,Insulation,Custom,,Length,,1,M
36F98091-6380-59B7-BD4E-B154000F7E49,Polyethylene Pipe Insulation 25mm Wall x 15mm Bore - 1m,Insulation,Custom,,Length,,1,M
358F8EEB-63DD-5E27-9057-BA6F79C28604,Polyethylene Pipe Insulation 25mm Wall x 22mm Bore - 1m,Insulation,Custom,,Length,,1,M
B1D602E6-A91C-5091-B068-93C58D512A0C,Polyethylene Pipe Insulation 25mm Wall x 28mm Bore - 1m,Insulation,Custom,,Length,,1,M
7AC0F4BD-CED6-5A70-839C-A9AA180AE7DD,Foil Faced Mineral Wool Pipe Section 25mm Wall x 15mm - 1m,Insulation,Custom,,Length,,1,M
1C59F154-4C76-5D7C-90BD-3D35AE79D203,Foil Faced Mineral Wool Pipe Section 25mm Wall x 22mm - 1m,Insulation,Custom,,Length,,1,M
0F3A7522-14CC-5289-9408-115F0AE78CB6,Foil Faced Mineral Wool Pipe Section 25mm Wall x 28mm - 1m,Insulation,Custom,,Length,,1,M
E272622D-1AA3-57AC-B7DB-7207B8EEDB9C,Foil Faced Mineral Wool Pipe Section 25mm Wall x 35mm - 1m,Insulation,Custom,,Length,,1,M
9BD700FD-2AFC-5E74-B66D-3715274EBCC9,Foil Faced Mineral Wool Pipe Section 25mm Wall x 42mm - 1m,Insulation,Custom,,Length,,1,M
43907823-B38D-5578-9181-405C6CD643D2,Foil Faced Mineral Wool Pipe Section 25mm Wall x 54mm - 1m,Insulation,Custom,,Length,,1,M
376970EE-498D-574A-817A-31929BAD3F89,Foil Faced Mineral Wool Pipe Section 25mm Wall x 67mm - 1m,Insulation,Custom,,Length,,1,M
93A5E43B-4273-59E1-AE4B-DD9B5DA89495,Foil Faced Mineral Wool Pipe Section 25mm Wall x 76mm - 1m,Insulation,Custom,,Length,,1,M
BC5DA457-B4AD-5D98-B578-4920C1006325,Foil Faced Mineral Wool Pipe Section 25mm Wall x 108mm - 1m,Insulation,Custom,,Length,,1,M
55286F1A-4E79-5A60-B812-EE1475C2D268,Foil Faced Mineral Wool Pipe Section 40mm Wall x 54mm - 1m,Insulation,Custom,,Length,,1,M
D56B575F-EA34-54C4-A380-941410DB1D2F,Foil Faced Mineral Wool Pipe Section 40mm Wall x 76mm - 1m,Insulation,Custom,,Length,,1,M
9F910CFC-0F19-5548-AB67-F54194FC204F,Foil Faced Mineral Wool Pipe Section 40mm Wall x 108mm - 1m,Insulation,Custom,,Length,,1,M
A5462ABA-4936-5805-9ECE-38F753C81A3E,Foil Faced Mineral Wool Duct Wrap 25mm (Roll),Insulation,Custom,,Number,1.0,,
A406E3D0-689F-5835-AC6C-CE9A7D368633,Foil Faced Mineral Wool Duct Wrap 50mm (Roll),Insulation,Custom,,Number,1.0,,
721A2D8C-7095-5A9B-9F53-D0776CAA737D,Foil Faced Duct Slab 25mm 1200x600mm,Insulation,Custom,,Number,1.0,,
4559B650-5FF9-5517-9141-7062309B39AE,Foil Faced Duct Slab 50mm 1200x600mm,Insulation,Custom,,Number,1.0,,
AA82FB2D-67B7-574A-8487-1D4AFFA68DA7,Nitrile Insulation Sheet Self Adhesive 13mm,Insulation,Custom,,Number,1.0,,
51FA38C5-B728-5C4B-86D5-85525164C984,Nitrile Insulation Sheet Self Adhesive 19mm,Insulation,Custom,,Number,1.0,,
7BBC2C97-EA68-58EB-B92F-D0BBDC8B0DDE,Nitrile Insulation Sheet Self Adhesive 25mm,Insulation,Custom,,Number,1.0,,
901A0E4E-47EE-546F-ABE3-4B09A979ABB5,Nitrile Insulation Tape 3mm x 50mm x 15m,Insulation,Custom,,Number,1.0,,
0E12F1AD-DC98-54A1-950E-67683532FB19,Aluminium Foil Tape 50mm x 45m,Insulation,Custom,,Number,1.0,,
8EA1C002-3DC4-5226-A847-5BEBAF3D55E0,Aluminium Foil Tape 75mm x 45m,Insulation,Custom,,Number,1.0,,
30B6E6DC-55C9-5580-8891-CB4CF958C271,Hot Water Cylinder Insulation Jacket 80mm,Insulation,Custom,,Number,1.0,,
123DD212-8F5E-58C1-BC8F-2235A513F919,Cold Water Tank Insulation Jacket,Insulation,Custom,,Number,1.0,,
58F1FFC7-C0B7-540A-BC12-F729A4153214,Nitrile Insulation Adhesive,Insulation,Custom,,Number,1L,,
7DB89AFC-A00A-54F0-82EC-9E60265ECF43,Insulation Stick Pins Self Adhesive 65mm,Insulation,Custom,,Box,,,
F3B7B7F4-C842-5E05-AD1C-9880CF476E7A,Programmable Room Thermostat Wired,Controls,Custom,,Number,1.0,,
5E39E491-342B-58EE-A645-45D35B3B1D16,Programmable Room Thermostat Wireless,Controls,Custom,,Number,1.0,,
0EDF4EA3-C629-5A86-9594-1A9135DF05DA,Digital Room Thermostat Non-Programmable,Controls,Custom,,Number,1.0,,
60C4F2EB-C80D-5E0A-8EC2-5B9C4BD9A862,Dial Room Thermostat Mechanical,Controls,Custom,,Number,1.0,,
1A60FD91-8029-59D9-B119-2A36EA5F8913,Frost Thermostat,Controls,Custom,,Number,1.0,,
3B24A260-D9F6-5532-A6AC-1B25DE1EC2C1,Pipe Thermostat (Frost Protection),Controls,Custom,,Number,1.0,,
817A751C-99B1-5271-AEE5-944232F753BD,Cylinder Thermostat Strap-On,Controls,Custom,,Number,1.0,,
EF770DB9-7150-5CF7-BEE4-D68F07864E5B,Heating Programmer 7 Day 2 Channel,Controls,Custom,,Number,1.0,,
B964671A-FF2A-5885-B2E7-45D1C64EF992,Heating Time Switch 7 Day 1 Channel,Controls,Custom,,Number,1.0,,
41AC6F12-332D-53DA-9E3B-A6AEF44CD69B,2 Port Motorised Valve 22mm,Controls,Custom,,Number,1.0,,
4EAB822E-B850-5866-B97B-F2423AEBA1DB,2 Port Motorised Valve 28mm,Controls,Custom,,Number,1.0,,
20610F9B-5F5A-52A1-8A61-C89A76AFC425,3 Port Motorised Valve 22mm Mid Position,Controls,Custom,,Number,1.0,,
DE1E18BC-E439-51E4-803D-975E16AD25B3,3 Port Motorised Valve 28mm Mid Position,Controls,Custom,,Number,1.0,,
A9A917E6-F118-5B02-9B36-92F19007EC0D,Motorised Valve Replacement Powerhead,Controls,Custom,,Number,1.0,,
C20128F3-ADF3-5A96-B12C-FDB234115F63,Heating Wiring Centre,Controls,Custom,,Number,1.0,,
7986D2D9-80DA-5804-B3B7-055559146CC4,Underfloor Heating Wiring Centre 8 Zone,Controls,Custom,,Number,1.0,,
0918A93A-AE31-5304-80DF-1D44B13986A1,Underfloor Heating Room Thermostat,Controls,Custom,,Number,1.0,,
94BE7ACE-6792-5F3B-A5C9-CD5642F26912,Underfloor Heating Thermal Actuator 230V,Controls,Custom,,Number,1.0,,
C10A7547-C724-5932-91A7-0542E7FF6D12,Immersion Heater Timer 24hr,Controls,Custom,,Number,1.0,,
D2D529BC-B8D8-5D54-8C9F-6D190FF3C497,Pressure Gauge 0-4 Bar 63mm Rear Entry,Controls,Custom,,Number,1.0,,
5CBBB8B6-A423-5B1A-A928-88D9894F93FB,Pressure Gauge 0-6 Bar 100mm Bottom Entry,Controls,Custom,,Number,1.0,,
F0A6D416-BBF4-5274-A7A9-DD8AA3A7EE4F,Pressure Gauge 0-10 Bar 100mm Bottom Entry,Controls,Custom,,Number,1.0,,
CF630499-4A48-5EB8-B1E2-10F1CB58036C,Thermometer 0-120 Deg C 63mm with Pocket,Controls,Custom,,Number,1.0,,
6AB550E7-65F4-55B8-A49D-51C70FFB3B8B,Thermometer 0-120 Deg C 100mm with Pocket,Controls,Custom,,Number,1.0,,
E3AE4C39-EA34-5736-9780-FEEE58288C01,Valve Actuator 24V Modulating 0-10V,Controls,Custom,,Number,1.0,,
332A3EE3-B116-5528-A6B0-4C6F8C483999,Valve Actuator 230V On/Off,Controls,Custom,,Number,1.0,,
471D3CCA-8B30-54E9-BFF5-16B9C3757FF1,Damper Actuator 24V On/Off,Controls,Custom,,Number,1.0,,
B5F62C3C-7196-5AFE-9C04-AEEF176D34AA,Damper Actuator 24V Modulating 0-10V,Controls,Custom,,Number,1.0,,
7CC85637-5DFE-5006-A905-4566A7CA59C5,Damper Actuator 24V Spring Return,Controls,Custom,,Number,1.0,,
619E7A0B-A830-51C3-97B5-AB6FB37549EA,Damper Actuator 230V Spring Return,Controls,Custom,,Number,1.0,,
6E4254AF-154E-5BC8-8B11-7F8267744116,Variable Speed Drive 0.75kW Single Phase Input,Controls,Custom,,Number,1.0,,
76B43E9C-A67E-5A17-9576-E867DF2BE0EF,Variable Speed Drive 0.75kW Three Phase,Controls,Custom,,Number,1.0,,
31027838-42B8-58EF-9FD7-BDB164F2A9ED,Variable Speed Drive 1.5kW Three Phase,Controls,Custom,,Number,1.0,,
E0A3E821-9639-5536-9E10-D8F78BAAF66A,Variable Speed Drive 2.2kW Three Phase,Controls,Custom,,Number,1.0,,
39934926-1F13-5990-AD5A-40198EC6A71B,Variable Speed Drive 4.0kW Three Phase,Controls,Custom,,Number,1.0,,
6C20EA99-C75D-5ADA-BCDC-63D98FE15972,Variable Speed Drive 5.5kW Three Phase,Controls,Custom,,Number,1.0,,
76959A31-1F7E-5D73-87D6-EC965AC16C8E,Variable Speed Drive 7.5kW Three Phase,Controls,Custom,,Number,1.0,,
CF65864B-AA8D-54CA-8EDF-3EF9BF97B388,15mm (1/2in) 2 Port Control Valve Screwed,Controls,Custom,,Number,1.0,,
CE173358-8FDD-5D4C-8960-8D1BBDC7B916,15mm (1/2in) 3 Port Mixing Valve Screwed,Controls,Custom,,Number,1.0,,
7E5441C3-EFD7-50B0-B8D3-244402E92546,20mm (3/4in) 2 Port Control Valve Screwed,Controls,Custom,,Number,1.0,,
A528BBE7-82BA-5446-9F19-D39469A5D723,20mm (3/4in) 3 Port Mixing Valve Screwed,Controls,Custom,,Number,1.0,,
E25FF952-CAB5-52CE-AD19-FDAC78B60C29,25mm (1in) 2 Port Control Valve Screwed,Controls,Custom,,Number,1.0,,
D0DD0E40-D18F-5C50-9E1D-F4F7134986A2,25mm (1in) 3 Port Mixing Valve Screwed,Controls,Custom,,Number,1.0,,
F5C25651-E37F-5B72-81BD-E5AB21C8DB59,32mm (1-1/4in) 2 Port Control Valve Screwed,Controls,Custom,,Number,1.0,,
FF86EADA-7AB8-54CD-A961-B5B020004BCC,32mm (1-1/4in) 3 Port Mixing Valve Screwed,Controls,Custom,,Number,1.0,,
3A186009-5C67-56B4-B560-0D06782DF736,40mm (1-1/2in) 2 Port Control Valve Screwed,Controls,Custom,,Number,1.0,,
B6CE454E-8617-5821-B6DF-10602C54C949,40mm (1-1/2in) 3 Port Mixing Valve Screwed,Controls,Custom,,Number,1.0,,
F6529CF1-FB0A-55B4-8F72-2C1FBF67648C,50mm (2in) 2 Port Control Valve Screwed,Controls,Custom,,Number,1.0,,
13CFC395-062F-5A83-B241-267007D7DD06,50mm (2in) 3 Port Mixing Valve Screwed,Controls,Custom,,Number,1.0,,
E191353C-C615-59F0-AC85-E7EA6B46A936,Air Handling Unit Packaged with Heat Recovery 0.5m3/s,Plant,Custom,,Number,1.0,,
54AF46C4-EEDE-5F3A-BB1F-FE90CA6FC860,Air Handling Unit Packaged with Heat Recovery 1.0m3/s,Plant,Custom,,Number,1.0,,
B0621761-5F37-5EE6-B951-3EFB9C859FE2,Air Handling Unit Packaged with Heat Recovery 2.0m3/s,Plant,Custom,,Number,1.0,,
F3B51F18-792E-57CD-B4A7-8DA1025170C9,Air Cooled Chiller 50kW,Plant,Custom,,Number,1.0,,
C8BA173B-EC64-5F03-AA53-EDE441FEEC1C,Air Cooled Chiller 100kW,Plant,Custom,,Number,1.0,,
FD60232D-BC83-5490-BB83-3804866987E7,Pressurisation Unit Single Pump,Plant,Custom,,Number,1.0,,
5FC1C2EF-9FF5-5AC1-A425-0A8482157626,Pressurisation Unit Twin Pump,Plant,Custom,,Number,1.0,,
592354FA-E8AE-597F-8C7A-7F5098F7D92D,Buffer Vessel 100L,Plant,Custom,,Number,1.0,,
B0823FB3-2697-53B9-BA3A-AE3B2A092639,Buffer Vessel 200L,Plant,Custom,,Number,1.0,,
218B7F01-222A-5F81-9162-986001F8F620,Buffer Vessel 300L,Plant,Custom,,Number,1.0,,
6AECA2C1-156A-5876-8A44-F9F667F8802A,Buffer Vessel 500L,Plant,Custom,,Number,1.0,,
43C70BAE-7C3C-58B0-9D3D-9899A5DEC61B,Low Loss Header DN50,Plant,Custom,,Number,1.0,,
D4171315-6A4B-59F5-AEA7-10E53B581D9D,Low Loss Header DN65,Plant,Custom,,Number,1.0,,
6C68D6C3-E576-5CC0-BE0F-13B19EF1ED1B,Low Loss Header DN80,Plant,Custom,,Number,1.0,,
962D1E27-AC55-5746-9BD1-F5F0684B5567,Plate Heat Exchanger Brazed 30kW,Plant,Custom,,Number,1.0,,
5C65B07F-B012-5E9D-993C-70F677F989AA,Plate Heat Exchanger Brazed 60kW,Plant,Custom,,Number,1.0,,
6459852A-E488-5727-884C-78247FC2A55D,Dosing Pot 3.5L,Plant,Custom,,Number,1.0,,
12A5FFB2-ABD6-5195-9CFC-33B3FAF03137,Heat Interface Unit (HIU),Plant,Custom,,Number,1.0,,
5E4F8615-4693-5F74-BC8B-B0B08A9E1EA1,PTFE Tape 12mm x 12m,Sundries,Custom,,Number,1.0,,
773A25AA-F416-5F4D-9AF9-DEF121EB7791,PTFE Tape Gas 12mm x 12m (Yellow),Sundries,Custom,,Number,1.0,,
C002F308-AB32-543D-A59A-95227851F94C,Thread Sealing Cord 160m,Sundries,Custom,,Number,1.0,,
F73C8A02-9C66-5F35-B912-08E5D975EE1E,Plumbers Hemp,Sundries,Custom,,Number,1.0,,
ECB07C99-75BD-5FE8-ACCA-EE22624E8A86,Jointing Compound Non-Setting,Sundries,Custom,,Number,400G,,
2E196A5A-463A-5F6D-BC9C-6FC958B9C1D7,Phos-Copper Brazing Rods 0% Silver,Sundries,Custom,,Number,1KG,,
59D7E4FE-ACEF-5F2C-9D3C-19E1C74D4F79,Phos-Copper Brazing Rods 2% Silver,Sundries,Custom,,Number,1KG,,
55D5CC56-E547-5595-B10C-4191A15F4EB0,Phos-Copper Brazing Rods 5% Silver,Sundries,Custom,,Number,1KG,,
C4A70B10-F7D6-56E8-B880-E621CCFF6BB9,Phos-Copper Brazing Rods 15% Silver,Sundries,Custom,,Number,1KG,,
D98EC6AD-586A-5020-A842-557210455582,Silver Brazing Flux,Sundries,Custom,,Number,250G,,
99C16B0C-B786-51FF-A815-75AA1F72C487,Propane Gas Cylinder,Sundries,Custom,,Number,13KG,,
E220B751-9768-5ABE-8D5E-92F7ACBA1A93,Propane Gas Cylinder (Large),Sundries,Custom,,Number,47KG,,
D82AA886-B82E-5108-B757-4F7639CD36EE,MAP Gas Cartridge,Sundries,Custom,,Number,400G,,
9A2780B6-F69D-55AD-BF99-D56656848B64,Oxygen Cylinder (Industrial),Sundries,Custom,,Number,1.0,,
CCEB6D81-A091-5D13-BE59-6748FD7B491C,Acetylene Cylinder,Sundries,Custom,,Number,1.0,,
49328764-6B74-5564-B82E-4C77FF2EF8FC,Oxygen Free Nitrogen (OFN) Cylinder,Sundries,Custom,,Number,1.0,,
70613912-8D6E-5524-B9C0-28C08DE64C57,Leak Detection Spray,Sundries,Custom,,Number,400ML,,
A2084E9A-A217-53F8-9EB2-1B890C159FA8,Refrigerant Oil POE,Sundries,Custom,,Number,1L,,
7BA33072-B597-555F-BB55-93B91948743D,Vacuum Pump Oil,Sundries,Custom,,Number,1L,,
D97DEF89-EF81-52C3-A22B-4E584B502781,Abrasive Cloth Roll (Plumbers),Sundries,Custom,,Number,1.0,,
88683617-349B-56AC-900A-39E228C3F2DF,Brass Valve Tags with Chain,Sundries,Custom,,Box,,,
2097607F-D9EA-5BEA-930E-79F0776D5E0C,15mm Rubber Lined Pipe Clip (M8/M10),Sundries,Custom,,Number,1.0,,
21A0BC37-9279-540A-872C-4FCEC25DB85F,22mm Rubber Lined Pipe Clip (M8/M10),Sundries,Custom,,Number,1.0,,
06F43E3A-F532-5966-98BA-28CF8DD7C75E,28mm Rubber Lined Pipe Clip (M8/M10),Sundries,Custom,,Number,1.0,,
117858F8-250C-559E-8508-26DA9F12B2F4,35mm Rubber Lined Pipe Clip (M8/M10),Sundries,Custom,,Number,1.0,,
D13BF1BA-A52D-5ABA-B101-D69AB4131339,42mm Rubber Lined Pipe Clip (M8/M10),Sundries,Custom,,Number,1.0,,
E8423DAC-2131-5541-8E14-17169B9C5109,54mm Rubber Lined Pipe Clip (M8/M10),Sundries,Custom,,Number,1.0,,
500CAFB9-1B58-59C1-BFFE-09B7A7300B43,67mm Rubber Lined Pipe Clip (M8/M10),Sundries,Custom,,Number,1.0,,
CFEB4619-FC82-525F-9C15-85FDECD88B65,76mm Rubber Lined Pipe Clip (M8/M10),Sundries,Custom,,Number,1.0,,
6F915ED3-CA4C-5DFD-878A-1679B6AC8BBD,108mm Rubber Lined Pipe Clip (M8/M10),Sundries,Custom,,Number,1.0,,
2DDA1F90-316A-5AA0-BE63-E84C3F340D7C,1/2in (21mm OD) Steel Tube Rubber Lined Pipe Clip (M8/M10),Sundries,Custom,,Number,1.0,,
FAA99C6C-647D-5EA5-8D62-01A1B85F9753,3/4in (27mm OD) Steel Tube Rubber Lined Pipe Clip (M8/M10),Sundries,Custom,,Number,1.0,,
B917CF59-0EFF-5BF6-AAF9-7E6809F447BA,1in (34mm OD) Steel Tube Rubber Lined Pipe Clip (M8/M10),Sundries,Custom,,Number,1.0,,
1BEA44F0-3A24-5908-867A-6FCD202217BE,1-1/4in (42mm OD) Steel Tube Rubber Lined Pipe Clip (M8/M10),Sundries,Custom,,Number,1.0,,
5359409C-5F5B-5770-AF1C-7C51B2C5F28A,1-1/2in (48mm OD) Steel Tube Rubber Lined Pipe Clip (M8/M10),Sundries,Custom,,Number,1.0,,
AB5BEA26-CDA3-5306-90F6-3D8E661525D4,2in (60mm OD) Steel Tube Rubber Lined Pipe Clip (M8/M10),Sundries,Custom,,Number,1.0,,
F7A5F3DF-21E4-5E27-96F1-C9CB78545610,2-1/2in (76mm OD) Steel Tube Rubber Lined Pipe Clip (M8/M10),Sundries,Custom,,Number,1.0,,
0FCA3879-5310-5321-821A-886D8B37EEE6,3in (89mm OD) Steel Tube Rubber Lined Pipe Clip (M8/M10),Sundries,Custom,,Number,1.0,,
476D3E22-BE72-54AE-8F63-173F24765F40,4in (114mm OD) Steel Tube Rubber Lined Pipe Clip (M8/M10),Sundries,Custom,,Number,1.0,,
F3115B6E-D312-5F7B-BAF8-FC16343B4CD5,Rubber Anti-Vibration Mount M8,Sundries,Custom,,Number,1.0,,
C5D66AD3-774A-5929-BA87-3EF81911E1AB,Rubber Anti-Vibration Mount M10,Sundries,Custom,,Number,1.0,,
84EAA6AA-2AB0-5E16-A18B-1D5895B4767D,Spring Anti-Vibration Hanger M10,Sundries,Custom,,Number,1.0,,
28E2280B-2E92-5BD6-BB92-ADF01807C07A,15mm Copper Tube R250 Half Hard (EN1057) - 3m,Pipework,Custom,,Length,,3,M
6A10460C-7F41-5B49-9A7A-70785BD3CA52,22mm Copper Tube R250 Half Hard (EN1057) - 3m,Pipework,Custom,,Length,,3,M
FCCF9A18-EE87-50D5-B12B-AF6E0A6577CC,28mm Copper Tube R250 Half Hard (EN1057) - 3m,Pipework,Custom,,Length,,3,M
F71E22BE-126C-500E-B6E6-D3A5E023CB34,35mm Copper Tube R250 Half Hard (EN1057) - 3m,Pipework,Custom,,Length,,3,M
C4E9DC61-A7CB-5245-872E-04B8340E3BD9,42mm Copper Tube R250 Half Hard (EN1057) - 3m,Pipework,Custom,,Length,,3,M
D0763398-1F9F-5880-8281-8766D249B60A,54mm Copper Tube R250 Half Hard (EN1057) - 3m,Pipework,Custom,,Length,,3,M
33EC8899-8940-5267-8C3C-FD4EEA8FDCCF,67mm Copper Tube R250 Half Hard (EN1057) - 3m,Pipework,Custom,,Length,,3,M
722C1F5C-E54F-5CF7-87CF-5CDD8C856930,76.1mm Copper Tube R250 Half Hard (EN1057) - 3m,Pipework,Custom,,Length,,3,M
27A4583A-4D91-5101-8BC2-AFCEBB39A0B0,108mm Copper Tube R250 Half Hard (EN1057) - 3m,Pipework,Custom,,Length,,3,M
71D5C2CB-1440-5692-8BA7-FBA2452143CA,8mm Copper Microbore Tube Soft (25m Coil),Pipework,Custom,,Drum,,25,M
73BC093B-CF49-53A9-9C7E-F2D7AA2520F1,10mm Copper Microbore Tube Soft (25m Coil),Pipework,Custom,,Drum,,25,M
6FF1079F-81EA-54AC-BDA4-1468894856EE,15mm PEX Barrier Pipe - 3m,Pipework,Custom,,Length,,3,M
4064ABD1-F9BA-59BB-A212-9DD355208FF1,22mm PEX Barrier Pipe - 3m,Pipework,Custom,,Length,,3,M
4ABF6B11-E1C8-5342-94A7-0F6F4D02BF91,28mm PEX Barrier Pipe - 3m,Pipework,Custom,,Length,,3,M
CB951518-64DE-51E5-B08D-C21DF916511C,10mm PEX Barrier Pipe (25m Coil),Pipework,Custom,,Drum,,25,M
7A4B241D-82BE-584A-A98B-B8ED8558D424,10mm PEX Barrier Pipe (50m Coil),Pipework,Custom,,Drum,,50,M
AB5BF885-DB7D-56B9-B01F-6BDCFAAD9A4F,10mm PEX Barrier Pipe (100m Coil),Pipework,Custom,,Drum,,100,M
969A01FC-05DB-55D9-92C0-BFCAD6DDCBD6,15mm PEX Barrier Pipe (25m Coil),Pipework,Custom,,Drum,,25,M
6DAAAE2D-1511-5D19-9C26-525088F07315,15mm PEX Barrier Pipe (50m Coil),Pipework,Custom,,Drum,,50,M
AEF63C0E-D25E-598D-9433-D6F1F1069B59,15mm PEX Barrier Pipe (100m Coil),Pipework,Custom,,Drum,,100,M
7523FBCC-C14A-56F3-886A-B9FF503B748B,22mm PEX Barrier Pipe (25m Coil),Pipework,Custom,,Drum,,25,M
1B10CDA4-FC29-5D45-9054-5596985A6684,22mm PEX Barrier Pipe (50m Coil),Pipework,Custom,,Drum,,50,M
E9520218-6719-5FE4-BCE0-4E7CA9351410,15mm Stainless Steel Press-Fit Tube - 6m,Pipework,Custom,,Length,,6,M
FBA89CD7-33FF-5CE5-8640-97C7F4CAED69,22mm Stainless Steel Press-Fit Tube - 6m,Pipework,Custom,,Length,,6,M
E918AA6C-B9E1-5189-83BB-A0D496046911,28mm Stainless Steel Press-Fit Tube - 6m,Pipework,Custom,,Length,,6,M
EB4F9849-A33A-50D4-826F-73EA3A6E8A59,35mm Stainless Steel Press-Fit Tube - 6m,Pipework,Custom,,Length,,6,M
6E792A77-528E-5ACE-98CC-7CED286D60F7,42mm Stainless Steel Press-Fit Tube - 6m,Pipework,Custom,,Length,,6,M
FE555A33-FEC3-534F-BC5F-8CD70736CF66,54mm Stainless Steel Press-Fit Tube - 6m,Pipework,Custom,,Length,,6,M
1344977F-6554-5D23-96B3-3AD020E94B04,20mm MDPE Water Pipe Blue (25m Coil),Pipework,Custom,,Drum,,25,M
E76219C9-648B-59E9-BD9E-60966889683B,20mm MDPE Water Pipe Blue (50m Coil),Pipework,Custom,,Drum,,50,M
C3FE7142-BEAF-5309-AC30-8E089400ACB3,20mm MDPE Water Pipe Blue (100m Coil),Pipework,Custom,,Drum,,100,M
637A86AF-48AA-593A-8D99-1860B3D93150,25mm MDPE Water Pipe Blue (25m Coil),Pipework,Custom,,Drum,,25,M
D284FD5E-20DB-5370-8262-F0783E62C009,25mm MDPE Water Pipe Blue (50m Coil),Pipework,Custom,,Drum,,50,M
0E2EFF58-85A5-539C-AD63-41B89C846CE9,25mm MDPE Water Pipe Blue (100m Coil),Pipework,Custom,,Drum,,100,M
ED5CF583-C57F-549C-9921-8A0511F748D9,32mm MDPE Water Pipe Blue (25m Coil),Pipework,Custom,,Drum,,25,M
89326F6D-4A74-501F-B602-8C5B09B9E216,32mm MDPE Water Pipe Blue (50m Coil),Pipework,Custom,,Drum,,50,M
67197FEC-C3BB-5A86-9AE4-320F92764AC2,32mm MDPE Water Pipe Blue (100m Coil),Pipework,Custom,,Drum,,100,M
A2F0B1B1-B647-52FD-B8C2-B7602E16DE79,50mm MDPE Water Pipe Blue (50m Coil),Pipework,Custom,,Drum,,50,M
F855EEA3-35E0-5331-A7B6-72A581901968,63mm MDPE Water Pipe Blue (50m Coil),Pipework,Custom,,Drum,,50,M
DD24FA84-8C07-59E5-9758-6216B54C3AA7,20mm MDPE Gas Pipe Yellow (50m Coil),Pipework,Custom,,Drum,,50,M
875BA3C8-2659-51AD-A592-372C7C8087CF,25mm MDPE Gas Pipe Yellow (50m Coil),Pipework,Custom,,Drum,,50,M
E8C9C31F-22C3-5CB2-BA5B-3CEF4D126404,32mm MDPE Gas Pipe Yellow (50m Coil),Pipework,Custom,,Drum,,50,M
03687D24-4F4D-5564-90C5-E76F2CB66533,15mm End Feed Copper 90 Deg Elbow,Fittings,Custom,,Number,1.0,,
5AA3FC70-0BD1-5159-9E4E-C375516EC548,15mm End Feed Copper 90 Deg Street Elbow,Fittings,Custom,,Number,1.0,,
ACC4E4A1-946D-5A98-9C67-9C89F5696B5F,15mm End Feed Copper 45 Deg Obtuse Elbow,Fittings,Custom,,Number,1.0,,
B051DFE5-ED9C-5BBA-A715-40ED9DDB75A3,15mm End Feed Copper Equal Tee,Fittings,Custom,,Number,1.0,,
241E823F-645D-5869-9B2F-C922DB927F21,15mm End Feed Copper Straight Coupler,Fittings,Custom,,Number,1.0,,
332F0C1D-CB5C-5CE6-92A6-C0948C5B101A,15mm End Feed Copper Stop End,Fittings,Custom,,Number,1.0,,
8EEED7E5-8737-5390-957B-295EB17CD73B,22mm End Feed Copper 90 Deg Elbow,Fittings,Custom,,Number,1.0,,
5B5C7467-F259-5667-AEC3-62422DE7A9B1,22mm End Feed Copper 90 Deg Street Elbow,Fittings,Custom,,Number,1.0,,
D6734905-FB77-5C03-9948-89A024A2942F,22mm End Feed Copper 45 Deg Obtuse Elbow,Fittings,Custom,,Number,1.0,,
5DC45F2B-5552-522F-B3B2-21A601866953,22mm End Feed Copper Equal Tee,Fittings,Custom,,Number,1.0,,
77A5BCBC-0235-5AD8-824D-F8D4735BDD00,22mm End Feed Copper Straight Coupler,Fittings,Custom,,Number,1.0,,
1372A66F-B3C1-5C59-ACAE-61959835A6C0,22mm End Feed Copper Stop End,Fittings,Custom,,Number,1.0,,
7A3BF214-A9A8-55F3-BE78-EA986FAC051D,28mm End Feed Copper 90 Deg Elbow,Fittings,Custom,,Number,1.0,,
71E405EE-E80D-57C0-9310-60EFE9A661C3,28mm End Feed Copper 90 Deg Street Elbow,Fittings,Custom,,Number,1.0,,
BC42D1CC-F34E-5028-B42A-25C98C43A838,28mm End Feed Copper 45 Deg Obtuse Elbow,Fittings,Custom,,Number,1.0,,
417E8734-29DA-58C3-92FE-B8AC296580B1,28mm End Feed Copper Equal Tee,Fittings,Custom,,Number,1.0,,
1A45E908-AA1D-5967-8F45-81924C2439ED,28mm End Feed Copper Straight Coupler,Fittings,Custom,,Number,1.0,,
7C5302F5-3DD5-5C52-9625-7ACB2222F06E,28mm End Feed Copper Stop End,Fittings,Custom,,Number,1.0,,
A2BC5FAE-AB5B-52B3-96DD-14475FA712CD,35mm End Feed Copper 90 Deg Elbow,Fittings,Custom,,Number,1.0,,
CCDBF9CA-68D9-5332-9789-2899BC82C3E3,35mm End Feed Copper 90 Deg Street Elbow,Fittings,Custom,,Number,1.0,,
FC08BD70-666F-5C5C-9038-797B6CBC26FA,35mm End Feed Copper 45 Deg Obtuse Elbow,Fittings,Custom,,Number,1.0,,
B99E21AE-4C01-5775-B5E7-DB0BEB16996F,35mm End Feed Copper Equal Tee,Fittings,Custom,,Number,1.0,,
BDA42272-9823-5242-8F7D-397FB9E948FA,35mm End Feed Copper Straight Coupler,Fittings,Custom,,Number,1.0,,
E413E116-5F9F-5235-A755-2E9649C98C71,35mm End Feed Copper Stop End,Fittings,Custom,,Number,1.0,,
898D45F5-4B3D-5290-8DEE-9AFA516DC01C,42mm End Feed Copper 90 Deg Elbow,Fittings,Custom,,Number,1.0,,
8B4160FF-92DC-5106-83F5-93B0D2A3E805,42mm End Feed Copper 90 Deg Street Elbow,Fittings,Custom,,Number,1.0,,
E7A672AA-70A8-54C6-8BC3-DE96F47FA7F3,42mm End Feed Copper 45 Deg Obtuse Elbow,Fittings,Custom,,Number,1.0,,
6D333319-CB42-52D5-AD54-45DE4C834689,42mm End Feed Copper Equal Tee,Fittings,Custom,,Number,1.0,,
EA03A31B-8811-5D7C-9A37-B7D867B7888E,42mm End Feed Copper Straight Coupler,Fittings,Custom,,Number,1.0,,
C75084BF-4233-590A-AD7F-F7A3678E8FB3,42mm End Feed Copper Stop End,Fittings,Custom,,Number,1.0,,
CD03A6B5-963D-549C-A9D7-B4169C50530F,54mm End Feed Copper 90 Deg Elbow,Fittings,Custom,,Number,1.0,,
F161E4E1-A3C3-5EAB-A6C0-B75859004115,54mm End Feed Copper 90 Deg Street Elbow,Fittings,Custom,,Number,1.0,,
1B6312B1-5DC4-5E5A-901B-115EB2BA2377,54mm End Feed Copper 45 Deg Obtuse Elbow,Fittings,Custom,,Number,1.0,,
10CB1018-1B19-5D4A-835B-2A16DFCABE03,54mm End Feed Copper Equal Tee,Fittings,Custom,,Number,1.0,,
DE3EF3B1-CF2E-5732-A525-26F62F1F3477,54mm End Feed Copper Straight Coupler,Fittings,Custom,,Number,1.0,,
F59E2163-FB41-54CD-A314-AE101399DCCC,54mm End Feed Copper Stop End,Fittings,Custom,,Number,1.0,,
B35BA688-E330-5803-8407-8E8991C89A4E,22x15mm End Feed Copper Reducing Coupler,Fittings,Custom,,Number,1.0,,
3E6E13A2-E3E1-5EFB-888C-93D5B0A4A818,28x22mm End Feed Copper Reducing Coupler,Fittings,Custom,,Number,1.0,,
C162C71B-853B-5DDA-A65F-AF648DF2BDA6,35x28mm End Feed Copper Reducing Coupler,Fittings,Custom,,Number,1.0,,
EBB7B82E-EA09-51F8-98EB-B3B490191E65,42x35mm End Feed Copper Reducing Coupler,Fittings,Custom,,Number,1.0,,
6D842ED6-A3D8-5F4C-9505-5384595A57D5,54x42mm End Feed Copper Reducing Coupler,Fittings,Custom,,Number,1.0,,
F9CB25B3-CDA6-576B-AD39-FEFD8DA7AA52,22x22x15mm End Feed Copper Reducing Tee,Fittings,Custom,,Number,1.0,,
CF9CBF74-2BC5-5F0D-85E7-090FF2AB7D2F,28x28x22mm End Feed Copper Reducing Tee,Fittings,Custom,,Number,1.0,,
DDC5049C-C328-5CB2-8AD7-E7FDEA3B489C,28x28x15mm End Feed Copper Reducing Tee,Fittings,Custom,,Number,1.0,,
A4EE5138-6EAE-54B1-8145-9181E29F2B73,15mm x 1/2in End Feed Male Iron Connector,Fittings,Custom,,Number,1.0,,
DF2607CB-8DF9-58A7-B5EC-4546872F07A3,15mm x 1/2in End Feed Female Iron Connector,Fittings,Custom,,Number,1.0,,
73F48F20-DC0F-55D2-A760-926B187BBC99,22mm x 3/4in End Feed Male Iron Connector,Fittings,Custom,,Number,1.0,,
BEF61B46-BBA3-5658-83F0-988143791222,22mm x 3/4in End Feed Female Iron Connector,Fittings,Custom,,Number,1.0,,
18B2E3E4-8B7C-522E-9C95-FA305A5F8550,28mm x 1in End Feed Male Iron Connector,Fittings,Custom,,Number,1.0,,
39B643BC-C7AE-5934-BB43-065340CF996D,28mm x 1in End Feed Female Iron Connector,Fittings,Custom,,Number,1.0,,
D284DD0F-616D-5581-B244-AA5F6488384F,15mm x 1/2in End Feed Bent Tap Connector,Fittings,Custom,,Number,1.0,,
CA12E221-BD23-5A10-91DE-A095474BE58F,15mm x 1/2in End Feed Straight Tap Connector,Fittings,Custom,,Number,1.0,,
F5AB0CFA-0D14-5178-AED2-9610C2356ABA,22mm x 3/4in End Feed Straight Tap Connector,Fittings,Custom,,Number,1.0,,
9C852091-F6E3-5216-8EA5-1AE658584DDF,15mm Solder Ring Copper 90 Deg Elbow,Fittings,Custom,,Number,1.0,,
6933F9BF-A74B-5160-82B4-BE784C6006E5,15mm Solder Ring Copper Equal Tee,Fittings,Custom,,Number,1.0,,
374C085E-9F6C-5F95-B6A3-81F05926E7B5,15mm Solder Ring Copper Straight Coupler,Fittings,Custom,,Number,1.0,,
541C05FE-4D07-5438-93EE-B2C5B25F7D36,15mm Solder Ring Copper Stop End,Fittings,Custom,,Number,1.0,,
8DCFB8F1-CF02-5384-8F0E-43224D2D4567,22mm Solder Ring Copper 90 Deg Elbow,Fittings,Custom,,Number,1.0,,
EC3FF8DE-DC54-578B-8555-512238A0C99B,22mm Solder Ring Copper Equal Tee,Fittings,Custom,,Number,1.0,,
B7417B91-B1C2-5EC1-A2DB-53BD73902584,22mm Solder Ring Copper Straight Coupler,Fittings,Custom,,Number,1.0,,
8A15EEB8-DF15-5262-8432-1170D3ED832E,22mm Solder Ring Copper Stop End,Fittings,Custom,,Number,1.0,,
E28A1D5D-3C25-5921-800C-19C0196B43EE,28mm Solder Ring Copper 90 Deg Elbow,Fittings,Custom,,Number,1.0,,
9E32D332-ABF4-50A2-8A13-2E1B65DA69B5,28mm Solder Ring Copper Equal Tee,Fittings,Custom,,Number,1.0,,
CD239906-3E70-50CE-A722-14AAD9E4514E,28mm Solder Ring Copper Straight Coupler,Fittings,Custom,,Number,1.0,,
0205FB37-2033-5D2B-9501-34AFECF22376,28mm Solder Ring Copper Stop End,Fittings,Custom,,Number,1.0,,
8BDF2171-4F7B-540C-8941-0AA1F01636BD,22x15mm Solder Ring Copper Reducing Coupler,Fittings,Custom,,Number,1.0,,
83496060-7E0E-5882-BFC4-944B7986D9DA,15mm Compression 90 Deg Elbow,Fittings,Custom,,Number,1.0,,
54976993-9CA6-5EC1-98CC-52B3D6EE8169,15mm Compression Equal Tee,Fittings,Custom,,Number,1.0,,
E31182C3-A7EF-5592-838A-728EC0FCEE8C,15mm Compression Straight Coupler,Fittings,Custom,,Number,1.0,,
5D3CD499-82FD-5405-8D4D-05F9056B5F26,15mm Compression Stop End,Fittings,Custom,,Number,1.0,,
367AC414-8010-5D5F-9DD4-BD17D289BDAD,15mm Compression Tank Connector,Fittings,Custom,,Number,1.0,,
7374F9AF-C859-5C44-91BC-FD4F28775AE7,15mm x 1/2in Compression Male Connector,Fittings,Custom,,Number,1.0,,
79B5683F-8595-5EF1-97E3-4E0A6F9FC06B,15mm Compression Olive,Fittings,Custom,,Box,,,
A49F98DE-520C-510F-9AA1-72E268EF87B7,22mm Compression 90 Deg Elbow,Fittings,Custom,,Number,1.0,,
30CBCD96-8BD1-519E-AF7A-5B9C9061101E,22mm Compression Equal Tee,Fittings,Custom,,Number,1.0,,
2F9BEB3A-EE0C-5AD6-ABD6-A4F3C052DC91,22mm Compression Straight Coupler,Fittings,Custom,,Number,1.0,,
D1C5B1F1-F8EF-52DA-8ADD-ADBC36170B3A,22mm Compression Stop End,Fittings,Custom,,Number,1.0,,
DCA69A3D-D83C-5AB0-944F-2BFAE09FA31C,22mm Compression Tank Connector,Fittings,Custom,,Number,1.0,,
38D6CAEB-E309-5A2A-8FF9-0241D5CCC75F,22mm x 3/4in Compression Male Connector,Fittings,Custom,,Number,1.0,,
4F693F86-B66F-5797-B1F2-7DF38E90BD6F,22mm Compression Olive,Fittings,Custom,,Box,,,
22A4FE82-6103-5157-8369-902A09A885BC,28mm Compression 90 Deg Elbow,Fittings,Custom,,Number,1.0,,
0BAAB310-D36D-5A44-9EFA-30DE36B0136A,28mm Compression Equal Tee,Fittings,Custom,,Number,1.0,,
98737D8A-CBEF-53FA-B59C-406E002FEE69,28mm Compression Straight Coupler,Fittings,Custom,,Number,1.0,,
55B99B32-B836-5E22-8EFF-BF2D28227F1F,28mm Compression Stop End,Fittings,Custom,,Number,1.0,,
B70E08EF-DC8A-51FF-9C3E-B2703243D386,28mm Compression Tank Connector,Fittings,Custom,,Number,1.0,,
D69B5FE0-5EEC-5438-B1BE-4E033248800E,28mm x 1in Compression Male Connector,Fittings,Custom,,Number,1.0,,
1516E129-7D59-5CAD-B7E5-672B2D1C9A1E,28mm Compression Olive,Fittings,Custom,,Box,,,
C934A8B0-B1A1-5424-8AFA-F6E8F7222C64,15mm x 1/2in Compression Female Connector,Fittings,Custom,,Number,1.0,,
5FA4EB7D-7CB4-5BCA-A629-04C23C8F3DB3,22mm x 3/4in Compression Female Connector,Fittings,Custom,,Number,1.0,,
5307EA71-D612-5A04-8FB3-4A22D61901B5,22x15mm Compression Reducing Set,Fittings,Custom,,Number,1.0,,
382FCCA7-1D24-52C5-8B84-71F8646D5AD0,28x22mm Compression Reducing Set,Fittings,Custom,,Number,1.0,,
12E09F17-0987-59EA-9CAC-C2EA14DCD503,15mm Copper Press-Fit 90 Deg Elbow,Fittings,Custom,,Number,1.0,,
05DFAFED-0837-5950-8A46-8DF8F6A42BA0,15mm Copper Press-Fit 45 Deg Elbow,Fittings,Custom,,Number,1.0,,
E878E5FC-406B-561B-AB39-A69112223403,15mm Copper Press-Fit Equal Tee,Fittings,Custom,,Number,1.0,,
6815A6BB-A4BF-5120-8792-A10257DB0405,15mm Copper Press-Fit Straight Coupler,Fittings,Custom,,Number,1.0,,
426239FF-A5AC-5A90-870D-8998BABAB90A,15mm Copper Press-Fit Stop End,Fittings,Custom,,Number,1.0,,
93825437-E273-5B8D-AD52-E0C905F5BE9A,15mm x 1/2in Copper Press-Fit Male Adaptor,Fittings,Custom,,Number,1.0,,
62498581-12C1-5271-8D3E-3C1769D76BBD,15mm x 1/2in Copper Press-Fit Female Adaptor,Fittings,Custom,,Number,1.0,,
E49F726D-45EC-5DD9-A6D9-2AAF6A8CAB80,22mm Copper Press-Fit 90 Deg Elbow,Fittings,Custom,,Number,1.0,,
5A843728-7352-5166-B79A-C2C371FEBF4D,22mm Copper Press-Fit 45 Deg Elbow,Fittings,Custom,,Number,1.0,,
A8B23669-A349-5873-94D8-0DA992364FC4,22mm Copper Press-Fit Equal Tee,Fittings,Custom,,Number,1.0,,
44A7B5E6-37D0-5A0F-8C7B-3A96EFCE48BA,22mm Copper Press-Fit Straight Coupler,Fittings,Custom,,Number,1.0,,
5D1983EF-45B2-51C6-A14B-EB7522C20D12,22mm Copper Press-Fit Stop End,Fittings,Custom,,Number,1.0,,
5887346C-A411-5AA9-83F4-62F92DBE16B8,22mm x 3/4in Copper Press-Fit Male Adaptor,Fittings,Custom,,Number,1.0,,
7AC9A5EE-FD10-5318-B399-FFE284CC2FB8,22mm x 3/4in Copper Press-Fit Female Adaptor,Fittings,Custom,,Number,1.0,,
9F2E8AA2-770A-59F9-96B2-9147CFCD5EBF,28mm Copper Press-Fit 90 Deg Elbow,Fittings,Custom,,Number,1.0,,
82F8147D-32D0-549E-AB2E-2B04C22C219B,28mm Copper Press-Fit 45 Deg Elbow,Fittings,Custom,,Number,1.0,,
EB6C0516-6486-596A-BEDE-2621391660FB,28mm Copper Press-Fit Equal Tee,Fittings,Custom,,Number,1.0,,
59AFF918-C421-5861-9F2E-547812CE503A,28mm Copper Press-Fit Straight Coupler,Fittings,Custom,,Number,1.0,,
6C7D7155-A5BE-5754-A317-65BAD4DD533C,28mm Copper Press-Fit Stop End,Fittings,Custom,,Number,1.0,,
22ECD823-9925-5297-87D4-F0ED03709755,28mm x 1in Copper Press-Fit Male Adaptor,Fittings,Custom,,Number,1.0,,
4600D4CF-CFCA-5717-9492-452100C54B9D,28mm x 1in Copper Press-Fit Female Adaptor,Fittings,Custom,,Number,1.0,,
7D48160A-24A5-5612-B255-D705A604BB31,35mm Copper Press-Fit 90 Deg Elbow,Fittings,Custom,,Number,1.0,,
799F37DE-8E77-57A4-9FDE-E49A7EDFD5FA,35mm Copper Press-Fit 45 Deg Elbow,Fittings,Custom,,Number,1.0,,
B93D260F-096F-5F0B-BAA5-45B10BB16460,35mm Copper Press-Fit Equal Tee,Fittings,Custom,,Number,1.0,,
DA7FEBDF-D47B-5663-B8AB-FF73EF04BFFA,35mm Copper Press-Fit Straight Coupler,Fittings,Custom,,Number,1.0,,
A4AF28D2-C116-5F25-9B12-5A2F1C0BE297,35mm Copper Press-Fit Stop End,Fittings,Custom,,Number,1.0,,
B1E9E575-62A6-532E-82CE-42E654A2B371,35mm x 1-1/4in Copper Press-Fit Male Adaptor,Fittings,Custom,,Number,1.0,,
0485B4F4-E4F5-5685-A7F9-B80D131A40A4,35mm x 1-1/4in Copper Press-Fit Female Adaptor,Fittings,Custom,,Number,1.0,,
1F0B58C2-96C7-51C8-A05A-116508C052C8,42mm Copper Press-Fit 90 Deg Elbow,Fittings,Custom,,Number,1.0,,
BB4188DB-2D4E-5FD0-B824-542BD94F61AA,42mm Copper Press-Fit 45 Deg Elbow,Fittings,Custom,,Number,1.0,,
88EAEF71-5747-5921-8130-8F487B1C1E3E,42mm Copper Press-Fit Equal Tee,Fittings,Custom,,Number,1.0,,
9C2EDBE5-A381-579C-ABC0-E60C8E2962A2,42mm Copper Press-Fit Straight Coupler,Fittings,Custom,,Number,1.0,,
B187FF8E-EF9F-5CBF-9360-2B51A9C2D9EF,42mm Copper Press-Fit Stop End,Fittings,Custom,,Number,1.0,,
C6FC3C62-451A-504D-91F8-877C2B2462FB,42mm x 1-1/2in Copper Press-Fit Male Adaptor,Fittings,Custom,,Number,1.0,,
14CB8A9B-AC62-5095-BED3-C2DA4F3775F6,42mm x 1-1/2in Copper Press-Fit Female Adaptor,Fittings,Custom,,Number,1.0,,
67ECA8C6-67B3-5F9A-80FB-74B69DCD4443,54mm Copper Press-Fit 90 Deg Elbow,Fittings,Custom,,Number,1.0,,
FEA9E09E-9EC1-5ABE-959D-0D072B8F79A0,54mm Copper Press-Fit 45 Deg Elbow,Fittings,Custom,,Number,1.0,,
842CC018-055D-5D92-B6B6-6EE8ACC08861,54mm Copper Press-Fit Equal Tee,Fittings,Custom,,Number,1.0,,
3D6EA2C8-19E4-53EC-AA85-8F27C4A6F3FE,54mm Copper Press-Fit Straight Coupler,Fittings,Custom,,Number,1.0,,
CC31A468-30DC-54C4-ABB7-4E542CB7828A,54mm Copper Press-Fit Stop End,Fittings,Custom,,Number,1.0,,
FEC7C289-6DB7-5C56-A1A9-24EEEF9F80E9,54mm x 2in Copper Press-Fit Male Adaptor,Fittings,Custom,,Number,1.0,,
89291AD8-F054-54D2-B6EB-44ADD793A17E,54mm x 2in Copper Press-Fit Female Adaptor,Fittings,Custom,,Number,1.0,,
5F91BDFE-E1F2-53B8-9F43-A1070F5145ED,22x15mm Copper Press-Fit Reducer,Fittings,Custom,,Number,1.0,,
43520721-71C9-5897-9B18-9FE38EF85C34,28x22mm Copper Press-Fit Reducer,Fittings,Custom,,Number,1.0,,
5CBCBA09-A4B4-5A33-A5ED-FB7A9A5EED5F,35x28mm Copper Press-Fit Reducer,Fittings,Custom,,Number,1.0,,
FD55FDF8-94E4-5F82-B16F-E6C99EE28A32,42x35mm Copper Press-Fit Reducer,Fittings,Custom,,Number,1.0,,
0912CED3-A1E9-53F1-AEDC-6E80454322D8,54x42mm Copper Press-Fit Reducer,Fittings,Custom,,Number,1.0,,
3B6770D2-CAC2-5B87-B29C-08884336A43B,15mm Copper Press-Fit Gas 90 Deg Elbow (Yellow),Fittings,Custom,,Number,1.0,,
26EAD3E4-66DA-5BBF-9E31-4BED46AF60C7,15mm Copper Press-Fit Gas Equal Tee (Yellow),Fittings,Custom,,Number,1.0,,
3C610B9A-A577-58DD-A982-1144F8848029,15mm Copper Press-Fit Gas Straight Coupler (Yellow),Fittings,Custom,,Number,1.0,,
C0122225-D3A1-58F9-9334-41BA6415D02B,22mm Copper Press-Fit Gas 90 Deg Elbow (Yellow),Fittings,Custom,,Number,1.0,,
B54F261E-D407-5F49-B108-32617E61207C,22mm Copper Press-Fit Gas Equal Tee (Yellow),Fittings,Custom,,Number,1.0,,
0ABB0503-9663-58AB-963A-A64A12FA1837,22mm Copper Press-Fit Gas Straight Coupler (Yellow),Fittings,Custom,,Number,1.0,,
1CCFBA7A-D185-555D-BD6A-4047F819BBAB,28mm Copper Press-Fit Gas 90 Deg Elbow (Yellow),Fittings,Custom,,Number,1.0,,
F0005EAB-2A78-54CB-9C46-39A1AF3A96FF,28mm Copper Press-Fit Gas Equal Tee (Yellow),Fittings,Custom,,Number,1.0,,
A394F60D-9E2E-5F9A-B40D-F00906AE4361,28mm Copper Press-Fit Gas Straight Coupler (Yellow),Fittings,Custom,,Number,1.0,,
19895841-72B1-5C68-A2C1-48FC9F81FF46,15mm Stainless Steel Press-Fit 90 Deg Elbow,Fittings,Custom,,Number,1.0,,
85B08A2F-8FE0-588E-9AA4-94AB7E913507,15mm Stainless Steel Press-Fit Equal Tee,Fittings,Custom,,Number,1.0,,
70A9217A-9046-5CF5-A476-130825248A75,15mm Stainless Steel Press-Fit Straight Coupler,Fittings,Custom,,Number,1.0,,
DCE45EC0-F9FC-5CD0-B4E3-4AF04C9E7241,22mm Stainless Steel Press-Fit 90 Deg Elbow,Fittings,Custom,,Number,1.0,,
F00F33A8-21AA-5CDD-802E-1C4922FD5A17,22mm Stainless Steel Press-Fit Equal Tee,Fittings,Custom,,Number,1.0,,
BB2FF538-33FD-5B68-95B8-3EB21F315A46,22mm Stainless Steel Press-Fit Straight Coupler,Fittings,Custom,,Number,1.0,,
7D650ADA-0763-542D-AB31-78357904387A,28mm Stainless Steel Press-Fit 90 Deg Elbow,Fittings,Custom,,Number,1.0,,
E33D4ECD-1991-5CDA-8D98-1406CF02AEC2,28mm Stainless Steel Press-Fit Equal Tee,Fittings,Custom,,Number,1.0,,
5EB87494-26E6-55D4-BEA5-168B4A3B97A2,28mm Stainless Steel Press-Fit Straight Coupler,Fittings,Custom,,Number,1.0,,
A364DFFB-7E86-515B-8FA3-363229341C44,35mm Stainless Steel Press-Fit 90 Deg Elbow,Fittings,Custom,,Number,1.0,,
5E1EC262-7421-5376-A905-F9DF405D5A54,35mm Stainless Steel Press-Fit Equal Tee,Fittings,Custom,,Number,1.0,,
3E07C5AD-C49D-5663-8859-FE724D4CECE4,35mm Stainless Steel Press-Fit Straight Coupler,Fittings,Custom,,Number,1.0,,
2599C174-DC82-56C9-8372-77E853EFBB04,42mm Stainless Steel Press-Fit 90 Deg Elbow,Fittings,Custom,,Number,1.0,,
EA54BD31-FCBE-5233-806C-545CAED47763,42mm Stainless Steel Press-Fit Equal Tee,Fittings,Custom,,Number,1.0,,
CDD0800F-425C-526E-9FFC-AF17A65FCB43,42mm Stainless Steel Press-Fit Straight Coupler,Fittings,Custom,,Number,1.0,,
9017C22F-D4DA-5544-879F-8B3F3DA2562E,54mm Stainless Steel Press-Fit 90 Deg Elbow,Fittings,Custom,,Number,1.0,,
12E906F4-F86C-5846-9D23-DD33CA2CD96B,54mm Stainless Steel Press-Fit Equal Tee,Fittings,Custom,,Number,1.0,,
57B4D903-4BD0-54CC-9CE3-8FE3072504DF,54mm Stainless Steel Press-Fit Straight Coupler,Fittings,Custom,,Number,1.0,,
1204B66A-68D6-527E-8A7C-FD3223FA515E,10mm Push-Fit Plastic 90 Deg Elbow,Fittings,Custom,,Number,1.0,,
3359C17C-C388-5C83-B7B7-EEDD7DF89222,10mm Push-Fit Plastic Equal Tee,Fittings,Custom,,Number,1.0,,
5EC54492-0F10-5351-BC05-97258F31ADD1,10mm Push-Fit Plastic Straight Connector,Fittings,Custom,,Number,1.0,,
58CB360B-A974-5FB3-89B0-03B47330A933,10mm Push-Fit Plastic Stop End,Fittings,Custom,,Number,1.0,,
05DDC9B8-CDF7-5030-8152-005CED5754E0,10mm Push-Fit Pipe Insert,Fittings,Custom,,Box,,,
209EB2EC-1390-58E9-ACEF-5B75659E639D,15mm Push-Fit Plastic 90 Deg Elbow,Fittings,Custom,,Number,1.0,,
5F39C8D7-2010-5771-8153-975211090538,15mm Push-Fit Plastic Equal Tee,Fittings,Custom,,Number,1.0,,
9D31A290-1EB1-5818-B312-6D611FC94BC8,15mm Push-Fit Plastic Straight Connector,Fittings,Custom,,Number,1.0,,
B2795C5B-DA01-54F1-9016-91AF1CE7A9EC,15mm Push-Fit Plastic Stop End,Fittings,Custom,,Number,1.0,,
4FBCDE8B-25B9-505C-8D03-50811D8CED13,15mm Push-Fit Pipe Insert,Fittings,Custom,,Box,,,
5AB63F32-E250-5BC6-A31B-A48C896F8BF2,22mm Push-Fit Plastic 90 Deg Elbow,Fittings,Custom,,Number,1.0,,
97741918-35E4-5BA9-AF3F-B072C629D1B4,22mm Push-Fit Plastic Equal Tee,Fittings,Custom,,Number,1.0,,
8B45B8A4-5CAE-51F6-85FF-D3BCFE106095,22mm Push-Fit Plastic Straight Connector,Fittings,Custom,,Number,1.0,,
2FF03D67-3710-5765-BED3-AD08E34DD2D2,22mm Push-Fit Plastic Stop End,Fittings,Custom,,Number,1.0,,
FFCCF2E9-B53B-5730-8A34-6CFDCEA0C403,22mm Push-Fit Pipe Insert,Fittings,Custom,,Box,,,
64258EEF-6150-5003-82D6-F421EDF92A77,28mm Push-Fit Plastic 90 Deg Elbow,Fittings,Custom,,Number,1.0,,
753A522F-29E0-5A5C-9479-E106A68C22D7,28mm Push-Fit Plastic Equal Tee,Fittings,Custom,,Number,1.0,,
50D48379-5AD1-5619-B39A-6CA10576370A,28mm Push-Fit Plastic Straight Connector,Fittings,Custom,,Number,1.0,,
5990C936-4CA7-5C3A-9EF8-C261018B1B38,28mm Push-Fit Plastic Stop End,Fittings,Custom,,Number,1.0,,
5E9EADEA-F615-5BFF-B0A7-F8F9E5479E68,28mm Push-Fit Pipe Insert,Fittings,Custom,,Box,,,
C024593D-8EC7-529F-A727-C5038F3EDD48,15x10mm Push-Fit Plastic Reducer,Fittings,Custom,,Number,1.0,,
E93E27A6-71D7-5DBA-8969-C5D3B7A12C78,22x15mm Push-Fit Plastic Reducer,Fittings,Custom,,Number,1.0,,
DC50EF7C-3149-51DD-AA5B-8792E0825F1A,28x22mm Push-Fit Plastic Reducer,Fittings,Custom,,Number,1.0,,
F5E33B6E-C9A3-5A65-9380-3381550DB2BE,15mm Push-Fit Tank Connector,Fittings,Custom,,Number,1.0,,
95FC7584-C42B-5FA4-97E7-DB5641D698B8,22mm Push-Fit Tank Connector,Fittings,Custom,,Number,1.0,,
7E408A25-1DD2-544F-9E3C-9DF3CBEB754E,15mm x 1/2in Push-Fit Tap Connector,Fittings,Custom,,Number,1.0,,
4E24180F-600D-5D6A-844F-F6AC576C5679,22mm x 3/4in Push-Fit Tap Connector,Fittings,Custom,,Number,1.0,,
E0ED66FB-8E6C-5CB4-95AA-ADF16701D8A7,15mm x 1/2in Push-Fit Male Adaptor,Fittings,Custom,,Number,1.0,,
581E5842-5960-5288-BB0E-CE01BFA93984,22mm x 3/4in Push-Fit Male Adaptor,Fittings,Custom,,Number,1.0,,
F9D0960A-50B7-586E-8FF0-807CD4B0F19E,15mm x 1/2in Push-Fit Female Adaptor,Fittings,Custom,,Number,1.0,,
589E89AC-061B-5B43-AEE4-9EA1B1B5FF06,22mm x 3/4in Push-Fit Female Adaptor,Fittings,Custom,,Number,1.0,,
E18709E6-193E-5D85-89F2-7F7478783FA7,Push-Fit Locking Clip,Fittings,Custom,,Box,,,
1941D6D3-9135-57D0-A154-5D25F23EE7E9,20mm MDPE Compression Straight Coupler,Fittings,Custom,,Number,1.0,,
4F3DC2DD-9509-5E6D-87A9-269B6192C57B,20mm MDPE Compression 90 Deg Elbow,Fittings,Custom,,Number,1.0,,
EDB88A0A-78CA-5FAE-AD88-C9E263AC6020,20mm MDPE Compression Equal Tee,Fittings,Custom,,Number,1.0,,
459202E0-F26B-5052-B3DE-143F6476DAB0,20mm MDPE Compression End Cap,Fittings,Custom,,Number,1.0,,
5BC2D79F-4B33-586E-AA32-AC5A36F65094,20mm x 1/2in MDPE Compression Male Adaptor,Fittings,Custom,,Number,1.0,,
8E57FB4C-0E8E-531E-9256-29AF98BAC337,20mm x 1/2in MDPE Compression Female Adaptor,Fittings,Custom,,Number,1.0,,
BB5625BC-C29C-5511-9E9C-76635524993E,25mm MDPE Compression Straight Coupler,Fittings,Custom,,Number,1.0,,
D244F446-5758-5425-B78F-A9220EF095E7,25mm MDPE Compression 90 Deg Elbow,Fittings,Custom,,Number,1.0,,
26865157-9538-57FC-88E6-1B7C10EF142C,25mm MDPE Compression Equal Tee,Fittings,Custom,,Number,1.0,,
9FEFBC08-D9DA-5679-8977-FC2612E8D6C0,25mm MDPE Compression End Cap,Fittings,Custom,,Number,1.0,,
4824520E-976F-5A47-8C32-57C83787373A,25mm x 3/4in MDPE Compression Male Adaptor,Fittings,Custom,,Number,1.0,,
5C57154B-548E-5B36-B202-0BA1B6AEC85C,25mm x 3/4in MDPE Compression Female Adaptor,Fittings,Custom,,Number,1.0,,
75B91930-58E4-5356-AB8B-003A41283B3F,32mm MDPE Compression Straight Coupler,Fittings,Custom,,Number,1.0,,
EB64C20C-29BD-5D37-B248-FF25E7B65F5F,32mm MDPE Compression 90 Deg Elbow,Fittings,Custom,,Number,1.0,,
1E054EF5-47FE-5B3C-B10D-9FDA7AFF2A78,32mm MDPE Compression Equal Tee,Fittings,Custom,,Number,1.0,,
DC0FB8ED-BF15-57CF-A86F-DEBF83D61D9B,32mm MDPE Compression End Cap,Fittings,Custom,,Number,1.0,,
AFC91BE3-D38B-5286-A5FE-3555B1D5504C,32mm x 1in MDPE Compression Male Adaptor,Fittings,Custom,,Number,1.0,,
D936970B-40B0-5E9C-ACB0-E824A5573B58,32mm x 1in MDPE Compression Female Adaptor,Fittings,Custom,,Number,1.0,,
2D7726FB-B702-5E82-8561-BDC3FFF2DE39,20mm MDPE x 15mm Copper Compression Adaptor,Fittings,Custom,,Number,1.0,,
4B960B78-AAEC-5FA1-8DB0-55CB10327573,25mm MDPE x 22mm Copper Compression Adaptor,Fittings,Custom,,Number,1.0,,
EC301FE3-9B43-5AC0-9958-5164C1456354,32mm MDPE x 28mm Copper Compression Adaptor,Fittings,Custom,,Number,1.0,,
34FBAECB-0E4A-5A90-86E1-5EBC0B02614D,25x20mm MDPE Compression Reducing Coupler,Fittings,Custom,,Number,1.0,,
790C23E3-948E-5FD4-B2A8-2AF3F922E8BD,32x25mm MDPE Compression Reducing Coupler,Fittings,Custom,,Number,1.0,,
B0E01574-0F5A-5BC0-BE0B-F9E65722C2E9,Flexible Tap Connector 15mm x 1/2in x 300mm,Fittings,Custom,,Number,1.0,,
6B2E06FC-B89A-5930-AAF9-DB37A1C18F32,Flexible Tap Connector 15mm x 1/2in x 500mm,Fittings,Custom,,Number,1.0,,
15EEE9E8-06B3-5D9D-A722-8D2483695156,Flexible Tap Connector 22mm x 3/4in x 300mm,Fittings,Custom,,Number,1.0,,
C1C7998F-4E27-5BD7-91D1-EB16D2930B98,15mm Isolating Valve Compression Slotted,Valves,Custom,,Number,1.0,,
42FBB867-B9A8-554E-8A0B-3BA8C75E1930,15mm Isolating Valve Compression Lever,Valves,Custom,,Number,1.0,,
4F5897B6-563C-528E-8F22-666DE4274D65,22mm Isolating Valve Compression Slotted,Valves,Custom,,Number,1.0,,
15023162-B557-5915-AD6A-0E509B0B5093,22mm Isolating Valve Compression Lever,Valves,Custom,,Number,1.0,,
525AC325-B29C-5920-9C4B-38A6FFA7EC8D,15mm Stopcock Compression,Valves,Custom,,Number,1.0,,
C7165A17-429D-5397-9B78-395BD9CD5608,15mm Gate Valve Compression,Valves,Custom,,Number,1.0,,
F3D8909B-D572-5F43-B9B0-4072360C84B6,15mm Lever Ball Valve Full Bore Compression,Valves,Custom,,Number,1.0,,
8978EA2C-110B-5EA6-A6F4-F26ED790B345,15mm Double Check Valve Compression,Valves,Custom,,Number,1.0,,
421C8BCC-690A-5550-AD7B-B1D5278E5926,15mm Pressure Reducing Valve,Valves,Custom,,Number,1.0,,
71ABC457-FCD9-543F-A310-42826A969A0D,15mm Non-Return Valve Spring Check Compression,Valves,Custom,,Number,1.0,,
3AE25DE8-B060-536F-90F8-5488370AB236,22mm Stopcock Compression,Valves,Custom,,Number,1.0,,
DBD94FF1-63AA-5A9F-B93B-D24EBF6AC0B1,22mm Gate Valve Compression,Valves,Custom,,Number,1.0,,
21216FCA-8B2A-5124-8AA7-9583A8357A2C,22mm Lever Ball Valve Full Bore Compression,Valves,Custom,,Number,1.0,,
E6B05F6F-5367-577A-A671-D904159758A8,22mm Double Check Valve Compression,Valves,Custom,,Number,1.0,,
4EF94397-11BF-5845-A99F-843A9EDC6E1C,22mm Pressure Reducing Valve,Valves,Custom,,Number,1.0,,
372F5EDF-00DE-5926-B36A-C2D25EE21414,22mm Non-Return Valve Spring Check Compression,Valves,Custom,,Number,1.0,,
17C2B06D-67B3-5ED1-B588-992B246683D7,28mm Stopcock Compression,Valves,Custom,,Number,1.0,,
C4E7C7ED-E9F5-54D1-8D29-F5FF09163D9C,28mm Gate Valve Compression,Valves,Custom,,Number,1.0,,
C84ACD71-33D8-5D80-A181-C6719221A602,28mm Lever Ball Valve Full Bore Compression,Valves,Custom,,Number,1.0,,
86F0B453-FE98-5EEF-8504-5F212F298922,28mm Double Check Valve Compression,Valves,Custom,,Number,1.0,,
ED15A86F-3358-5CBD-8A5A-359C03ED4891,28mm Pressure Reducing Valve,Valves,Custom,,Number,1.0,,
28418C8B-2D2A-5E13-B062-D4727DB57D98,28mm Non-Return Valve Spring Check Compression,Valves,Custom,,Number,1.0,,
F3B588B7-01F8-561A-9EF7-62C5E00FBF08,Float Operated Valve 1/2in Side Entry (BS1212 Part 2),Valves,Custom,,Number,1.0,,
7F4CE5DC-61F0-51F9-9150-CCBFB85CF8A4,Float Operated Valve 3/4in Side Entry (BS1212 Part 2),Valves,Custom,,Number,1.0,,
4D9AE796-7448-5178-BD91-51C937788AA4,Float Operated Valve 1/2in Bottom Entry,Valves,Custom,,Number,1.0,,
49A081AF-5953-5431-BDF9-0EF6B204ADCA,Plastic Float 4.5in,Valves,Custom,,Number,1.0,,
2DF07166-1F7A-56EE-B0E6-35DFEA549FC8,15mm Drain Off Cock,Valves,Custom,,Number,1.0,,
EE34B478-1D3F-5C63-91BE-41BD9C419AA9,Tundish 15x22mm,Valves,Custom,,Number,1.0,,
54E6B466-DD63-5C52-8DE5-1786C8544990,Tundish 22x28mm,Valves,Custom,,Number,1.0,,
5D793CE2-3D4B-56F2-B8CB-0EC413988B7A,15mm Thermostatic Mixing Valve TMV3,Valves,Custom,,Number,1.0,,
844C67D0-F298-5C27-86FE-78CBF4AF4ACE,22mm Thermostatic Mixing Valve TMV3,Valves,Custom,,Number,1.0,,
8BF0A00B-3EE7-5E39-B751-095AB1057B09,Expansion Relief Valve 6 Bar,Valves,Custom,,Number,1.0,,
6CE5A8E5-C2C3-5041-B6E7-4D7985255062,15mm Gas Cock Lever,Valves,Custom,,Number,1.0,,
46D1EF5B-7443-5E34-9519-EDE8820560CA,22mm Gas Cock Lever,Valves,Custom,,Number,1.0,,
313A19FF-C5B4-54CF-9168-0E0173E17F77,28mm Gas Cock Lever,Valves,Custom,,Number,1.0,,
14B603D9-1968-51D8-AEB4-B9C21482CDDD,Washing Machine Valve 15mm x 3/4in,Valves,Custom,,Number,1.0,,
62E2B35C-1040-545D-BDBD-10AB13A09B8D,15mm Water Meter,Valves,Custom,,Number,1.0,,
F4AA64EE-1576-52F6-9D2C-E9C724A6D6FC,15mm Anti-Vacuum Valve,Valves,Custom,,Number,1.0,,
51D97FBF-5303-5CE7-AC33-FD21F1037EDD,15mm Inline Strainer Compression,Valves,Custom,,Number,1.0,,
10CCFAC5-6657-55D2-B912-5314D1AF2B1B,22mm Inline Strainer Compression,Valves,Custom,,Number,1.0,,
4D81CFE2-AEE5-54D0-85BD-49C34D4A84AF,"Close Coupled WC Pack Standard Height (Pan, Cistern & Soft Close Seat)",Sanitaryware,Custom,,Number,1.0,,
001FA044-A5C6-5230-9CA9-D4E5F03CA5EE,"Close Coupled WC Pack Comfort Height (Pan, Cistern & Soft Close Seat)",Sanitaryware,Custom,,Number,1.0,,
9A18CFE6-6557-546F-B41E-70A71442BD52,"Close Coupled WC Pack Rimless (Pan, Cistern & Soft Close Seat)",Sanitaryware,Custom,,Number,1.0,,
CC3987CA-E798-5F1D-8E75-76F07FF70814,Back to Wall WC Pan,Sanitaryware,Custom,,Number,1.0,,
ABE00EF4-C362-50A9-AA4B-6080B7CCA244,Wall Hung WC Pan,Sanitaryware,Custom,,Number,1.0,,
293A15F9-77F7-5E19-AC1F-772E0B5AA7A0,Concealed WC Frame 1.12m with Cistern,Sanitaryware,Custom,,Number,1.0,,
92088A63-8E8A-5CE0-AAF5-FCB6DC0B0A03,Concealed Cistern for Back to Wall WC,Sanitaryware,Custom,,Number,1.0,,
CE6CAC30-4B8D-529F-82C2-1D79FEAB5064,Dual Flush Plate Chrome,Sanitaryware,Custom,,Number,1.0,,
3BA5BE77-8511-5C89-97D8-9CDC92761E12,Dual Flush Plate White,Sanitaryware,Custom,,Number,1.0,,
DEAF0F43-9876-5A8A-8CE7-2F50401F7753,WC Seat Standard,Sanitaryware,Custom,,Number,1.0,,
7924B22D-CA79-57C1-B7C6-1D88BE3184CB,WC Seat Soft Close,Sanitaryware,Custom,,Number,1.0,,
7CA16D29-4EF3-516A-816B-0E6883987A05,Basin 550mm with Full Pedestal 1 Tap Hole,Sanitaryware,Custom,,Number,1.0,,
B5B29E96-5BBC-59A5-AB10-6DA03A658AA8,Basin 550mm with Semi Pedestal 1 Tap Hole,Sanitaryware,Custom,,Number,1.0,,
2E53ED48-1D5E-57A9-B3BE-3B90AB3AEA86,Basin Wall Hung 500mm 1 Tap Hole,Sanitaryware,Custom,,Number,1.0,,
AD78E350-FE8C-567E-AC82-A820AA65E38B,Cloakroom Basin Wall Hung 400mm,Sanitaryware,Custom,,Number,1.0,,
90F2AD9B-B6CA-5A60-8E72-8810C9359224,Countertop Basin,Sanitaryware,Custom,,Number,1.0,,
C92B9A14-59B8-550D-B8E2-029557993FD3,Vanity Unit with Basin 600mm,Sanitaryware,Custom,,Number,1.0,,
69D68C69-D877-51E0-9E5F-0F08E5FB36A1,Urinal Bowl Ceramic,Sanitaryware,Custom,,Number,1.0,,
FAD3BC3C-F6AF-5F42-A1DE-52EF971F9F6E,Urinal Automatic Cistern 4.5L,Sanitaryware,Custom,,Number,1.0,,
EA455D4A-2E88-5594-AAE5-F03D059386AF,Urinal Automatic Cistern 9L,Sanitaryware,Custom,,Number,1.0,,
03A0F063-EE55-5105-ADE9-082D6FA0CBC5,Urinal Flush Pipe Kit 1 Bowl,Sanitaryware,Custom,,Number,1.0,,
F80314CC-FE91-51AB-8661-66D604A0413E,Urinal Flush Pipe Kit 2 Bowl,Sanitaryware,Custom,,Number,1.0,,
3A561D53-45FF-5474-8F92-D91A000B8672,Urinal Flush Pipe Kit 3 Bowl,Sanitaryware,Custom,,Number,1.0,,
6EE0D5C7-638A-50BC-92A2-3E69A127CB53,Urinal Division Panel,Sanitaryware,Custom,,Number,1.0,,
80A0682A-DE13-5B9C-A8A3-EDF1807FEB27,Steel Bath 1700x700mm,Sanitaryware,Custom,,Number,1.0,,
D48E705B-862E-5317-B18D-420A77FAE43F,Acrylic Bath 1700x700mm,Sanitaryware,Custom,,Number,1.0,,
4C6C4E0D-7FE8-5F55-95B7-A1ECF7100061,Acrylic Bath 1700x750mm,Sanitaryware,Custom,,Number,1.0,,
817284A0-3524-5ABE-9367-C6F58BC26A5A,Acrylic Bath 1800x800mm,Sanitaryware,Custom,,Number,1.0,,
A63E17BC-6C5E-53BE-989E-3C52DFFEE797,Bath Front Panel 1700mm,Sanitaryware,Custom,,Number,1.0,,
AAEA7454-0778-51BA-A3D8-8E959ABFD937,Bath End Panel 700mm,Sanitaryware,Custom,,Number,1.0,,
138CCC58-8725-575B-8914-0845E37B48A8,Belfast Cleaners Sink 600mm with Bucket Grate,Sanitaryware,Custom,,Number,1.0,,
0B356296-9E6E-5EBB-9081-43B87057DAC1,Stainless Steel Cleaners Sink,Sanitaryware,Custom,,Number,1.0,,
F09ADD17-6EA3-50EE-9F11-AE246C11EA61,Doc M Pack Close Coupled Left Hand,Sanitaryware,Custom,,Number,1.0,,
9FEE0F82-71C9-5A76-82D4-5733A8E6E1D2,Doc M Pack Close Coupled Right Hand,Sanitaryware,Custom,,Number,1.0,,
69045DBF-3FE7-5417-8D12-1262789E099E,Doc M Grab Rail 600mm,Sanitaryware,Custom,,Number,1.0,,
761D1444-DB9A-5ACB-BED9-5D0C4AFA39F9,Doc M Hinged Support Rail 800mm,Sanitaryware,Custom,,Number,1.0,,
19793B3B-D759-5560-B89A-2251AB9954E9,Doc M Drop Down Rail,Sanitaryware,Custom,,Number,1.0,,
A0FEB300-C4CE-5129-838F-F5403B4487AE,Basin Mixer Mono with Click Waste,Taps & Mixers,Custom,,Number,1.0,,
8404A501-F703-5BE5-8A49-B300E496FB61,Basin Pillar Taps (Pair),Taps & Mixers,Custom,,Number,1.0,,
3A519B8C-037A-5FE8-BC9E-880E114D0166,Bath Pillar Taps (Pair),Taps & Mixers,Custom,,Number,1.0,,
1E8B832B-90CA-5234-B4EC-8E4269B4C0E7,Bath Shower Mixer Deck Mounted,Taps & Mixers,Custom,,Number,1.0,,
BC71B4C8-368F-5F03-9612-C9FE81652B5E,Kitchen Sink Mixer Monobloc Lever,Taps & Mixers,Custom,,Number,1.0,,
71D70649-5BE7-5781-B7D3-86258C205014,Kitchen Sink Mixer Swan Neck,Taps & Mixers,Custom,,Number,1.0,,
624FB7D8-7E97-5AFF-84D6-A7952E3EE0B1,Sensor Basin Tap Battery Operated,Taps & Mixers,Custom,,Number,1.0,,
EEF469D7-1D5C-5968-B72A-A50D3BDA1838,Sensor Basin Tap Mains Operated,Taps & Mixers,Custom,,Number,1.0,,
A87EEC0B-ED9F-5498-B4CE-555D4A5ADA45,Non-Concussive Push Basin Tap,Taps & Mixers,Custom,,Number,1.0,,
467F76B9-D72E-5433-BAB1-F731489CC83A,Doc M Long Lever Basin Mixer,Taps & Mixers,Custom,,Number,1.0,,
D5AE33A8-FAF4-5035-BCE1-6293877A3307,Thermostatic Basin Mixer TMV3,Taps & Mixers,Custom,,Number,1.0,,
1178FB8E-2E31-590E-A51C-A491AA783DDD,Wall Mounted Basin Mixer,Taps & Mixers,Custom,,Number,1.0,,
328AB888-1B69-5EF8-B37D-1BDA0DEBBDD6,Outside Tap Kit 1/2in,Taps & Mixers,Custom,,Number,1.0,,
18220CA9-995A-5236-8C5A-8550357E0EE6,Bib Tap 1/2in with Hose Union,Taps & Mixers,Custom,,Number,1.0,,
65658BBE-F319-5B12-8B14-2FA17E49C183,Cleaners Sink Bib Taps 3/4in (Pair),Taps & Mixers,Custom,,Number,1.0,,
CC48E012-2FD5-5899-8AB7-F70218ED2CF4,Electric Shower 8.5kW,Showers,Custom,,Number,1.0,,
AE9C2378-D03B-5137-970D-2EB27AC304AC,Electric Shower 9.5kW,Showers,Custom,,Number,1.0,,
6741283D-B3BA-5E08-A788-971C15391F1D,Electric Shower 10.5kW,Showers,Custom,,Number,1.0,,
CBDDE4E1-3CB0-5A68-A4B6-516F88183A5D,Thermostatic Bar Mixer Shower with Riser Kit,Showers,Custom,,Number,1.0,,
236711E6-8621-5E29-A3D5-47EE54DC2360,Concealed Thermostatic Shower Valve 1 Outlet,Showers,Custom,,Number,1.0,,
812F518A-D3B1-5013-9943-2F96AADFEBA3,Concealed Thermostatic Shower Valve 2 Outlet,Showers,Custom,,Number,1.0,,
1FD0009E-C282-5CE0-A912-F2188392A12D,Shower Riser Rail Kit,Showers,Custom,,Number,1.0,,
098E3768-D7F7-5BD6-B7F1-494FB71D517C,Fixed Overhead Shower Head 200mm with Arm,Showers,Custom,,Number,1.0,,
4C9CF023-80CE-54BF-8D46-37CF3D294B1B,Shower Tray Stone Resin 800x800mm,Showers,Custom,,Number,1.0,,
36E40DC6-97C1-5E41-8FE7-94C1F545DFBA,Shower Tray Stone Resin 900x900mm,Showers,Custom,,Number,1.0,,
9CF40106-4AB2-50A1-8217-5E1DDCF662C5,Shower Tray Stone Resin 1000x800mm,Showers,Custom,,Number,1.0,,
FAAE9AC3-76D5-594A-97ED-4262628BE864,Shower Tray Stone Resin 1200x800mm,Showers,Custom,,Number,1.0,,
58C4D19E-AEC8-5EFE-A58B-0B208EDB3C36,Shower Tray Stone Resin 1200x900mm,Showers,Custom,,Number,1.0,,
86623F75-1FC5-5BB9-992A-4E94D1F44C0C,Shower Tray Stone Resin 1400x900mm,Showers,Custom,,Number,1.0,,
56DDC0CC-888C-53DD-9CC6-FF4B4D0EDFA4,Shower Tray Stone Resin 1700x800mm,Showers,Custom,,Number,1.0,,
A7464866-66C5-5F01-A8A0-724FCC83B2AF,Shower Tray Quadrant Stone Resin 800mm,Showers,Custom,,Number,1.0,,
42BFD905-ED16-56A0-AA47-1BCA9775AF1D,Shower Tray Quadrant Stone Resin 900mm,Showers,Custom,,Number,1.0,,
506C6086-0884-5F2A-89DE-743D8E231B8E,Shower Enclosure Sliding Door 1200mm,Showers,Custom,,Number,1.0,,
A698165D-818C-5A01-8D39-32D513770F3C,Shower Enclosure Sliding Door 1400mm,Showers,Custom,,Number,1.0,,
AE12143F-F7ED-5572-BE4C-D37B6E783EF9,Shower Enclosure Pivot Door 800mm,Showers,Custom,,Number,1.0,,
602A8DA0-587C-5111-A181-235D418CC335,Shower Enclosure Pivot Door 900mm,Showers,Custom,,Number,1.0,,
A1AF8E45-DFC6-5960-B23B-56B286E85450,Shower Enclosure Side Panel 800mm,Showers,Custom,,Number,1.0,,
6F05E934-9C50-5439-8E8E-2B66D48A4EB5,Shower Enclosure Side Panel 900mm,Showers,Custom,,Number,1.0,,
47361B9C-8DDF-5390-BB6B-C71F1FC4238D,Walk-In Shower Panel 800mm,Showers,Custom,,Number,1.0,,
86ABF0D3-735C-5ACD-A82F-469496F4F63D,Walk-In Shower Panel 900mm,Showers,Custom,,Number,1.0,,
C8C86157-27A6-5819-8BCC-DC34CC912BF3,Walk-In Shower Panel 1000mm,Showers,Custom,,Number,1.0,,
50974351-A297-573E-A402-1AF357133022,Walk-In Shower Panel 1200mm,Showers,Custom,,Number,1.0,,
C064037D-79C2-5E60-B3A8-288098591636,Shower Curtain & Rail Kit,Showers,Custom,,Number,1.0,,
A889A084-7BBA-5F2C-A5A7-8F59C945E96E,Fold Down Shower Seat,Showers,Custom,,Number,1.0,,
4D5E2206-C644-5270-89D1-D59596781C35,Linear Shower Drain 700mm,Showers,Custom,,Number,1.0,,
0D172746-436A-52D8-94F2-BA110C21C067,Linear Shower Drain 800mm,Showers,Custom,,Number,1.0,,
8AF83470-473D-5555-9858-960CF34D4EA0,Doc M Shower Pack,Showers,Custom,,Number,1.0,,
1F2CA2BE-BB33-52C9-BA41-FEBCCC63D52F,32mm Solvent Weld Waste Pipe White - 3m,Drainage,Custom,,Length,,3,M
852309EF-875E-5B49-9BB7-BD012072A876,32mm Solvent Weld Waste 90 Deg Knuckle Bend White,Drainage,Custom,,Number,1.0,,
A80BF8CB-EE42-51AD-B3C0-96094FCA3071,32mm Solvent Weld Waste 45 Deg Obtuse Bend White,Drainage,Custom,,Number,1.0,,
01DBDC87-CA8D-571A-8C24-A1603927C8C0,32mm Solvent Weld Waste Swept Tee White,Drainage,Custom,,Number,1.0,,
85689AD0-7209-5D79-B4F5-0E8503AF5A01,32mm Solvent Weld Waste Straight Coupling White,Drainage,Custom,,Number,1.0,,
C0B8DD68-DD0F-51F1-94FF-77C90F6A4480,32mm Solvent Weld Waste Socket Plug White,Drainage,Custom,,Number,1.0,,
C943CD73-4B58-5418-8DB2-4023B7B5E3C7,32mm Solvent Weld Waste Pipe Clip White,Drainage,Custom,,Number,1.0,,
38734EAD-532D-5973-880E-F643A3A8A3ED,40mm Solvent Weld Waste Pipe White - 3m,Drainage,Custom,,Length,,3,M
A0DDCA66-6FC1-55A7-BD17-695A23012E0E,40mm Solvent Weld Waste 90 Deg Knuckle Bend White,Drainage,Custom,,Number,1.0,,
CBD69392-6F0E-562C-BA38-374A5D1570E5,40mm Solvent Weld Waste 45 Deg Obtuse Bend White,Drainage,Custom,,Number,1.0,,
91EE1216-A2C3-5584-AEDD-EFD1D7B21171,40mm Solvent Weld Waste Swept Tee White,Drainage,Custom,,Number,1.0,,
15A515F7-ABDA-519F-B9C5-5CBE4D9902B8,40mm Solvent Weld Waste Straight Coupling White,Drainage,Custom,,Number,1.0,,
89595E18-C70A-5902-A4F7-CCB93AE6B841,40mm Solvent Weld Waste Socket Plug White,Drainage,Custom,,Number,1.0,,
4B1DF7B5-5E43-53CE-ADDD-F52558ECA0B2,40mm Solvent Weld Waste Pipe Clip White,Drainage,Custom,,Number,1.0,,
066DA4DB-867B-5FF5-9DCF-96F894ED075B,50mm Solvent Weld Waste Pipe White - 3m,Drainage,Custom,,Length,,3,M
9FC85CB2-57B2-568F-A488-172F063FD87D,50mm Solvent Weld Waste 90 Deg Knuckle Bend White,Drainage,Custom,,Number,1.0,,
EBADEF8E-3847-5B64-913F-A4DC03561397,50mm Solvent Weld Waste 45 Deg Obtuse Bend White,Drainage,Custom,,Number,1.0,,
68FFE2B5-A241-5DF3-85D0-74B3D091F40A,50mm Solvent Weld Waste Swept Tee White,Drainage,Custom,,Number,1.0,,
0998EFE8-AB2C-526A-ACD0-FFC46EA2B446,50mm Solvent Weld Waste Straight Coupling White,Drainage,Custom,,Number,1.0,,
28DFA39E-587E-5B9C-AB21-BC0C0EE12D65,50mm Solvent Weld Waste Socket Plug White,Drainage,Custom,,Number,1.0,,
3358AD77-371E-5CB5-9CC7-D49679DA5265,50mm Solvent Weld Waste Pipe Clip White,Drainage,Custom,,Number,1.0,,
22C1EC8D-5708-5341-8F86-2A18A03AE76A,40x32mm Solvent Weld Waste Reducer White,Drainage,Custom,,Number,1.0,,
972DAE07-F6AF-506F-8293-6623A17810D7,50x40mm Solvent Weld Waste Reducer White,Drainage,Custom,,Number,1.0,,
36DF1725-824F-51C8-99AD-E7887F7E7885,32mm Push-Fit Waste Pipe White - 3m,Drainage,Custom,,Length,,3,M
4B9C0A90-3F26-5DB3-94C6-493BAF6260C1,32mm Push-Fit Waste 90 Deg Bend White,Drainage,Custom,,Number,1.0,,
D14B96EB-EA54-5879-9E01-926B6C566532,32mm Push-Fit Waste 45 Deg Bend White,Drainage,Custom,,Number,1.0,,
854AF799-C352-51E0-8667-8612FD6A6C1C,32mm Push-Fit Waste Swept Tee White,Drainage,Custom,,Number,1.0,,
F2926473-B819-5224-A648-C0485365A2B2,32mm Push-Fit Waste Straight Coupling White,Drainage,Custom,,Number,1.0,,
7C86A892-75F5-52A1-AF7E-50A5D76189A2,32mm Push-Fit Waste Socket Plug White,Drainage,Custom,,Number,1.0,,
934DA700-9E5B-58AB-9546-69D3B183047D,40mm Push-Fit Waste Pipe White - 3m,Drainage,Custom,,Length,,3,M
673BB8CD-E946-5F72-93E6-67C3468EF025,40mm Push-Fit Waste 90 Deg Bend White,Drainage,Custom,,Number,1.0,,
79E41B5A-57DB-5763-A444-577F6CB74367,40mm Push-Fit Waste 45 Deg Bend White,Drainage,Custom,,Number,1.0,,
30168F86-E1F8-5F15-9EDD-CD77056481B2,40mm Push-Fit Waste Swept Tee White,Drainage,Custom,,Number,1.0,,
C586D785-2133-50EF-8011-13BD86F30714,40mm Push-Fit Waste Straight Coupling White,Drainage,Custom,,Number,1.0,,
3BE3B73E-F16F-580F-92BD-205DA140CA6E,40mm Push-Fit Waste Socket Plug White,Drainage,Custom,,Number,1.0,,
C2FC5D08-0B38-56DC-A8A7-88EB387A2058,21.5mm Overflow Pipe White - 3m,Drainage,Custom,,Length,,3,M
9411AFA9-449F-5056-8262-FBDA27550875,21.5mm Overflow 90 Deg Bend White,Drainage,Custom,,Number,1.0,,
AB521C90-2124-5471-B61D-3DC4F33CF8E1,21.5mm Overflow 45 Deg Bend White,Drainage,Custom,,Number,1.0,,
104B1329-ECCF-5D8A-ACDE-90D35E6982F4,21.5mm Overflow Tee White,Drainage,Custom,,Number,1.0,,
27514122-35D1-5AB5-8703-300D12CB9E47,21.5mm Overflow Straight Coupling White,Drainage,Custom,,Number,1.0,,
65394411-AC8A-5CBA-8E9D-9F4F3EB4A6E4,21.5mm Overflow Straight Tank Connector White,Drainage,Custom,,Number,1.0,,
07C8808A-9EBF-55A0-86FE-D891D47AFFCF,21.5mm Overflow Bent Tank Connector White,Drainage,Custom,,Number,1.0,,
29A5FC0D-0003-57B6-B86E-F0DE5C3E3A2B,21.5mm Overflow Pipe Clip White,Drainage,Custom,,Number,1.0,,
A9B8C1D4-D6FF-5054-AAD2-818551DDE154,110mm Soil Pipe Plain Ended Grey - 3m,Drainage,Custom,,Length,,3,M
D361820D-9763-5F8A-82AF-CF0E591AAFB0,110mm Soil Pipe Plain Ended Grey - 4m,Drainage,Custom,,Length,,4,M
F5DC70E6-28C4-5BD6-8B81-A61ACF5A7C28,110mm Soil Pipe Single Socket Grey - 3m,Drainage,Custom,,Length,,3,M
10DEBD3B-99FA-53A8-8933-99361A2D05E9,110mm Soil 87.5 Deg Bend Single Socket Grey,Drainage,Custom,,Number,1.0,,
1A5FC9FB-7688-5F64-A4D5-C2E844C4189B,110mm Soil 87.5 Deg Bend Double Socket Grey,Drainage,Custom,,Number,1.0,,
F9FF891C-2D80-556B-B923-93C6C360B245,110mm Soil 45 Deg Bend Single Socket Grey,Drainage,Custom,,Number,1.0,,
AE722AFB-6BCC-5C13-8D3A-C776EF61DC51,110mm Soil 87.5 Deg Branch Single Socket Grey,Drainage,Custom,,Number,1.0,,
76214DFF-104F-5034-BA1E-70A401128489,110mm Soil Double Socket Pipe Coupler Grey,Drainage,Custom,,Number,1.0,,
A848FD59-FFC5-5E9C-9CE7-3A354712A5E9,110mm Soil Access Pipe Grey,Drainage,Custom,,Number,1.0,,
6387AB15-2E92-54FD-B28D-B6C2E5CA85FF,110mm Soil Strap On Boss 32mm Grey,Drainage,Custom,,Number,1.0,,
CF937D39-6498-5688-9AD9-1439B30B2194,110mm Soil Strap On Boss 40mm Grey,Drainage,Custom,,Number,1.0,,
11D6F519-E0C7-5AB2-896F-C454A97D3BD5,110mm Soil 4 Boss Pipe Grey,Drainage,Custom,,Number,1.0,,
74B2BF54-6A8E-576B-94BA-1250A90EAB68,110mm Soil Air Admittance Valve Grey,Drainage,Custom,,Number,1.0,,
D944A7B6-E329-5EAB-BD08-BC3FFAA7FD08,110mm Soil Vent Terminal Grey,Drainage,Custom,,Number,1.0,,
6773F6F3-2654-5AB2-B1C7-44B589AD71C5,110mm Soil Pipe Bracket Grey,Drainage,Custom,,Number,1.0,,
3364BDC7-4D45-5FF6-906C-18902DBE3607,110mm Soil WC Manifold Grey,Drainage,Custom,,Number,1.0,,
A065F170-F42E-5625-AD23-66FC08023038,110mm Soil Soil to Drain Connector Grey,Drainage,Custom,,Number,1.0,,
250D1A14-F080-55B4-845C-4DA65C0C9384,Boss Adaptor 32mm,Drainage,Custom,,Number,1.0,,
0B447A96-1353-53E5-A5F8-F79E6BE3948D,Boss Adaptor 40mm,Drainage,Custom,,Number,1.0,,
12B0996F-C206-584C-AFD8-40AA740AF73B,Air Admittance Valve 32/40mm,Drainage,Custom,,Number,1.0,,
C1CC9F39-A389-505B-8651-A236186A873D,WC Pan Connector Straight,Drainage,Custom,,Number,1.0,,
C3EE15A3-94F4-5C14-8CAA-9F62F131538A,WC Pan Connector 90 Deg,Drainage,Custom,,Number,1.0,,
534A9041-7656-5054-994A-E1735BB4F350,WC Pan Connector Offset,Drainage,Custom,,Number,1.0,,
3473B9BC-1EAD-5276-89D2-F2FBEF715CD5,WC Pan Connector Flexible,Drainage,Custom,,Number,1.0,,
045B6947-42A6-5873-ABDA-B4A49E548848,Bottle Trap 32mm,Drainage,Custom,,Number,1.0,,
D85E4469-F67A-51A4-9D92-2DA9447FB0F2,Bottle Trap 40mm,Drainage,Custom,,Number,1.0,,
B2C10228-2417-5985-96FC-B186AC43CF10,P Trap Tubular 40mm 75mm Seal,Drainage,Custom,,Number,1.0,,
4E480B57-9A71-5FD8-89F4-CFE5A1F166F4,S Trap Tubular 40mm 75mm Seal,Drainage,Custom,,Number,1.0,,
033E4BCB-1D69-5562-94B6-2101A5F86C5E,Washing Machine Trap & Standpipe 40mm,Drainage,Custom,,Number,1.0,,
649E05F8-F5FA-5F93-911B-83677CE7A389,Shower Trap Low Profile 40mm,Drainage,Custom,,Number,1.0,,
61BB5345-69EA-5AFF-80DD-8CAC74F3D344,Shower Tray Waste 90mm,Drainage,Custom,,Number,1.0,,
506F9C7F-4B82-5C4E-B8E4-360DDA4C4D39,Waterless Self-Sealing Trap 32mm,Drainage,Custom,,Number,1.0,,
F33FF501-53FC-5B56-8FE6-091229E540F0,Waterless Self-Sealing Trap 40mm,Drainage,Custom,,Number,1.0,,
9AEA587C-38BD-5E65-B9F4-5CE4934ABC9F,Basin Waste Click Clack Slotted,Drainage,Custom,,Number,1.0,,
A88799FA-2FC3-5FF2-9662-8FE2A21DB2F4,Basin Waste Click Clack Unslotted,Drainage,Custom,,Number,1.0,,
15F5E559-48E9-5271-808F-7740E835B3A1,Bath Waste & Overflow Plug & Chain,Drainage,Custom,,Number,1.0,,
B19F2493-599F-57AE-9326-7875674A34A6,Bath Waste & Overflow Pop-Up,Drainage,Custom,,Number,1.0,,
DA715EF5-9FF7-53A5-9ADC-706A59F52145,Kitchen Sink Waste Kit 1.0 Bowl,Drainage,Custom,,Number,1.0,,
33E2E11F-8821-5203-A45E-1254E9E7849F,Kitchen Sink Waste Kit 1.5 Bowl,Drainage,Custom,,Number,1.0,,
02B10C21-3788-55EF-823B-204D2DCA6421,Urinal Waste & Trap,Drainage,Custom,,Number,1.0,,
1E183DBD-3EF1-51AC-9847-D5550677BEC4,Unvented Cylinder Direct 150L,Water Heaters,Custom,,Number,1.0,,
8E2FF336-E1AB-5681-8566-26AB9FAF4173,Unvented Cylinder Indirect 150L,Water Heaters,Custom,,Number,1.0,,
9F3DC2BD-EAEA-572C-A02A-BEA5B5195EB0,Unvented Cylinder Direct 210L,Water Heaters,Custom,,Number,1.0,,
929DB260-ECC1-5509-8B34-4B694F7AF8B5,Unvented Cylinder Indirect 210L,Water Heaters,Custom,,Number,1.0,,
DBB1B447-A5E5-5A6A-A195-9B9BBC195AD8,Unvented Cylinder Direct 250L,Water Heaters,Custom,,Number,1.0,,
D5D6DDBD-9D0A-5797-A5C7-D65F68BD8340,Unvented Cylinder Indirect 250L,Water Heaters,Custom,,Number,1.0,,
079ED8B1-DE7C-5B72-8115-D88B1226132C,Unvented Cylinder Direct 300L,Water Heaters,Custom,,Number,1.0,,
DD1A2410-18C9-58D2-9981-330BB91EEA7D,Unvented Cylinder Indirect 300L,Water Heaters,Custom,,Number,1.0,,
8FB0CDC1-779E-59FC-9F5A-0AF921E596F8,Heat Pump Unvented Cylinder 200L,Water Heaters,Custom,,Number,1.0,,
849A37DC-F6EA-5B73-A8C8-D96DF6C64162,Heat Pump Unvented Cylinder 250L,Water Heaters,Custom,,Number,1.0,,
B5847B1E-8F85-556D-9406-048880A3C69D,Vented Indirect Copper Cylinder 900x450mm,Water Heaters,Custom,,Number,1.0,,
05A3167C-1868-5D54-A2BC-636642D8D83F,Vented Indirect Copper Cylinder 1050x450mm,Water Heaters,Custom,,Number,1.0,,
EBC8082A-D075-5235-BB8B-A59E023B9B44,Unvented Undersink Water Heater 10L,Water Heaters,Custom,,Number,1.0,,
6CD658DE-6D75-5C66-95A9-808956865D06,Unvented Undersink Water Heater 15L,Water Heaters,Custom,,Number,1.0,,
E81C1861-A8FC-5C3E-82CE-4D966A952680,Unvented Water Heater 30L,Water Heaters,Custom,,Number,1.0,,
F6B8EADF-7AD4-5438-A9B0-9DFCDDD298CD,Instantaneous Water Heater 3kW Oversink,Water Heaters,Custom,,Number,1.0,,
A3ABABF0-5409-596E-AB79-D203BFBF71D6,Wall Mounted Boiling Water Unit 5L,Water Heaters,Custom,,Number,1.0,,
CE7B9F29-63D2-523E-BB92-AD47D614636B,Immersion Heater 11in 3kW,Water Heaters,Custom,,Number,1.0,,
4CC0CCBD-2262-55DB-BD18-9D181C2A9070,Immersion Heater 27in 3kW,Water Heaters,Custom,,Number,1.0,,
87FA15E3-C1C5-56DB-B02C-A4E4E0FE7DCF,Cold Water Storage Cistern 25 Gallon (114L),Tanks,Custom,,Number,1.0,,
A3BC35A7-5333-5A10-9C62-76C88E9A15F0,Cold Water Storage Cistern 40 Gallon (182L),Tanks,Custom,,Number,1.0,,
BE0C8FE1-3B1B-5E2B-88AC-12602B2451EF,Cold Water Storage Cistern 50 Gallon (227L),Tanks,Custom,,Number,1.0,,
AFE099ED-70EB-5D2E-871D-409064F968CE,Cold Water Storage Cistern 100 Gallon (455L),Tanks,Custom,,Number,1.0,,
E5FCBBEF-1B34-5EEB-B9A7-E31A588AED34,Feed & Expansion Cistern 4 Gallon (18L),Tanks,Custom,,Number,1.0,,
B0A0EACA-D002-5FE3-A38C-151AD15DCB82,Water Byelaw Cistern Kit,Tanks,Custom,,Number,1.0,,
3ADD59F4-F8F0-5A29-BCB4-338B3840AA7C,Shower Pump Twin Impeller 1.5 Bar Positive Head,Pumps,Custom,,Number,1.0,,
D2DD990B-5296-5A65-98FC-ABFDEFE329C8,Shower Pump Twin Impeller 2.0 Bar Positive Head,Pumps,Custom,,Number,1.0,,
416465E0-0371-52F1-A59E-39E1F3FD791B,Shower Pump Twin Impeller 3.0 Bar Positive Head,Pumps,Custom,,Number,1.0,,
9436917F-2B31-556B-BC6E-71B4D9B970F9,Shower Pump Twin Impeller 3.0 Bar Universal (Negative Head),Pumps,Custom,,Number,1.0,,
8D880F92-C85A-5002-8A8C-A2598745E98E,Whole House Pump Single Impeller 3.0 Bar,Pumps,Custom,,Number,1.0,,
77711BF0-859D-5D6E-A057-A12217946FE8,Cold Water Booster Set Twin Pump,Pumps,Custom,,Number,1.0,,
BD8110BC-F1AF-5CDC-8373-482F2179F0A4,Submersible Drainage Pump,Pumps,Custom,,Number,1.0,,
67138D67-8AFA-5B08-B6E5-9350D2B2F354,WC Macerator Pump,Pumps,Custom,,Number,1.0,,
477FFE2D-B47B-5EE7-AFF6-D3E815304FAA,Small Bore Grey Water Pump,Pumps,Custom,,Number,1.0,,
18BFF268-BD15-5D9C-8233-610A14FC5BD0,Hot Water Secondary Return Pump Bronze,Pumps,Custom,,Number,1.0,,
42BBABD9-3201-53F3-B07E-9FB8A1581F57,15mm Push-In Plastic Pipe Clip,Sundries,Custom,,Box,,,
4915E2D8-94E8-558C-A994-9C85F14C3C97,22mm Push-In Plastic Pipe Clip,Sundries,Custom,,Box,,,
BFBF3A05-074F-5A54-B29A-68C24A07B44E,28mm Push-In Plastic Pipe Clip,Sundries,Custom,,Box,,,
C7B4E8ED-AF2B-5CCD-836A-3B42C38AF63B,15mm Double Push-In Plastic Pipe Clip,Sundries,Custom,,Box,,,
4DB62466-3615-5212-A2DC-EB69F1302437,15mm Copper Saddle Pipe Clip,Sundries,Custom,,Box,,,
EE9B5AF8-173A-5F40-9B9A-B0901C3FA24E,22mm Copper Saddle Pipe Clip,Sundries,Custom,,Box,,,
550866E9-D0BF-5C0F-A12A-AC19DBC1769C,Lead-Free Solder Wire,Sundries,Custom,,Number,500G,,
0499BC6E-4C90-584F-975F-AC945EBCDF5B,Soldering Flux Paste,Sundries,Custom,,Number,1.0,,
25BB4E67-074B-507E-AF93-830F12D26A70,Solvent Weld Cement,Sundries,Custom,,Number,250ML,,
DB4181B4-06DB-517E-A1ED-6BA755AF8D69,Silicone Grease (Plumbers),Sundries,Custom,,Number,1.0,,
0E49BC29-563D-5B10-931D-2DFA903A0BF3,WC Pan Fixing Kit,Sundries,Custom,,Number,1.0,,
E5000002-1C4E-5B51-9DE0-8266F373D229,Basin Wall Fixing Kit,Sundries,Custom,,Number,1.0,,
C44E8628-2C7F-58BC-B45C-9A7927D39E36,Tap Washers Assorted,Sundries,Custom,,Box,,,
6976591C-3249-5924-A892-501F7416D6B9,3x2 (47x75mm) C24 Treated Timber - 2.4m,Timber,Custom,,Length,,2.4000000000000004,M
3973184B-65D7-52ED-ADE0-5C69B97D5B2D,3x2 (47x75mm) C24 Treated Timber - 3.0m,Timber,Custom,,Length,,3,M
342A9C19-131B-5C33-90C6-F0B906CC76F1,3x2 (47x75mm) C24 Treated Timber - 3.6m,Timber,Custom,,Length,,3.6,M
55931B65-C43B-5D82-B36B-E526AA9A387C,3x2 (47x75mm) C24 Treated Timber - 4.2m,Timber,Custom,,Length,,4.2,M
45F29AD8-5492-5C5B-906C-51A4277872EA,3x2 (47x75mm) C24 Treated Timber - 4.8m,Timber,Custom,,Length,,4.800000000000001,M
BC7202BF-8035-53C0-BEE4-A320EC7B4D3F,3x2 (47x75mm) C24 Treated Timber - 5.4m,Timber,Custom,,Length,,5.4,M
95874A8A-A092-54CA-A9CD-148F9E10F331,3x2 (47x75mm) C24 Treated Timber - 6.0m,Timber,Custom,,Length,,6,M
4754DEE5-8801-54AB-BC91-EAB69E5F2299,4x2 (47x100mm) C24 Treated Timber - 2.4m,Timber,Custom,,Length,,2.4000000000000004,M
2AC82640-7613-5F27-8930-663135544C48,4x2 (47x100mm) C24 Treated Timber - 3.0m,Timber,Custom,,Length,,3,M
345F1215-66CC-58FF-B406-349534C91620,4x2 (47x100mm) C24 Treated Timber - 3.6m,Timber,Custom,,Length,,3.6,M
9A384212-EB2D-58CF-8F84-7D80810342C5,4x2 (47x100mm) C24 Treated Timber - 4.2m,Timber,Custom,,Length,,4.2,M
6F5ECCE5-1CD9-5286-8F18-6A97408125AA,4x2 (47x100mm) C24 Treated Timber - 4.8m,Timber,Custom,,Length,,4.800000000000001,M
B343F561-A73C-5719-9FD6-D7EB9FAD656E,4x2 (47x100mm) C24 Treated Timber - 5.4m,Timber,Custom,,Length,,5.4,M
E80D4994-3DC4-5FB3-B691-AADC24709C39,4x2 (47x100mm) C24 Treated Timber - 6.0m,Timber,Custom,,Length,,6,M
7368D0D7-6177-5F64-B899-9D847D2919AF,5x2 (47x125mm) C24 Treated Timber - 2.4m,Timber,Custom,,Length,,2.4000000000000004,M
841A80E9-1445-52EA-A5DD-848963BB0ABF,5x2 (47x125mm) C24 Treated Timber - 3.0m,Timber,Custom,,Length,,3,M
8AFC2BC5-AF1D-5D0A-9AB6-13BE0D8E9240,5x2 (47x125mm) C24 Treated Timber - 3.6m,Timber,Custom,,Length,,3.6,M
808BAD57-009A-5CC4-A784-BB4F4D67F753,5x2 (47x125mm) C24 Treated Timber - 4.2m,Timber,Custom,,Length,,4.2,M
4C6AAFF6-3945-5A5E-920B-ED9B00DBB6B7,5x2 (47x125mm) C24 Treated Timber - 4.8m,Timber,Custom,,Length,,4.800000000000001,M
D107E0CC-76B8-5A4A-8105-0D9A261F41E3,5x2 (47x125mm) C24 Treated Timber - 5.4m,Timber,Custom,,Length,,5.4,M
AFD75F81-3D28-5F30-BD2B-4D80835F487A,5x2 (47x125mm) C24 Treated Timber - 6.0m,Timber,Custom,,Length,,6,M
9BDAECED-53A4-57FF-9C44-58586A7C4D4A,6x2 (47x150mm) C24 Treated Timber - 2.4m,Timber,Custom,,Length,,2.4000000000000004,M
FE7A5AB6-C7F3-5DAC-9968-D98E97330819,6x2 (47x150mm) C24 Treated Timber - 3.0m,Timber,Custom,,Length,,3,M
42601248-0C78-5231-A7A6-78045C5679D0,6x2 (47x150mm) C24 Treated Timber - 3.6m,Timber,Custom,,Length,,3.6,M
AB67F291-B2BA-59A3-B069-A2680A8926DF,6x2 (47x150mm) C24 Treated Timber - 4.2m,Timber,Custom,,Length,,4.2,M
D055B73C-A205-5D5F-A814-80EBCEA13545,6x2 (47x150mm) C24 Treated Timber - 4.8m,Timber,Custom,,Length,,4.800000000000001,M
AE4795C4-0A34-57F4-9931-E8BBC033B9DB,6x2 (47x150mm) C24 Treated Timber - 5.4m,Timber,Custom,,Length,,5.4,M
0B145432-0C7E-5571-961C-207CD8DFF1C7,6x2 (47x150mm) C24 Treated Timber - 6.0m,Timber,Custom,,Length,,6,M
9BFD0E9C-99AB-5B9B-B7E2-6AFA86D4EE84,7x2 (47x175mm) C24 Treated Timber - 2.4m,Timber,Custom,,Length,,2.4000000000000004,M
442CE7D7-7968-5B28-8AB6-F610280A187F,7x2 (47x175mm) C24 Treated Timber - 3.0m,Timber,Custom,,Length,,3,M
2358D5B0-678E-5C3F-96FC-68709FDF9099,7x2 (47x175mm) C24 Treated Timber - 3.6m,Timber,Custom,,Length,,3.6,M
49B19D4C-9A52-57E2-9426-3D9733A1B181,7x2 (47x175mm) C24 Treated Timber - 4.2m,Timber,Custom,,Length,,4.2,M
302EB872-1C58-5752-9B07-EC57899292BB,7x2 (47x175mm) C24 Treated Timber - 4.8m,Timber,Custom,,Length,,4.800000000000001,M
E2B1DE24-7A0C-599E-A5CF-CB2B76F56E67,7x2 (47x175mm) C24 Treated Timber - 5.4m,Timber,Custom,,Length,,5.4,M
BE5B0B63-2652-5CE8-A026-70704E01F38B,7x2 (47x175mm) C24 Treated Timber - 6.0m,Timber,Custom,,Length,,6,M
EC700C48-8FE6-5C13-835A-4085664D323E,8x2 (47x200mm) C24 Treated Timber - 2.4m,Timber,Custom,,Length,,2.4000000000000004,M
6246BFA3-9A8D-5DD6-A592-44898BF90400,8x2 (47x200mm) C24 Treated Timber - 3.0m,Timber,Custom,,Length,,3,M
8EFEBEBC-1E9E-524C-AA8B-6237AE436D6B,8x2 (47x200mm) C24 Treated Timber - 3.6m,Timber,Custom,,Length,,3.6,M
19D88C9F-FDD7-555F-8539-D5A61A0651D9,8x2 (47x200mm) C24 Treated Timber - 4.2m,Timber,Custom,,Length,,4.2,M
6FCB43DD-D9E5-5D9E-9AED-C159C238C723,8x2 (47x200mm) C24 Treated Timber - 4.8m,Timber,Custom,,Length,,4.800000000000001,M
68A78EAE-5C15-501E-BDDD-2DAEAA8402EF,8x2 (47x200mm) C24 Treated Timber - 5.4m,Timber,Custom,,Length,,5.4,M
92744BAC-FDC0-5337-8AB6-90FA5B9636FC,8x2 (47x200mm) C24 Treated Timber - 6.0m,Timber,Custom,,Length,,6,M
6DCC1BEA-3BD1-52EA-8D79-F69294076033,9x2 (47x225mm) C24 Treated Timber - 2.4m,Timber,Custom,,Length,,2.4000000000000004,M
7598B591-E5FC-5C94-AE8A-4E3D9ABDA7A8,9x2 (47x225mm) C24 Treated Timber - 3.0m,Timber,Custom,,Length,,3,M
B5DD9888-1DC3-5EA4-BF9E-5ABB67BC7E28,9x2 (47x225mm) C24 Treated Timber - 3.6m,Timber,Custom,,Length,,3.6,M
3C0DBF0F-F576-59A2-BD52-137A36A64960,9x2 (47x225mm) C24 Treated Timber - 4.2m,Timber,Custom,,Length,,4.2,M
B836B3D6-AEFD-515E-A6F7-C373820CC95B,9x2 (47x225mm) C24 Treated Timber - 4.8m,Timber,Custom,,Length,,4.800000000000001,M
F8486531-B631-509C-9F82-DC1D21C8F8B7,9x2 (47x225mm) C24 Treated Timber - 5.4m,Timber,Custom,,Length,,5.4,M
ADA8A59F-3641-5B6F-B91C-6E83D621732E,9x2 (47x225mm) C24 Treated Timber - 6.0m,Timber,Custom,,Length,,6,M
E9651ABB-7040-59F6-A315-CE05CE291215,3x2 (47x75mm) C16 Treated Timber - 2.4m,Timber,Custom,,Length,,2.4000000000000004,M
932AB9BA-A0D6-5246-8F10-DD0A3B085F0F,3x2 (47x75mm) C16 Treated Timber - 3.0m,Timber,Custom,,Length,,3,M
5E25E60B-6529-51B5-9BC0-E5041022F637,3x2 (47x75mm) C16 Treated Timber - 3.6m,Timber,Custom,,Length,,3.6,M
08CBAA0F-310D-5B85-A396-2F14C7EB676A,3x2 (47x75mm) C16 Treated Timber - 4.2m,Timber,Custom,,Length,,4.2,M
3D69A56E-7BD8-5F17-BEE9-0949BC4D8671,3x2 (47x75mm) C16 Treated Timber - 4.8m,Timber,Custom,,Length,,4.800000000000001,M
C4113260-F1BB-5E38-8123-339E7321C182,4x2 (47x100mm) C16 Treated Timber - 2.4m,Timber,Custom,,Length,,2.4000000000000004,M
7D01ABA1-0D34-5FEB-8E48-BC5ECA6B41E8,4x2 (47x100mm) C16 Treated Timber - 3.0m,Timber,Custom,,Length,,3,M
A4970966-5493-5BE7-8155-1F25701350D0,4x2 (47x100mm) C16 Treated Timber - 3.6m,Timber,Custom,,Length,,3.6,M
38A61E71-7682-5C36-B8E9-C9AB850B816D,4x2 (47x100mm) C16 Treated Timber - 4.2m,Timber,Custom,,Length,,4.2,M
26858A09-78EC-5868-BBD0-013AD8C5146F,4x2 (47x100mm) C16 Treated Timber - 4.8m,Timber,Custom,,Length,,4.800000000000001,M
16672CC3-7756-5B22-8EA8-AF58B9A4F403,2x2 (47x50mm) C16 Treated Timber - 2.4m,Timber,Custom,,Length,,2.4000000000000004,M
D9BE018C-6950-5833-A6FA-22007070409B,2x2 (47x50mm) C16 Treated Timber - 3.0m,Timber,Custom,,Length,,3,M
6511BEE6-9E6B-5135-919A-66BAA092CA77,2x2 (47x50mm) C16 Treated Timber - 3.6m,Timber,Custom,,Length,,3.6,M
79FAA5BB-A13C-56C1-8513-8F6DC7F8908F,2x2 (47x50mm) C16 Treated Timber - 4.8m,Timber,Custom,,Length,,4.800000000000001,M
78D4F598-4BAD-50EE-824A-55A55A303140,3x2 (38x63mm) CLS Studwork Timber C16 - 2.4m,Timber,Custom,,Length,,2.4000000000000004,M
9793D79C-0195-5581-9577-561E4E22A723,3x2 (38x63mm) CLS Studwork Timber C16 - 3.0m,Timber,Custom,,Length,,3,M
F5B96629-68D8-5984-8D89-9B2BFFFB8CBB,3x2 (38x63mm) CLS Studwork Timber C16 - 3.6m,Timber,Custom,,Length,,3.6,M
7912E0C2-B0C9-5465-B6BC-1A72026644A3,3x2 (38x63mm) CLS Studwork Timber C16 - 4.8m,Timber,Custom,,Length,,4.800000000000001,M
E5834B70-7D64-50DB-8917-9987C12DF014,4x2 (38x89mm) CLS Studwork Timber C16 - 2.4m,Timber,Custom,,Length,,2.4000000000000004,M
7E35794B-7429-5A5A-9EBF-55C5F088B6BB,4x2 (38x89mm) CLS Studwork Timber C16 - 3.0m,Timber,Custom,,Length,,3,M
5A98F101-0135-5EB6-9D96-06949D7B7D4C,4x2 (38x89mm) CLS Studwork Timber C16 - 3.6m,Timber,Custom,,Length,,3.6,M
A77CF6AD-E000-52BB-8529-09750F0CB504,4x2 (38x89mm) CLS Studwork Timber C16 - 4.8m,Timber,Custom,,Length,,4.800000000000001,M
C6C63908-426B-5C30-8358-672FF9314727,6x2 (38x140mm) CLS Studwork Timber C16 - 2.4m,Timber,Custom,,Length,,2.4000000000000004,M
54962980-84AF-5F7A-9F84-11E37D1CA023,6x2 (38x140mm) CLS Studwork Timber C16 - 3.0m,Timber,Custom,,Length,,3,M
10784C96-D266-5A5D-858C-6BA2F02BAEFF,6x2 (38x140mm) CLS Studwork Timber C16 - 3.6m,Timber,Custom,,Length,,3.6,M
B4B440E9-C1CA-5878-B09D-96A860CA9EED,6x2 (38x140mm) CLS Studwork Timber C16 - 4.8m,Timber,Custom,,Length,,4.800000000000001,M
5A79FD80-369F-5317-96BA-0E34641397C8,1.5x1 (25x38mm) Treated Roofing Batten BS5534 - 3.6m,Timber,Custom,,Length,,3.6,M
619219D5-F4CC-57B9-9C4F-E97D90A99DF8,1.5x1 (25x38mm) Treated Roofing Batten BS5534 - 4.8m,Timber,Custom,,Length,,4.800000000000001,M
43EF800C-BF1E-504B-956B-6FBC076B05CF,2x1 (25x50mm) Treated Roofing Batten BS5534 - 3.6m,Timber,Custom,,Length,,3.6,M
8EDBD3A8-A0AB-5394-B94F-4D0D1BDEA72B,2x1 (25x50mm) Treated Roofing Batten BS5534 - 4.8m,Timber,Custom,,Length,,4.800000000000001,M
48ED4FB2-79D9-54B6-B820-FD791AB99803,3x3 (75x75mm) Treated Timber Post - 1.8m,Timber,Custom,,Length,,1.8,M
EB23C3A8-93E9-52E3-9D4E-A7D5796F53E0,3x3 (75x75mm) Treated Timber Post - 2.4m,Timber,Custom,,Length,,2.4000000000000004,M
62199095-E56B-5A02-9A05-A6B3294CA804,3x3 (75x75mm) Treated Timber Post - 3.0m,Timber,Custom,,Length,,3,M
509A60C3-2FDF-59B2-93DA-EADD4B4BBAE8,4x4 (100x100mm) Treated Timber Post - 2.4m,Timber,Custom,,Length,,2.4000000000000004,M
84E8D7D6-C3AD-5BEE-ADBD-4EF94D4DF6E9,4x4 (100x100mm) Treated Timber Post - 3.0m,Timber,Custom,,Length,,3,M
7DE6CF4B-A137-5421-BE5F-991BC99F8AC2,18x44mm PAR Redwood Planed Timber - 2.4m,Timber,Custom,,Length,,2.4000000000000004,M
8B64D851-7E28-5854-A11D-4B0BDBD56887,18x44mm PAR Redwood Planed Timber - 3.0m,Timber,Custom,,Length,,3,M
DC0947DD-D8F3-5CB8-A1E7-24FD0A1936F4,18x69mm PAR Redwood Planed Timber - 2.4m,Timber,Custom,,Length,,2.4000000000000004,M
25A1955C-69E7-52BD-89FE-2D64C3E712C6,18x69mm PAR Redwood Planed Timber - 3.0m,Timber,Custom,,Length,,3,M
91BE80C0-0594-59B5-AE67-7A255508E788,18x94mm PAR Redwood Planed Timber - 2.4m,Timber,Custom,,Length,,2.4000000000000004,M
5E020523-DC58-58E3-9682-3D6B88808E20,18x94mm PAR Redwood Planed Timber - 3.0m,Timber,Custom,,Length,,3,M
4ADEC587-53C2-50DC-AEAA-C3BA9797C8A6,18x144mm PAR Redwood Planed Timber - 2.4m,Timber,Custom,,Length,,2.4000000000000004,M
D889690B-9B4D-51D6-9EE4-778F69AF4678,18x144mm PAR Redwood Planed Timber - 3.0m,Timber,Custom,,Length,,3,M
4D121E00-8091-53A6-8A9A-816D5C107277,44x44mm PAR Redwood Planed Timber - 2.4m,Timber,Custom,,Length,,2.4000000000000004,M
EC5B98B7-6142-5018-8CFF-03A6711DCFE3,44x44mm PAR Redwood Planed Timber - 3.0m,Timber,Custom,,Length,,3,M
9B2B8118-24B5-51C7-95B1-0544A4DF0119,9mm OSB3 Board 2440x1220mm,Sheet Materials,Custom,,Number,2440x1220MM,,
8EA5621D-8A56-51FD-B446-78764D79983C,11mm OSB3 Board 2440x1220mm,Sheet Materials,Custom,,Number,2440x1220MM,,
58DAC31F-AFFE-514D-9A45-5E74ECF31E27,18mm OSB3 Board 2440x1220mm,Sheet Materials,Custom,,Number,2440x1220MM,,
393CF457-0A66-5762-A755-87ECE9080F80,18mm OSB3 T&G Board 2397x600mm,Sheet Materials,Custom,,Number,2397x600MM,,
D7217E84-DBD4-52AB-B3FC-DAC485CFE9BF,5.5mm Hardwood Faced Plywood 2440x1220mm,Sheet Materials,Custom,,Number,2440x1220MM,,
B98D34C4-9F03-5CFF-8FE4-42CA3DC2F31A,9mm Hardwood Faced Plywood 2440x1220mm,Sheet Materials,Custom,,Number,2440x1220MM,,
13EB60E9-8ADB-5FDE-809F-0A293A92BAD8,12mm Hardwood Faced Plywood 2440x1220mm,Sheet Materials,Custom,,Number,2440x1220MM,,
3A8D9B92-D4BC-5569-BA17-EDC4418776D9,18mm Hardwood Faced Plywood 2440x1220mm,Sheet Materials,Custom,,Number,2440x1220MM,,
FC337376-067A-519E-9321-F4EA8C24A8F8,25mm Hardwood Faced Plywood 2440x1220mm,Sheet Materials,Custom,,Number,2440x1220MM,,
17EF5231-0EB1-5ECD-8B7F-DD6A30B1F343,12mm Softwood Structural Plywood 2440x1220mm,Sheet Materials,Custom,,Number,2440x1220MM,,
A0C621AB-9F07-5189-B2B8-11B356E625D6,12mm Marine Plywood 2440x1220mm,Sheet Materials,Custom,,Number,2440x1220MM,,
91294422-74D1-5547-927F-C22D6B227D04,18mm Softwood Structural Plywood 2440x1220mm,Sheet Materials,Custom,,Number,2440x1220MM,,
2C3A0DB1-A892-535E-8FCC-6B3F798076F3,18mm Marine Plywood 2440x1220mm,Sheet Materials,Custom,,Number,2440x1220MM,,
0B3983D8-2FA8-54A9-87D3-E6A9888C2DA6,18mm Shuttering Plywood 2440x1220mm,Sheet Materials,Custom,,Number,2440x1220MM,,
D387F30E-03E8-5EE4-B0CD-8C53F89C4B0F,18mm Fire Retardant Plywood 2440x1220mm,Sheet Materials,Custom,,Number,2440x1220MM,,
6CB464A3-4FD0-5CE7-972C-398BBD3DD0F6,6mm MDF Board 2440x1220mm,Sheet Materials,Custom,,Number,2440x1220MM,,
91262B14-DCF0-5E8B-A48F-3F8FCFAD3298,9mm MDF Board 2440x1220mm,Sheet Materials,Custom,,Number,2440x1220MM,,
B45D1B42-F52C-500E-AF56-009A4910E652,12mm MDF Board 2440x1220mm,Sheet Materials,Custom,,Number,2440x1220MM,,
A2D32534-BCE1-5435-8EC5-B208F47B3EF4,18mm MDF Board 2440x1220mm,Sheet Materials,Custom,,Number,2440x1220MM,,
29591468-B50A-5ED2-94EA-FBE516A44582,25mm MDF Board 2440x1220mm,Sheet Materials,Custom,,Number,2440x1220MM,,
2167D3A2-C9BA-55B8-A826-AC16B1F3B4A0,18mm Moisture Resistant MDF Board 2440x1220mm,Sheet Materials,Custom,,Number,2440x1220MM,,
BE7301BB-A09E-5BFD-8CD6-9EAFB85DED8A,18mm Chipboard Flooring P5 T&G 2400x600mm,Sheet Materials,Custom,,Number,2400x600MM,,
3BD819EF-F112-5CA4-8DFF-C17BE2313115,22mm Chipboard Flooring P5 T&G 2400x600mm,Sheet Materials,Custom,,Number,2400x600MM,,
8C042E94-F3F4-5FC1-8F9C-5B7903102D9F,3.2mm Hardboard 2440x1220mm,Sheet Materials,Custom,,Number,2440x1220MM,,
13448205-E455-521B-A4BC-E612E104D109,12mm Cement Particle Board 2400x1200mm,Sheet Materials,Custom,,Number,2400x1200MM,,
4F9554A1-ABA2-5044-B5B4-688DD237597B,10mm XPS Tile Backer Board 1200x600mm,Sheet Materials,Custom,,Number,1200x600MM,,
35F6397A-C54E-5336-9EBA-0AAEE100BBDD,20mm XPS Tile Backer Board 1200x600mm,Sheet Materials,Custom,,Number,1200x600MM,,
BF4E3368-7DB8-5821-9798-7B634A0B76C7,12mm Cement Tile Backer Board 1200x800mm,Sheet Materials,Custom,,Number,1200x800MM,,
F5E9155E-AB04-59E8-9864-182243A7F87C,Class B Engineering Brick Red Solid 65mm,Bricks & Blocks,Custom,,Number,1.0,,
B524D3BB-0104-5B3B-89EB-7121F9463CC4,Class B Engineering Brick Red Perforated 65mm,Bricks & Blocks,Custom,,Number,1.0,,
F4D726ED-B917-5F5D-A43C-236F8053DF40,Class A Engineering Brick Blue Solid 65mm,Bricks & Blocks,Custom,,Number,1.0,,
478AC953-64C6-54CA-BF6E-48425E5B9F8F,Facing Brick Red Multi Stock 65mm,Bricks & Blocks,Custom,,Number,1.0,,
1B92C3F7-7CE2-5C2A-B994-20B1A482C82B,Common Brick 65mm,Bricks & Blocks,Custom,,Number,1.0,,
2CD70F89-63A8-521A-B26F-C47FAE459C7F,Concrete Common Brick 65mm,Bricks & Blocks,Custom,,Number,1.0,,
05E29175-4ADC-522B-A510-A447F4BC33C2,100mm Dense Concrete Block 7.3N Solid 440x215mm,Bricks & Blocks,Custom,,Number,1.0,,
33B764FA-9B9C-52B4-A77A-EDFD489121F5,140mm Dense Concrete Block 7.3N Solid 440x215mm,Bricks & Blocks,Custom,,Number,1.0,,
C91D025F-169E-51F5-B0D1-0499D638410C,215mm Hollow Concrete Block 7.3N 440x215mm,Bricks & Blocks,Custom,,Number,1.0,,
366028E0-4E01-5775-90CF-EE1DD3A2EE13,100mm Medium Density Concrete Block 3.6N 440x215mm,Bricks & Blocks,Custom,,Number,1.0,,
32F735F5-6D10-57BA-8BCE-A118125A773C,100mm Aircrete Block 3.6N 440x215mm,Bricks & Blocks,Custom,,Number,1.0,,
39B18496-9BFA-512C-AAAF-7BB9F31DCF26,100mm Aircrete Block 7.0N 440x215mm,Bricks & Blocks,Custom,,Number,1.0,,
D0CCBFFD-2DB3-5F7D-AD9A-BBF7927DB7DD,140mm Aircrete Block 3.6N 440x215mm,Bricks & Blocks,Custom,,Number,1.0,,
F04501BC-6B9D-5F2D-9964-B31F9ABF3166,215mm Aircrete Block 3.6N 440x215mm,Bricks & Blocks,Custom,,Number,1.0,,
B87B1E14-EB61-5EB2-B42C-965E142E442A,255mm Concrete Trench Block,Bricks & Blocks,Custom,,Number,1.0,,
2B009FCE-D61A-5B5D-B8A6-1E694BCE08B7,275mm Concrete Trench Block,Bricks & Blocks,Custom,,Number,1.0,,
21145ECB-E046-5F77-8CDD-B83502EE6BF3,300mm Concrete Trench Block,Bricks & Blocks,Custom,,Number,1.0,,
3574D3E8-5A22-557D-85CA-CDCA374C0A81,Concrete Padstone 215x100x65mm,Bricks & Blocks,Custom,,Number,1.0,,
56121499-6BE7-52D6-B652-AB2D003B6E59,Concrete Padstone 440x100x140mm,Bricks & Blocks,Custom,,Number,1.0,,
265C493D-23BF-511F-B0AB-B9D8DA356A6B,Prestressed Concrete Lintel 100x65mm x 600mm,Bricks & Blocks,Custom,,Number,1.0,,
A2341EC3-66EE-5943-9801-AEFDE0E22C37,Prestressed Concrete Lintel 100x65mm x 900mm,Bricks & Blocks,Custom,,Number,1.0,,
B6BCB42E-4737-530B-8AC5-F1F5DB565D1F,Prestressed Concrete Lintel 100x65mm x 1200mm,Bricks & Blocks,Custom,,Number,1.0,,
2803259D-9D8E-5E09-B4AF-73F56146FB99,Prestressed Concrete Lintel 100x65mm x 1500mm,Bricks & Blocks,Custom,,Number,1.0,,
9D4BEC75-6785-56BA-8104-CD6440922CF2,Prestressed Concrete Lintel 100x65mm x 1800mm,Bricks & Blocks,Custom,,Number,1.0,,
60595E93-063A-58C8-A37E-300EC1163572,Prestressed Concrete Lintel 100x65mm x 2100mm,Bricks & Blocks,Custom,,Number,1.0,,
BAE7CBFB-24D3-532F-9F4D-A7F47AFC3A7B,Prestressed Concrete Lintel 100x65mm x 2400mm,Bricks & Blocks,Custom,,Number,1.0,,
4647E6DA-4FB9-5D54-8619-F345F9C5E81C,Steel Cavity Lintel Standard Duty 1200mm,Bricks & Blocks,Custom,,Number,1.0,,
9CC1B50D-D25C-5BCF-98F9-66BE077FD4A2,Steel Cavity Lintel Standard Duty 1500mm,Bricks & Blocks,Custom,,Number,1.0,,
62E7A49C-4DC0-5403-9B81-2B3CD3CF2A09,Steel Cavity Lintel Standard Duty 1800mm,Bricks & Blocks,Custom,,Number,1.0,,
B5484EE5-762F-53F9-B0F5-E57279CAC581,Steel Cavity Lintel Standard Duty 2100mm,Bricks & Blocks,Custom,,Number,1.0,,
51960889-0FA3-5B7E-8786-37EDD6EBD324,Steel Cavity Lintel Standard Duty 2400mm,Bricks & Blocks,Custom,,Number,1.0,,
CBECD49F-6A01-5855-B60A-503762CBF782,Stainless Steel Cavity Wall Tie Type 2 225mm,Bricks & Blocks,Custom,,Box,,,
EA06954C-49DC-5D8E-AA1A-9253638F1378,Stainless Steel Housing Wall Tie Type 4 225mm,Bricks & Blocks,Custom,,Box,,,
580AAF7A-521A-529A-9387-01175CA3F962,Stainless Steel Wall Starter Kit,Bricks & Blocks,Custom,,Number,1.0,,
F68CD5B2-E50E-57B5-AB43-B7A305E5724F,Insulated Cavity Closer 100mm - 2.4m,Bricks & Blocks,Custom,,Length,,2.4000000000000004,M
A927CF8C-91BE-5773-9BAA-C7358E206424,DPC Roll 100mm x 30m,Bricks & Blocks,Custom,,Number,1.0,,
4B07450B-53CC-5EAF-81ED-ADD09333241A,DPC Roll 112.5mm x 30m,Bricks & Blocks,Custom,,Number,1.0,,
05EB2D2E-F93C-56E2-800F-DD5921188543,DPC Roll 150mm x 30m,Bricks & Blocks,Custom,,Number,1.0,,
3B113479-F6AF-5318-9B17-7571D99F55EA,Cavity Weep Vent,Bricks & Blocks,Custom,,Box,,,
7A31221F-270A-53DF-BE25-10C810F1996A,Terracotta Air Brick 215x65mm,Bricks & Blocks,Custom,,Number,1.0,,
77CC3F1D-1F57-529F-BA7F-3A980D5452A6,Plastic Air Brick 215x140mm,Bricks & Blocks,Custom,,Number,1.0,,
1030ABA1-1FD8-5459-B382-F7E3206C897C,Telescopic Underfloor Vent,Bricks & Blocks,Custom,,Number,1.0,,
F59F2104-76E5-5054-BD04-C60D50E7053C,General Purpose Cement - Paper Bag,Cement & Concrete,Custom,,Number,25KG,,
13C9097E-ADAA-5E7B-82D6-AC5FA7E597FB,General Purpose Cement - Plastic Bag,Cement & Concrete,Custom,,Number,25KG,,
95E3B8DA-27F4-5B29-9606-FAB21454EF74,Premium Air-Entrained Cement - Paper Bag,Cement & Concrete,Custom,,Number,25KG,,
AA368185-2925-59EA-A8A3-F8CF7F151365,Premium Air-Entrained Cement - Plastic Bag,Cement & Concrete,Custom,,Number,25KG,,
178FF5B9-7F2C-5DC6-99B1-0D0DA7DCC960,Premium Air-Entrained Cement - Tough Paper Bag (Weather Resistant),Cement & Concrete,Custom,,Number,25KG,,
C8A6F345-1981-53C9-85FE-C1674CCC4DDB,Rapid Set Cement - Plastic Bag,Cement & Concrete,Custom,,Number,25KG,,
F2440002-B1E7-5B0C-8A94-9769CB8F9944,White Cement - Paper Bag,Cement & Concrete,Custom,,Number,25KG,,
51728B7D-84ED-51EC-8EF3-FC3A35D7A49F,Concrete Mix (Bagged),Cement & Concrete,Custom,,Number,25KG,,
FB61DDCE-8C22-54F6-B30C-B9D79CBABBE6,Mortar Mix (Bagged),Cement & Concrete,Custom,,Number,25KG,,
439C1F46-9C44-509B-A1AC-C8C8DB26ABCD,Hydrated Lime,Cement & Concrete,Custom,,Number,25KG,,
578CDD28-714D-5E76-9D1A-33B762D22535,Non-Shrink Grout,Cement & Concrete,Custom,,Number,25KG,,
D4DC5CB5-46C6-5DC5-B9F0-17FC60E49119,Rapid Set Repair Mortar,Cement & Concrete,Custom,,Number,25KG,,
5FDF0891-50BB-55E7-A55F-05A1E8F586ED,Building Sand Handy Bag,Cement & Concrete,Custom,,Number,25KG,,
2C7F7435-ACCE-5965-8052-B093D9E4A6AD,Sharp Sand Handy Bag,Cement & Concrete,Custom,,Number,25KG,,
0E1446DA-9464-58E3-BF59-C2DD152F7C0C,Ballast 20mm All-In Handy Bag,Cement & Concrete,Custom,,Number,25KG,,
89350596-3F2C-56A8-BA4C-961FA3B5DE51,Rapid Set Post Mix,Cement & Concrete,Custom,,Number,20KG,,
82FADE4E-169F-5CEE-9F0B-6677125ECC61,Building Sand Bulk Bag,Cement & Concrete,Custom,,Number,850KG,,
D7EA3C5F-61DB-5555-A39E-E43D9A4209E7,Sharp Sand Bulk Bag,Cement & Concrete,Custom,,Number,850KG,,
80703255-3C77-5CF5-BC2F-811FB5756102,Plastering Sand Bulk Bag,Cement & Concrete,Custom,,Number,850KG,,
02A9F417-0968-5589-9893-805074002A5B,Ballast 20mm All-In Bulk Bag,Cement & Concrete,Custom,,Number,850KG,,
BCA1E29A-2607-5C01-9B13-53D848D05468,Ready Mixed Concrete C20,Cement & Concrete,Custom,,Number,1M3,,
2B12B16C-F7A5-574F-8B2D-A10340AD547E,Ready Mixed Concrete C25,Cement & Concrete,Custom,,Number,1M3,,
C44C4C21-0B96-57BC-ACA6-D600A9EE9B9C,Ready Mixed Concrete C30,Cement & Concrete,Custom,,Number,1M3,,
8BA9A309-0301-5C84-BB06-E3DB2581A30C,Ready Mixed Concrete C35,Cement & Concrete,Custom,,Number,1M3,,
2CD679C1-0374-52E3-8BE9-80E9B99EEA11,Mortar Plasticiser,Cement & Concrete,Custom,,Number,5L,,
DC3E56BC-AB61-55E2-AEF5-C6EFE1F957A3,SBR Bonding Agent,Cement & Concrete,Custom,,Number,5L,,
70DD823A-F460-5687-8970-6486D5E5D988,Integral Waterproofer,Cement & Concrete,Custom,,Number,5L,,
A5E77C5B-41CC-54E3-9186-D8340B9FECBA,Frost Proofer,Cement & Concrete,Custom,,Number,5L,,
9A9ED39B-F7A6-5838-B26A-4F94DAC1CC6B,8mm Rebar B500B High Yield - 6m,Cement & Concrete,Custom,,Length,,6,M
ACC6AED7-028A-5093-8AE7-15B1377283EB,10mm Rebar B500B High Yield - 6m,Cement & Concrete,Custom,,Length,,6,M
A7FA731F-88BB-572F-91CC-5198AD2BDE44,12mm Rebar B500B High Yield - 6m,Cement & Concrete,Custom,,Length,,6,M
30C3743D-1835-5997-ADD1-F5B3CA13CFC8,16mm Rebar B500B High Yield - 6m,Cement & Concrete,Custom,,Length,,6,M
8BA1A799-EB99-55A9-B06A-9C1EEE62AFDA,20mm Rebar B500B High Yield - 6m,Cement & Concrete,Custom,,Length,,6,M
4E8BD120-C8E9-5800-B090-9509B312781A,25mm Rebar B500B High Yield - 6m,Cement & Concrete,Custom,,Length,,6,M
013B461F-CEDD-5B46-ACEC-C2791E665F5F,A142 Steel Reinforcement Mesh 4.8x2.4m,Cement & Concrete,Custom,,Number,4800x2400MM,,
33A65751-AF59-5F02-92BD-58F8F2A1BDAB,A193 Steel Reinforcement Mesh 4.8x2.4m,Cement & Concrete,Custom,,Number,4800x2400MM,,
630DC6F9-3115-58CC-A18C-6689AAD8B0B5,A252 Steel Reinforcement Mesh 4.8x2.4m,Cement & Concrete,Custom,,Number,4800x2400MM,,
43F4DA7B-401E-5815-A355-F2DC78405671,A393 Steel Reinforcement Mesh 4.8x2.4m,Cement & Concrete,Custom,,Number,4800x2400MM,,
4839D852-BBD2-5A73-861F-E7E04E1E548F,Rebar Spacer Chair 50mm,Cement & Concrete,Custom,,Box,,,
00391291-466E-5C25-9568-3B0F282798E1,Rebar Tie Wire Coil,Cement & Concrete,Custom,,Number,1.0,,
73AD4558-E453-528B-BD10-68FA8C27ACEA,DPM Polythene 1200 Gauge 4x25m,Cement & Concrete,Custom,,Number,1.0,,
30072781-CB88-52D8-9B1D-950269F052B2,Expansion Joint Filler Board 10mm x 100mm,Cement & Concrete,Custom,,Number,1.0,,
E21CBFA4-B844-568C-8230-E5B258F3FFF8,9.5mm Standard Plasterboard Tapered Edge 2400x1200mm,Plasterboard,Custom,,Number,2400x1200MM,,
B5DBE13E-A14F-59D4-A6C9-8155574C7115,9.5mm Standard Plasterboard Square Edge 1800x900mm,Plasterboard,Custom,,Number,1800x900MM,,
02028CB2-8584-58E3-B6AD-6EFC5AB1B20D,12.5mm Standard Plasterboard Tapered Edge 2400x1200mm,Plasterboard,Custom,,Number,2400x1200MM,,
759A6141-6147-5BDE-83BA-3A0EF1FBFE82,12.5mm Standard Plasterboard Tapered Edge 2700x1200mm,Plasterboard,Custom,,Number,2700x1200MM,,
B76B4B75-7291-58B5-B378-7A9249B525DA,12.5mm Standard Plasterboard Tapered Edge 3000x1200mm,Plasterboard,Custom,,Number,3000x1200MM,,
C09797DA-3817-5E93-85C5-189AF3C51F4F,12.5mm Standard Plasterboard Square Edge 2400x1200mm,Plasterboard,Custom,,Number,2400x1200MM,,
E3FD638B-46C4-522B-9CDC-CC62D6DE7F6D,12.5mm Standard Plasterboard Square Edge 1800x900mm,Plasterboard,Custom,,Number,1800x900MM,,
15E7C68B-C681-5E01-9201-D8F59685298B,15mm Standard Plasterboard Tapered Edge 2400x1200mm,Plasterboard,Custom,,Number,2400x1200MM,,
878249A7-4F52-5135-AC5B-43129B91852F,15mm Standard Plasterboard Tapered Edge 2700x1200mm,Plasterboard,Custom,,Number,2700x1200MM,,
0A958672-8F8B-5938-BDD8-DC1FDBC45815,15mm Standard Plasterboard Tapered Edge 3000x1200mm,Plasterboard,Custom,,Number,3000x1200MM,,
88678432-812A-5719-8A5F-4514FC730E44,12.5mm Moisture Resistant Plasterboard Tapered Edge 2400x1200mm,Plasterboard,Custom,,Number,2400x1200MM,,
5BEAD2AE-9CC6-5767-ABFE-0DE1148BB2DB,15mm Moisture Resistant Plasterboard Tapered Edge 2400x1200mm,Plasterboard,Custom,,Number,2400x1200MM,,
FA8416A7-5A9E-5641-B045-F2ECDDFA20BB,12.5mm Fire Resistant Plasterboard Tapered Edge 2400x1200mm,Plasterboard,Custom,,Number,2400x1200MM,,
F9AE244F-B484-517B-A885-98A44302B1C9,12.5mm Fire Resistant Plasterboard Tapered Edge 2700x1200mm,Plasterboard,Custom,,Number,2700x1200MM,,
ECC42C03-0970-5BBF-A9DB-28CCD4E9B902,15mm Fire Resistant Plasterboard Tapered Edge 2400x1200mm,Plasterboard,Custom,,Number,2400x1200MM,,
AD8FF065-2BEB-5E2F-AC40-7FB2EDDCCBBC,15mm Fire Resistant Plasterboard Tapered Edge 2700x1200mm,Plasterboard,Custom,,Number,2700x1200MM,,
6219E00A-DFB4-5AAF-AFE7-29953D3E3CAC,15mm Fire Resistant Plasterboard Tapered Edge 3000x1200mm,Plasterboard,Custom,,Number,3000x1200MM,,
07373567-FEB4-535B-B29F-F16307453A7F,12.5mm Acoustic Plasterboard Tapered Edge 2400x1200mm,Plasterboard,Custom,,Number,2400x1200MM,,
4D10C9B4-EE90-5FF9-A0A8-C3656B9C12A8,15mm Acoustic Plasterboard Tapered Edge 2400x1200mm,Plasterboard,Custom,,Number,2400x1200MM,,
DBFD00AA-B611-5E47-B0AB-F42F2C4ACD2D,15mm Acoustic Plasterboard Tapered Edge 2700x1200mm,Plasterboard,Custom,,Number,2700x1200MM,,
EBFDAA34-E4ED-5E90-82C9-256160E22E93,12.5mm Fire & Moisture Resistant Plasterboard Tapered Edge 2400x1200mm,Plasterboard,Custom,,Number,2400x1200MM,,
8678B5C8-6BF6-5975-A0FA-7942C0AA7B53,15mm Fire & Moisture Resistant Plasterboard Tapered Edge 2400x1200mm,Plasterboard,Custom,,Number,2400x1200MM,,
59491F0B-93A7-5E7B-81B5-B221E7A6C560,12.5mm Impact Resistant Plasterboard Tapered Edge 2400x1200mm,Plasterboard,Custom,,Number,2400x1200MM,,
B2948D12-04C1-50C6-B0F2-BA8723C90726,15mm Impact Resistant Plasterboard Tapered Edge 2400x1200mm,Plasterboard,Custom,,Number,2400x1200MM,,
DE644E29-C6D6-5CEF-BE0D-7360F9E9B3F9,37.5mm Insulated Plasterboard PIR (25mm + 12.5mm) 2400x1200mm,Plasterboard,Custom,,Number,2400x1200MM,,
A958B3EE-07A2-59B1-A9E4-04591B9A42FD,52.5mm Insulated Plasterboard PIR (40mm + 12.5mm) 2400x1200mm,Plasterboard,Custom,,Number,2400x1200MM,,
64493CBF-521B-57DB-A42E-60C3592E1BD5,62.5mm Insulated Plasterboard PIR (50mm + 12.5mm) 2400x1200mm,Plasterboard,Custom,,Number,2400x1200MM,,
921F8EFC-530C-58CD-ACC5-8FF07EACF69B,72.5mm Insulated Plasterboard PIR (60mm + 12.5mm) 2400x1200mm,Plasterboard,Custom,,Number,2400x1200MM,,
8FCB93A4-7537-5A1B-B0C8-2B7994C05FD1,48mm Metal C Stud - 2.4m,Plasterboard,Custom,,Length,,2.4000000000000004,M
B0ED0136-05F3-5E00-9C8D-3D7720E93F77,48mm Metal C Stud - 2.7m,Plasterboard,Custom,,Length,,2.7,M
5E45CF4E-E3D3-5011-BB58-71915E50C917,48mm Metal C Stud - 3.0m,Plasterboard,Custom,,Length,,3,M
307392D5-4BF1-5BC5-A130-455C806E7E7F,48mm Metal C Stud - 3.6m,Plasterboard,Custom,,Length,,3.6,M
0A7C9930-3B58-5651-A5ED-BF9825202BE0,70mm Metal C Stud - 2.4m,Plasterboard,Custom,,Length,,2.4000000000000004,M
4063562F-ABEC-5389-BFDF-21A076202298,70mm Metal C Stud - 2.7m,Plasterboard,Custom,,Length,,2.7,M
6D941CE1-8254-5815-BA79-C1C6B7CC0869,70mm Metal C Stud - 3.0m,Plasterboard,Custom,,Length,,3,M
BF0C687A-FDE8-5A62-89CD-11D7E8D40E3B,70mm Metal C Stud - 3.6m,Plasterboard,Custom,,Length,,3.6,M
AA008811-30AF-5FA5-8ACE-2A5BFF80FA27,92mm Metal C Stud - 2.4m,Plasterboard,Custom,,Length,,2.4000000000000004,M
CFCEDC5F-4461-524B-ACC1-60F8727A8D85,92mm Metal C Stud - 2.7m,Plasterboard,Custom,,Length,,2.7,M
D90E11AD-B533-5A3A-9F08-6088018688A6,92mm Metal C Stud - 3.0m,Plasterboard,Custom,,Length,,3,M
2355EF77-647D-5F82-80E2-58E1002FFBBA,92mm Metal C Stud - 3.6m,Plasterboard,Custom,,Length,,3.6,M
61B9C288-64E3-533E-A1D3-C6A49EFC00B1,146mm Metal C Stud - 2.4m,Plasterboard,Custom,,Length,,2.4000000000000004,M
E5986207-964D-5DA8-97EE-9D9467A8AF66,146mm Metal C Stud - 2.7m,Plasterboard,Custom,,Length,,2.7,M
021A818F-3CB9-59E6-A67F-F3EC63EA4B9A,146mm Metal C Stud - 3.0m,Plasterboard,Custom,,Length,,3,M
1A3001E2-52B7-555C-AF5D-58FA566ED56D,146mm Metal C Stud - 3.6m,Plasterboard,Custom,,Length,,3.6,M
AC975ADC-FBA4-5EA3-B8A0-3D82B441F956,50mm Metal U Track - 3.0m,Plasterboard,Custom,,Length,,3,M
9B9876D2-006A-5048-9874-C33339FD1AC1,72mm Metal U Track - 3.0m,Plasterboard,Custom,,Length,,3,M
9BD7DE43-7E96-53D2-A05E-D6F23D2CDE7F,94mm Metal U Track - 3.0m,Plasterboard,Custom,,Length,,3,M
85FCC991-0760-54DB-9904-F4F903EF930D,148mm Metal U Track - 3.0m,Plasterboard,Custom,,Length,,3,M
990A7C1D-A4B7-523B-9851-F654DBE927F3,72mm Metal Deep Flange Track - 3.0m,Plasterboard,Custom,,Length,,3,M
0CD77A87-7F95-5748-9F0A-CDBD8D2FACF8,Resilient Bar - 3.0m,Plasterboard,Custom,,Length,,3,M
656A4251-B57B-5119-AABD-2A9162E51142,Drywall Screw Fine Thread 25mm (Metal Stud),Plasterboard,Custom,,Box,,,
91F7F79F-13A8-5EFA-9C22-7D44DE274472,Drywall Screw Coarse Thread 25mm (Timber),Plasterboard,Custom,,Box,,,
8BB5CE22-B57D-55AC-9CD1-DE713111EF99,Drywall Screw Fine Thread 32mm (Metal Stud),Plasterboard,Custom,,Box,,,
FA55C6B9-497A-5102-A5C1-AFDE2BC962BD,Drywall Screw Coarse Thread 32mm (Timber),Plasterboard,Custom,,Box,,,
EE967FD0-19FD-58A0-8F77-CAD8AAEE40E1,Drywall Screw Fine Thread 38mm (Metal Stud),Plasterboard,Custom,,Box,,,
AB29E10F-2C82-50F9-82F7-9ACB97CE1114,Drywall Screw Coarse Thread 38mm (Timber),Plasterboard,Custom,,Box,,,
203E93B0-B89D-5C3B-9F9A-CD680A4A0A60,Drywall Screw Fine Thread 50mm (Metal Stud),Plasterboard,Custom,,Box,,,
D860B696-12CE-533B-8550-BF6B4FDF15F7,Drywall Screw Coarse Thread 50mm (Timber),Plasterboard,Custom,,Box,,,
E340312E-AEF9-567A-A7F0-5C9567231A3E,Plasterboard Adhesive (Dot & Dab),Plasterboard,Custom,,Number,25KG,,
061ABD9A-AAB1-5A88-869A-A2AF49E885D6,Finish Plaster (Multi-Finish),Plaster & Render,Custom,,Number,25KG,,
364C564A-8E7F-50A4-94D4-1FF17E6EB3E6,Board Finish Plaster,Plaster & Render,Custom,,Number,25KG,,
4C1FD30C-3160-557B-9B5E-E95CF8FE5E3E,Hardwall Undercoat Plaster,Plaster & Render,Custom,,Number,25KG,,
1BD45B49-24C7-5F4C-89DB-F5DD9520E29E,Bonding Undercoat Plaster,Plaster & Render,Custom,,Number,25KG,,
BE8C51E7-040E-52FE-9F9E-1F612FF58E26,Browning Undercoat Plaster,Plaster & Render,Custom,,Number,25KG,,
BB90E7BD-A9A0-5300-A956-ADD140407FA6,One Coat Plaster,Plaster & Render,Custom,,Number,25KG,,
19DA31B0-3C25-5579-8E0C-ADAC6A3DAFCE,Monocouche Render Through Coloured White,Plaster & Render,Custom,,Number,25KG,,
AB75BB01-1A4A-51F0-B759-7DC25F1ADA94,Sand & Cement Render Pre-Mixed,Plaster & Render,Custom,,Number,25KG,,
8C7F0DFA-8099-5D4E-9857-ADF8E5A2833D,Render Base Coat,Plaster & Render,Custom,,Number,25KG,,
ABB7CDC9-78E2-5164-8F0F-1A4F2C13006B,Silicone Thin Coat Render 1.5mm,Plaster & Render,Custom,,Number,25KG,,
7BBDDBB8-C861-573D-B757-0F052FBBEDD1,Jointing Compound Powder (Easi-Fill Type),Plaster & Render,Custom,,Number,10KG,,
51F9501D-F0E3-51B3-AB14-BCB20F3CA1BB,Ready Mixed Joint Compound,Plaster & Render,Custom,,Number,1.0,,
C3D89EF8-E985-5043-A650-D17BDD0FF60D,Thin Coat Angle Bead 3mm - 2.4m,Plaster & Render,Custom,,Length,,2.4000000000000004,M
6771B773-AC72-5E80-985D-80E27A39ECB6,Thin Coat Angle Bead 3mm - 3.0m,Plaster & Render,Custom,,Length,,3,M
1BD1D854-707D-51AC-AC6D-4CB7A8011C68,Plaster Depth Angle Bead 10mm - 2.4m,Plaster & Render,Custom,,Length,,2.4000000000000004,M
D7E895B0-DACD-5EB0-ADDF-0925E50125CC,Plaster Depth Angle Bead 10mm - 3.0m,Plaster & Render,Custom,,Length,,3,M
50A2A483-A742-5CBB-B27F-C947509DDB20,Plaster Stop Bead 10mm - 3.0m,Plaster & Render,Custom,,Length,,3,M
5492A10B-76BF-5EAB-88A4-FB08924D52C0,Plaster Stop Bead 13mm - 3.0m,Plaster & Render,Custom,,Length,,3,M
3DDCC1DF-C786-5B4B-88F7-65D0ECF61A04,PVC Render Stop Bead 10mm - 2.5m,Plaster & Render,Custom,,Length,,2.5,M
50BD3EF8-C679-59B1-9988-A8BC03C0C1F0,PVC Render Stop Bead 15mm - 2.5m,Plaster & Render,Custom,,Length,,2.5,M
145948BF-61F6-5821-9CEB-A8AE46D5CB4B,PVC Render Corner Bead - 2.5m,Plaster & Render,Custom,,Length,,2.5,M
F1CA502C-D6B1-593B-BF37-FC39DC2702D1,Expanded Metal Lath 2500x700mm,Plaster & Render,Custom,,Number,1.0,,
6F5C76FF-4C2B-50E1-8BDC-859629481B4E,Scrim Tape 50mm x 90m,Plaster & Render,Custom,,Number,1.0,,
1816FC8E-8BBB-5DC3-BB70-9FCDB1B2B9B6,Paper Jointing Tape 52mm x 150m,Plaster & Render,Custom,,Number,1.0,,
32957614-F950-5473-8A57-A5F3EDD91252,25mm PIR Insulation Board 2400x1200mm,Insulation,Custom,,Number,2400x1200MM,,
4DAA7F68-96FD-52FB-B113-B67B22762B56,50mm PIR Insulation Board 2400x1200mm,Insulation,Custom,,Number,2400x1200MM,,
FC10C97D-9560-5E65-9DED-E6F5A3003D5C,75mm PIR Insulation Board 2400x1200mm,Insulation,Custom,,Number,2400x1200MM,,
64EF362A-D60E-5064-AE3B-0ABE1CC19ED8,100mm PIR Insulation Board 2400x1200mm,Insulation,Custom,,Number,2400x1200MM,,
1D0BE1D7-9984-565D-927D-BBD58066213B,120mm PIR Insulation Board 2400x1200mm,Insulation,Custom,,Number,2400x1200MM,,
D3939272-6971-558B-9FB1-511ECA2D5880,150mm PIR Insulation Board 2400x1200mm,Insulation,Custom,,Number,2400x1200MM,,
76714D9F-AB67-5A0B-9F62-46FED1FEF258,50mm EPS Floor Insulation Board 2400x1200mm,Insulation,Custom,,Number,2400x1200MM,,
71304B6E-8F8B-5327-9B41-371AE7F381FC,50mm XPS Insulation Board 1250x600mm,Insulation,Custom,,Number,1250x600MM,,
53AAED68-110C-5F82-8DD8-5B8467D7656E,50mm Rock Mineral Wool Slab 1200x600mm,Insulation,Custom,,Number,1200x600MM,,
087A86B6-692B-5E9F-8E77-810C75627347,100mm EPS Floor Insulation Board 2400x1200mm,Insulation,Custom,,Number,2400x1200MM,,
DCC88BA6-9466-5950-A174-2B738D847F1B,100mm XPS Insulation Board 1250x600mm,Insulation,Custom,,Number,1250x600MM,,
F9E42011-AD1B-54DF-B509-5821CF4E19AF,100mm Rock Mineral Wool Slab 1200x600mm,Insulation,Custom,,Number,1200x600MM,,
06DE1649-0A30-57C7-BC9E-087930E7BC98,100mm Mineral Wool Loft Roll,Insulation,Custom,,Number,1.0,,
0E2367F5-762C-5F85-BB00-B80662479D9A,150mm Mineral Wool Loft Roll,Insulation,Custom,,Number,1.0,,
64BEEC2A-6A66-572D-ABB6-F9E99865AED2,170mm Mineral Wool Loft Roll,Insulation,Custom,,Number,1.0,,
846DEB09-0A30-5F75-AC62-CDB954602016,200mm Mineral Wool Loft Roll,Insulation,Custom,,Number,1.0,,
46CD8B1E-8D6B-5A98-96FF-A76CCC9E0ED9,25mm Acoustic Partition Roll,Insulation,Custom,,Number,1.0,,
664DF024-FDC7-51D0-A20F-8A3E4CE18ED1,50mm Acoustic Partition Roll,Insulation,Custom,,Number,1.0,,
B899E709-F911-5A8A-9244-94933ECDC0D8,100mm Acoustic Partition Roll,Insulation,Custom,,Number,1.0,,
DF2AFA54-2441-5010-B50D-F77EC1F18EB0,50mm Cavity Wall Batts,Insulation,Custom,,Number,1.0,,
692701BF-19B7-535F-9E10-5D9E1D22ACC9,75mm Cavity Wall Batts,Insulation,Custom,,Number,1.0,,
26A68B59-3516-5432-9646-757E282BD47F,100mm Cavity Wall Batts,Insulation,Custom,,Number,1.0,,
2D39D6A7-C914-552E-965F-77ECD97E2CF9,Insulation Board Fixings (Masonry),Insulation,Custom,,Box,,,
525D2196-8BA2-5F55-AC81-0098E49AB338,Breathable Roofing Membrane 1m x 50m,Roofing,Custom,,Number,1.0,,
43E8A114-C889-54BA-8ED8-FC077EDE0EA3,Concrete Interlocking Roof Tile,Roofing,Custom,,Number,1.0,,
D205F8EE-C80D-5AD4-A3F0-9064EED2D8BE,Natural Slate 500x250mm,Roofing,Custom,,Number,1.0,,
1A96A2D0-34AD-5670-97BB-84D01706BA16,Fibre Cement Slate 600x300mm,Roofing,Custom,,Number,1.0,,
FFAABA63-F136-501F-ADA1-CFB90D30476F,Half Round Ridge Tile,Roofing,Custom,,Number,1.0,,
11D09EFD-ACE0-503B-884B-AB73F646A36D,Dry Ridge Kit 6m,Roofing,Custom,,Number,1.0,,
D0683C3E-BAFE-5A33-97FC-85042994DB2D,Dry Verge Unit,Roofing,Custom,,Number,1.0,,
1BE7C5E1-7569-5F77-B31C-26FFF5EE4A16,Code 3 Lead Flashing 150mm x 3m,Roofing,Custom,,Number,1.0,,
D477BA7D-DE3D-53E0-9691-77633D2AF069,Code 4 Lead Flashing 150mm x 3m,Roofing,Custom,,Number,1.0,,
8AA4D59C-A53F-51B0-A4E8-285F4EBCCBC4,Code 4 Lead Flashing 240mm x 3m,Roofing,Custom,,Number,1.0,,
597C37F7-5525-5F43-9060-83ADCE42E0D6,Code 4 Lead Flashing 300mm x 3m,Roofing,Custom,,Number,1.0,,
79A4F3E5-0DE7-592A-AE65-6DB2CCD7A574,Code 5 Lead Flashing 300mm x 3m,Roofing,Custom,,Number,1.0,,
7AE309E0-0308-5582-A486-3B328979A0FB,Torch-On Felt Cap Sheet,Roofing,Custom,,Number,1.0,,
C184555F-8D07-599A-9DB5-749CA93A28FC,Corrugated Bitumen Roof Sheet 2000x950mm,Roofing,Custom,,Number,1.0,,
BDCC9889-B8C2-5645-A6D2-5BE3FCA3084A,EPDM Rubber Roofing Membrane 1.2mm,Roofing,Custom,,Number,1M2,,
18D6CEAB-3DF3-5AC1-843B-C18B2A7782AB,uPVC Fascia Board 16x175mm White - 5m,Roofing,Custom,,Length,,5,M
1A5E93EA-07D8-5880-B8E8-AD67FE787060,uPVC Fascia Board 16x225mm White - 5m,Roofing,Custom,,Length,,5,M
584CE2C4-3BCD-58CE-B88D-81A0424D3ACB,uPVC Soffit Board 9x300mm White - 5m,Roofing,Custom,,Length,,5,M
FD27B386-462A-5AD1-BF73-B8DB9BE8BD18,112mm Half Round Gutter Black - 2m,Roofing,Custom,,Length,,2,M
BCF475F3-3538-587D-AE9E-673EF32029A0,112mm Half Round Gutter Black - 4m,Roofing,Custom,,Length,,4,M
80C3B152-6FBF-5D4D-B124-E81E62A57B8F,112mm Half Round Gutter Union Bracket Black,Roofing,Custom,,Number,1.0,,
6C9C7786-4939-5B0A-A754-D94BA69BD136,112mm Half Round Gutter Fascia Bracket Black,Roofing,Custom,,Number,1.0,,
D52D2D6C-1564-5E21-B824-C0F48F1CCE16,112mm Half Round Gutter External Stop End Black,Roofing,Custom,,Number,1.0,,
5FD8D85F-BCD9-55B9-BB88-11BFC5A5B87C,112mm Half Round Gutter Running Outlet Black,Roofing,Custom,,Number,1.0,,
37DE7FC3-B5B8-5DCC-945D-64D0CBAC00DF,112mm Half Round Gutter 90 Deg Angle Black,Roofing,Custom,,Number,1.0,,
1467841B-B83D-5EBA-9C85-E6FDBDC17A07,112mm Half Round Gutter 135 Deg Angle Black,Roofing,Custom,,Number,1.0,,
F21ED2D8-2786-5695-97BA-DA1A3FD50BB6,68mm Round Downpipe Black - 2.5m,Roofing,Custom,,Length,,2.5,M
4CFFA078-829C-55A0-8C58-A9BC602CBF2E,68mm Round Downpipe Black - 4m,Roofing,Custom,,Length,,4,M
58B07269-25F0-5D8B-AE9B-A5B8E35CE1CA,68mm Round Downpipe Offset Bend 112.5 Deg Black,Roofing,Custom,,Number,1.0,,
BD909747-2FD4-5BC3-8912-164508730656,68mm Round Downpipe Shoe Black,Roofing,Custom,,Number,1.0,,
894AFA9A-0803-5A1A-9CCA-A9096CCEECE6,68mm Round Downpipe Pipe Clip Black,Roofing,Custom,,Number,1.0,,
2BE7245C-5DA3-5E34-8F25-C2EB85532747,68mm Round Downpipe Branch 112.5 Deg Black,Roofing,Custom,,Number,1.0,,
D053C20E-4188-58BA-8D27-CA3A6774A2F8,68mm Round Downpipe Hopper Head Black,Roofing,Custom,,Number,1.0,,
A290F6B7-6C24-51AA-82FC-BC615104B781,uPVC Shiplap Cladding 150mm White - 5m,Cladding,Custom,,Length,,5,M
CF5D69C1-ABA8-53C1-AEBA-73A67DE3D8CD,Fibre Cement Weatherboard 180mm - 3.6m,Cladding,Custom,,Length,,3.6,M
B4B47113-D842-5AF2-AA4D-223AF2729C61,Composite Cladding Board - 3.6m,Cladding,Custom,,Length,,3.6,M
092EF2BE-535E-56CB-BC23-EFF674D32B11,Siberian Larch Cladding Board 145mm - 3.0m,Cladding,Custom,,Length,,3,M
7A9149FE-C7F1-5962-8D10-FD2774F608FF,Breather Membrane (Wall) 1.5m x 50m,Cladding,Custom,,Number,1.0,,
C408648C-579F-5DC0-9C33-E57B707ADA3B,Sanitary Silicone White,Sealants & Adhesives,Custom,,Number,310ML,,
23AC915F-AB73-5528-AE08-A8B423EC2188,Sanitary Silicone Clear,Sealants & Adhesives,Custom,,Number,310ML,,
AD37B41F-333E-53B9-9D0E-93545DA84197,General Purpose Silicone Clear,Sealants & Adhesives,Custom,,Number,310ML,,
EA3A0E45-30A8-51F2-B9F0-BFB41BFD66B1,Frame Sealant LMN White,Sealants & Adhesives,Custom,,Number,310ML,,
7984FBAD-278B-5643-A421-427AE3F41F02,Frame Sealant LMN Brown,Sealants & Adhesives,Custom,,Number,310ML,,
B3F487EF-1260-5936-BD00-D41EDE250467,Decorators Caulk White,Sealants & Adhesives,Custom,,Number,310ML,,
3BDE2C75-3B18-5FB1-8A39-CEF0FE9C9EA2,Acoustic Sealant,Sealants & Adhesives,Custom,,Number,310ML,,
AF423A91-9AC0-536C-B141-8726EE73BB6E,Grab Adhesive Solvent Free,Sealants & Adhesives,Custom,,Number,310ML,,
F90AE7D9-841D-5894-8CF7-A319EB3380A8,Polyurethane Construction Adhesive,Sealants & Adhesives,Custom,,Number,310ML,,
ED3D1D97-8BD5-5BD7-9522-54DEC96DA594,Roof & Gutter Sealant,Sealants & Adhesives,Custom,,Number,310ML,,
36B24553-009B-5622-B6B0-35B636B494A0,Hybrid Polymer Sealant & Adhesive (MS) White,Sealants & Adhesives,Custom,,Number,290ML,,
43C42073-E22E-5C48-AAB1-3DD525731343,Expanding Foam Gun Grade,Sealants & Adhesives,Custom,,Number,750ML,,
E22E5530-5574-513C-AD97-24AD7C97DB3F,Expanding Foam Hand Held,Sealants & Adhesives,Custom,,Number,750ML,,
FB332962-0C97-5320-A63B-619E117D5ADE,Low Expansion Foam (Window & Door),Sealants & Adhesives,Custom,,Number,750ML,,
C8CB1A73-471B-5319-A4D2-61D416137A32,PVA Adhesive & Primer,Sealants & Adhesives,Custom,,Number,5L,,
C6A113B3-EE42-522F-98D1-8A1416DDE32B,Wood Glue PVA,Sealants & Adhesives,Custom,,Number,1L,,
2C1DF501-3632-5E6F-9DFB-C7137F618EFF,Contact Adhesive,Sealants & Adhesives,Custom,,Number,1L,,
65B33FFB-0649-5FF7-A0ED-36FAAA08646D,Bitumen Paint Black,Sealants & Adhesives,Custom,,Number,5L,,
6690F8F1-BD6A-5DA3-B046-452D4331660A,Chemical Anchor Resin Polyester Styrene Free,Sealants & Adhesives,Custom,,Number,380ML,,
33EF0384-0395-50B4-B27E-B44446B26B1D,3.5x30mm Woodscrew Countersunk Pozi,Fixings,Custom,,Box,,,
7C42B3A1-053A-5FDB-805D-240FE66E42C1,4.0x30mm Woodscrew Countersunk Pozi,Fixings,Custom,,Box,,,
4B2DAEAF-E981-596E-BC17-C694842A4936,4.0x40mm Woodscrew Countersunk Pozi,Fixings,Custom,,Box,,,
26A49676-4939-5E0F-BC97-1BF0C31B7728,4.0x50mm Woodscrew Countersunk Pozi,Fixings,Custom,,Box,,,
3F70BF07-6B96-5A60-90F4-082A701525CC,5.0x50mm Woodscrew Countersunk Pozi,Fixings,Custom,,Box,,,
1AB34B3A-134D-5E89-9E43-1D0240D7FCCC,5.0x70mm Woodscrew Countersunk Pozi,Fixings,Custom,,Box,,,
8AFE1E02-F33B-58B2-8DBB-38414367FDFE,5.0x100mm Woodscrew Countersunk Pozi,Fixings,Custom,,Box,,,
DD0739C8-AB83-5008-9CB4-84904F21C1E1,6.0x100mm Woodscrew Countersunk Pozi,Fixings,Custom,,Box,,,
59C56B72-84E7-5BA7-B462-3B3CE0D492AB,4.2x13mm Wafer Head Self Drilling Screw,Fixings,Custom,,Box,,,
BDFBF2E8-1199-5923-858E-03247C988D40,4.8x19mm Hex Head Self Drilling Screw,Fixings,Custom,,Box,,,
3B632B0E-6605-5718-94FD-3D8C81D478B2,8x80mm Frame Fixing,Fixings,Custom,,Box,,,
1B541038-4794-5AA6-9926-3B4AAB020BBE,10x100mm Frame Fixing,Fixings,Custom,,Box,,,
84E30AB6-AAEB-5123-B153-B4717E5D6FA4,10x115mm Frame Fixing,Fixings,Custom,,Box,,,
38A04D17-3590-59F6-96BD-3F7055D4D664,10x135mm Frame Fixing,Fixings,Custom,,Box,,,
88BABB1D-3A18-5C13-B6DA-4637B984C3C2,10x160mm Frame Fixing,Fixings,Custom,,Box,,,
EF9B64A6-639D-5032-A021-5023A122F2AE,Wall Plug Yellow 5mm,Fixings,Custom,,Box,,,
433A552D-11B4-5DE5-AB20-D6FE4A9A9D41,Wall Plug Red 6mm,Fixings,Custom,,Box,,,
B15E5990-2787-5CAB-AD9C-3BD563E82CE3,Wall Plug Brown 7mm,Fixings,Custom,,Box,,,
652CEB6D-F98B-526F-AB8A-8ABFC90FE71E,Wall Plug Blue 10mm,Fixings,Custom,,Box,,,
707F3F3F-BEF1-575B-8019-E55ACED7E41B,Self Drill Plasterboard Fixing Nylon,Fixings,Custom,,Box,,,
4AF9F5BD-9AF5-5F3E-9EF5-C8BA54698E07,Self Drill Plasterboard Fixing Metal,Fixings,Custom,,Box,,,
C3136473-944D-57E8-9AC4-FB9BFED320E7,Spring Toggle M5,Fixings,Custom,,Box,,,
FE500E6A-B783-518A-9AB3-8F2816E3C2C9,Gravity Toggle M5,Fixings,Custom,,Box,,,
AF81614A-85CB-52C3-B1DD-8BC5D9BAD5B6,Hollow Wall Anchor M4,Fixings,Custom,,Box,,,
C07F73FF-923E-5530-A1EE-A810024D72C5,Hollow Wall Anchor M5,Fixings,Custom,,Box,,,
0A3BF7AD-D8C0-563E-8756-6E9CF7B05B4E,Round Wire Nail 50mm,Fixings,Custom,,Box,,,
662A3962-DE6C-58E2-9EB3-6EDBD6750F7F,Round Wire Nail 75mm,Fixings,Custom,,Box,,,
B9C7FF09-C867-50A1-83C8-F7C8ADDD681B,Round Wire Nail 100mm,Fixings,Custom,,Box,,,
4EC7F91D-B65F-5679-AF2D-4BDF78261188,Galvanised Clout Nail 30mm,Fixings,Custom,,Box,,,
E16A2A52-D3C2-5671-8944-F26FFE532AC2,Galvanised Clout Nail 40mm,Fixings,Custom,,Box,,,
66494C08-E6C2-533F-B452-7E2A8FBF2FAA,Lost Head Nail 50mm,Fixings,Custom,,Box,,,
3418DEFE-4253-5280-830F-5151120BDC4E,Lost Head Nail 65mm,Fixings,Custom,,Box,,,
5904FF9F-D985-5CC9-8F2B-2AFF82C440E8,Masonry Nail 50mm,Fixings,Custom,,Box,,,
818B4CE4-E483-554D-B702-ED453A4D4E71,Collated Framing Nail 63mm,Fixings,Custom,,Box,,,
D0FB96A6-1C81-5D40-A60A-EBF7685941A3,Collated Framing Nail 75mm,Fixings,Custom,,Box,,,
52ED316C-FAA9-5B25-93B1-749CF6FDCC6E,Collated Framing Nail 90mm,Fixings,Custom,,Box,,,
2532406B-9FF7-5FE8-BCD9-64CB2D565515,Nail Gun Fuel Cell,Fixings,Custom,,Box,,,
4E8D152B-3B3C-581A-9E64-AD7DD545960C,M8x50mm Coach Screw,Fixings,Custom,,Box,,,
2589AC0F-E8C2-5E61-A3CB-01CF800D7933,M8x75mm Coach Screw,Fixings,Custom,,Box,,,
4C7A78F4-8FCE-5CC7-92B4-6EB39EB9A6BA,M10x100mm Coach Screw,Fixings,Custom,,Box,,,
38C28C67-656D-5457-8D3A-16B90CCDD568,M10x150mm Coach Screw,Fixings,Custom,,Box,,,
D2E9773F-AA93-5794-A77E-D2584897CDEE,M8x100mm Coach Bolt & Nut,Fixings,Custom,,Box,,,
95CB0817-1F70-5456-A2AF-442EFECC4D46,M10x100mm Coach Bolt & Nut,Fixings,Custom,,Box,,,
59C8557F-D24D-52CB-837C-77FEDF6D7393,M10x150mm Coach Bolt & Nut,Fixings,Custom,,Box,,,
38FB6C0B-0002-5781-B71B-949DD7195B7D,M8x50mm Hex Bolt & Nut,Fixings,Custom,,Box,,,
D7790E5E-DFD6-5D32-8C43-F41ADBAE2557,M10x50mm Hex Bolt & Nut,Fixings,Custom,,Box,,,
AA9046AB-6B8E-589D-89AC-E80101C5DAAA,M12x75mm Hex Bolt & Nut,Fixings,Custom,,Box,,,
0EB70305-0085-5205-B005-9E3BAFE02659,Angle Bracket 50x50mm Galvanised,Fixings,Custom,,Box,,,
AA4A8C0A-2AA3-5137-AE9C-60D42A1026C9,Chemical Anchor Stud M10x130mm,Fixings,Custom,,Box,,,
9FB7A9B2-1A96-5811-8E8F-46015CED36B9,Chemical Anchor Stud M12x160mm,Fixings,Custom,,Box,,,
1F906E35-BCCF-5D6E-AF78-867C86FC2111,Resin Mixing Nozzle,Fixings,Custom,,Box,,,
97176BDB-CC06-5FB8-BBDB-8422A50F0E7D,Resin Mesh Sleeve 16x85mm,Fixings,Custom,,Box,,,
CBC58C55-E027-5FE8-A0B2-FF8ABEE52C45,Joist Hanger 47x150mm,Fixings,Custom,,Number,1.0,,
55599987-EE63-52EF-8B88-9A577D63CB16,Joist Hanger 47x200mm,Fixings,Custom,,Number,1.0,,
3194CD83-CAF5-56C2-95F2-F8881A821F99,Joist Hanger 47x225mm,Fixings,Custom,,Number,1.0,,
A61170EE-E2FE-567A-B874-A3E32DBF19BE,Lateral Restraint Strap 30x5mm x 1000mm,Fixings,Custom,,Number,1.0,,
94B303B4-8755-52B7-960B-177F0E9C08BF,Lateral Restraint Strap 30x5mm x 1200mm,Fixings,Custom,,Number,1.0,,
543BE920-CDAD-5FAC-A36A-8CC45AE08D34,Truss Clip,Fixings,Custom,,Number,1.0,,
E5A71F93-83DB-5E3A-A577-E1E322C800B4,Sheet Vinyl Safety Flooring 2mm,Flooring,Custom,,Number,1M2,,
B89A65D9-3C86-5684-9066-8016AAC26688,Sheet Vinyl Flooring Commercial 2mm,Flooring,Custom,,Number,1M2,,
260F181F-F9C0-5AE9-8827-B72712DB8A28,Broadloom Carpet Commercial,Flooring,Custom,,Number,1M2,,
B9EE23EF-099C-5ED0-AD52-07412905B645,Carpet Tiles 500x500mm,Flooring,Custom,,Box,,,
4A5733E5-5BD6-5E34-A7ED-5BAFF283A60B,LVT Flooring Planks,Flooring,Custom,,Box,,,
BE10AA20-0B84-5B4E-9EAA-83947ED88909,Laminate Flooring 8mm,Flooring,Custom,,Box,,,
B69E86F2-50CE-5DB7-AD30-08A14955DCE9,Engineered Wood Flooring 14mm,Flooring,Custom,,Box,,,
7AEA158F-2614-595B-A1DC-99B0EE70B7DC,Vinyl Flooring Coved Skirting Former,Flooring,Custom,,Number,1.0,,
855B5473-EAAA-5AFB-BB1E-391BA899617E,Vinyl Cap Strip,Flooring,Custom,,Number,1.0,,
B38C2D53-911B-51E7-BBC7-7533B4A76EC2,Door Threshold Strip Aluminium 900mm,Flooring,Custom,,Number,1.0,,
A6043C05-ACD2-5883-8A37-0189E59596C7,Laminate Underlay 3mm Roll,Flooring,Custom,,Number,1.0,,
939C5FDF-A049-5534-A233-F9B2A68B74A7,Entrance Matting Recessed,Flooring,Custom,,Number,1.0,,
61597DC5-8166-5DF4-9043-402F72D58EC5,Raised Access Floor Panel 600x600mm,Flooring,Custom,,Number,1.0,,
52C1EE80-7CC0-5FE7-A146-964BC0C93884,Raised Access Floor Pedestal,Flooring,Custom,,Number,1.0,,
F2FAA0B5-8BB4-57D5-8222-FCB6CAAF149A,Self Levelling Floor Compound,Flooring,Custom,,Number,20KG,,
55418262-C10C-5EEB-80D2-697E632FACA5,Floor Primer,Flooring,Custom,,Number,5L,,
F5281776-5590-5B33-BBE4-D89E28739356,Vinyl Flooring Adhesive,Flooring,Custom,,Number,1.0,,
9C8D6B60-D3A8-5B28-BC42-687B08A71CF7,Ceramic Wall Tile White Gloss 250x400mm,Tiles,Custom,,Box,,,
FF830215-D498-5B2E-A801-0614FBF36A3A,Ceramic Wall Tile White Matt 300x600mm,Tiles,Custom,,Box,,,
7D78B2E7-50FF-5B97-BCC3-309D31D2A3A4,Porcelain Floor Tile 600x600mm Grey,Tiles,Custom,,Box,,,
A28144CA-C1DD-5DA1-B7BF-9D72B826B753,Porcelain Floor Tile 300x600mm Grey,Tiles,Custom,,Box,,,
018598D8-8BEC-5FD8-BEF0-1D5CB58E1764,Tile Spacers 2mm,Tiles,Custom,,Box,,,
95382384-973F-5B3F-ADC0-B447CCE11385,Tile Spacers 3mm,Tiles,Custom,,Box,,,
1E239707-9C8B-5F61-9D6D-B5C0FB23FE71,Tile Levelling Clips,Tiles,Custom,,Box,,,
56BC2B8A-C0ED-5F98-B6B9-1375B526C237,Rapid Set Tile Adhesive Grey,Tiles,Custom,,Number,20KG,,
94265576-BB6A-5219-908C-3764732EFF92,Rapid Set Tile Adhesive White,Tiles,Custom,,Number,20KG,,
19181647-141D-5A95-8146-414889110C47,Flexible Tile Adhesive S1 Grey,Tiles,Custom,,Number,20KG,,
866C2261-EAA3-571F-A002-C5C0E20B00FC,Wall & Floor Grout White,Tiles,Custom,,Number,5KG,,
0E1B9CFB-BFCA-5BE1-AE94-504AB0AC772D,Wall & Floor Grout Grey,Tiles,Custom,,Number,5KG,,
8E711DB9-79E9-5CFE-8AEE-469732B7A67A,Tile Primer,Tiles,Custom,,Number,5L,,
200EF5C0-D0E7-518B-AE05-0D822B7D8032,Tanking Kit (Wet Room),Tiles,Custom,,Number,1.0,,
DAE46AEB-E106-5598-A2AF-BD729689F751,Aluminium Tile Trim Straight Edge 10mm - 2.5m,Tiles,Custom,,Length,,2.5,M
077721A6-57A7-5E2F-BA7B-DC1A46170067,Aluminium Tile Trim Straight Edge 12mm - 2.5m,Tiles,Custom,,Length,,2.5,M
7584E391-2B4B-5623-B6DE-5C7C14336A5F,PVC Tile Trim Round Edge 10mm White - 2.5m,Tiles,Custom,,Length,,2.5,M
6D266969-B7A6-5125-AF1F-4170C10917C4,PVC Tile Trim Round Edge 12mm White - 2.5m,Tiles,Custom,,Length,,2.5,M
41CAF1F2-AE5A-5362-B072-3F60E44E86E8,Stainless Steel Tile Trim Square Edge 10mm - 2.5m,Tiles,Custom,,Length,,2.5,M
4B80DE5B-C270-5809-9B37-8C604893E5CB,Contract Matt Emulsion White 10L,Paint & Decorating,Custom,,Number,10L,,
B3AD6955-52F7-5618-B033-709DF4A46FC2,Contract Matt Emulsion White 5L,Paint & Decorating,Custom,,Number,5L,,
FBBB71A8-2A30-5B2B-B5C6-74DFBFA24B3E,Contract Matt Emulsion Magnolia 10L,Paint & Decorating,Custom,,Number,10L,,
F49BC14D-1DF0-5EDE-851D-D80BEB4800CA,Vinyl Matt Emulsion Brilliant White 10L,Paint & Decorating,Custom,,Number,10L,,
5F164CEB-CD20-50C8-B886-1C5C34C2C061,Vinyl Matt Emulsion Brilliant White 5L,Paint & Decorating,Custom,,Number,5L,,
F65A5749-ACC1-53D2-B6C6-BFCD1DACF053,Vinyl Silk Emulsion Brilliant White 5L,Paint & Decorating,Custom,,Number,5L,,
B1859ED7-F310-53E2-B8F8-C8D938362C3F,Masonry Paint Smooth White 10L,Paint & Decorating,Custom,,Number,10L,,
549FB010-74B4-589A-9DE4-3269C4ABAA27,Floor Paint Grey 5L,Paint & Decorating,Custom,,Number,5L,,
BD516649-213F-596E-BA18-19F99BD2E9A3,Undercoat White 2.5L,Paint & Decorating,Custom,,Number,2.5L,,
90311A7E-51F1-5EB1-B6FA-0729EA5A4FE4,Gloss Paint Brilliant White 2.5L,Paint & Decorating,Custom,,Number,2.5L,,
DDC5C34A-F495-5CA7-87EA-8B9A6B3CDB5D,Satinwood Brilliant White 2.5L,Paint & Decorating,Custom,,Number,2.5L,,
53453543-2C38-5FEE-885D-577D0F5856E6,Eggshell Water Based White 2.5L,Paint & Decorating,Custom,,Number,2.5L,,
26D57A98-8B52-5B2F-B08C-B0A4CFBC24A4,Wood Primer White 2.5L,Paint & Decorating,Custom,,Number,2.5L,,
C4513E7F-82AC-5858-83CE-8DC9118DD619,Metal Primer Red Oxide 2.5L,Paint & Decorating,Custom,,Number,2.5L,,
D860D4D7-5A2E-5EFF-8F01-BB977112363E,Stain Block Primer 2.5L,Paint & Decorating,Custom,,Number,2.5L,,
72375805-1B70-5083-B125-3D54251D43E1,Direct to Metal Paint Black 750ML,Paint & Decorating,Custom,,Number,750ML,,
AF37DA3D-6DE5-5013-984E-658BB794FA12,White Spirit 2L,Paint & Decorating,Custom,,Number,2L,,
DA75C5D0-C925-5BAE-A6D4-9659D1E134DD,Sugar Soap 5L,Paint & Decorating,Custom,,Number,5L,,
72D6F44A-E355-5E58-BDDA-FF96EA157DDD,Decorators Filler Ready Mixed,Paint & Decorating,Custom,,Number,1.0,,
CE4EFCE1-C2D9-571D-AA6D-039DC2320C89,Masking Tape 25mm,Paint & Decorating,Custom,,Number,1.0,,
AD15C407-9386-5E67-BDD6-388D7EA9C694,Masking Tape 38mm,Paint & Decorating,Custom,,Number,1.0,,
4B5A5113-A2CE-5E8A-89DE-7CCC87CB2A9E,Masking Tape 50mm,Paint & Decorating,Custom,,Number,1.0,,
A7F990F8-215B-5D73-8270-0D6DAF74EABF,Dust Sheet Cotton Twill 12x9ft,Paint & Decorating,Custom,,Number,1.0,,
300FD817-8681-5079-AE5A-A729EE5E23AB,Roller Kit 9in,Paint & Decorating,Custom,,Number,1.0,,
97216C81-ECA1-5B08-8331-DE9BE5B99ECC,Roller Sleeve 9in Short Pile,Paint & Decorating,Custom,,Number,1.0,,
7FFF73D5-B3F8-577A-8880-25D99E0E4FEB,Roller Sleeve 9in Medium Pile,Paint & Decorating,Custom,,Number,1.0,,
1EF3C295-2AEC-52B9-8D00-98AEE782E978,Paint Brush 1in,Paint & Decorating,Custom,,Number,1.0,,
9156B73C-FAB1-5E07-9E31-4F7B41D53B27,Paint Brush 2in,Paint & Decorating,Custom,,Number,1.0,,
CBB53446-5D87-5FBA-A144-EA33A4673126,Paint Brush 3in,Paint & Decorating,Custom,,Number,1.0,,
95326D5B-6D18-5635-B6FD-8D03F44F2CDF,Lining Paper 1000 Grade Roll,Paint & Decorating,Custom,,Number,1.0,,
B234260F-62B9-5783-BB28-6E77587A09F6,Abrasive Sanding Sheets Assorted,Paint & Decorating,Custom,,Box,,,
CD0E838F-17C4-5082-9D8E-AF5CA3F74068,Suspended Ceiling Main Tee 24mm - 3.6m,Ceilings,Custom,,Length,,3.6,M
7EE6263E-D285-533B-B950-107C3D7F9748,Suspended Ceiling Cross Tee 24mm - 1.2m,Ceilings,Custom,,Length,,1.2000000000000002,M
F5B415B7-2FEE-5C0A-9F46-E1EA0E0347A8,Suspended Ceiling Cross Tee 24mm - 0.6m,Ceilings,Custom,,Length,,0.6000000000000001,M
25226FB2-5E0F-5F90-A6B1-A3CF728DC14A,Suspended Ceiling Wall Angle - 3.0m,Ceilings,Custom,,Length,,3,M
0D92C8F1-F55B-58E1-A226-12A02707546C,Suspended Ceiling Hanger Wire with Eyelet,Ceilings,Custom,,Box,,,
BF0815BA-EF44-5427-B6F4-99505E551CB0,Suspended Ceiling Hold Down Clip,Ceilings,Custom,,Box,,,
16F3F0E4-8740-53D1-9015-04AFACEABB37,Ceiling Tile Mineral Fibre 600x600mm Board Edge,Ceilings,Custom,,Number,1.0,,
19984873-DCD9-504B-B726-6E48E2F9A670,Ceiling Tile Mineral Fibre 600x600mm Tegular Edge,Ceilings,Custom,,Number,1.0,,
2348A57A-67B1-575C-8494-B39488B5ECA5,Ceiling Tile Mineral Fibre 1200x600mm Board Edge,Ceilings,Custom,,Number,1.0,,
7D470A53-C537-546F-AFCA-0467E42600AB,Ceiling Tile Moisture Resistant 600x600mm,Ceilings,Custom,,Number,1.0,,
CA9E4BCF-903D-5F28-9B78-EBFC2EFB0FBE,Ceiling Tile Hygiene (Wipeable) 600x600mm,Ceilings,Custom,,Number,1.0,,
BF1CFA9D-4E99-5638-87AA-C4BD8832DB3B,MF Ceiling Section (MF5) - 3.6m,Ceilings,Custom,,Length,,3.6,M
21CAC6F7-DBE2-57B4-986D-3F996CBCD9B5,MF Perimeter Channel (MF6) - 3.6m,Ceilings,Custom,,Length,,3.6,M
C9637C85-F007-5E9F-BA2A-5EC4407C0F00,MF Primary Support Channel (MF7) - 3.6m,Ceilings,Custom,,Length,,3.6,M
1250D457-2DF5-561B-B5C9-4C4CBBC21AA1,MF Strap Hanger (MF8),Ceilings,Custom,,Number,1.0,,
D7BE2EE4-A170-5797-B2BD-18AF3A408944,MF Connecting Clip (MF9),Ceilings,Custom,,Number,1.0,,
D71E0CE8-99E0-5E2C-A44D-E5A515DBA3BE,MF Soffit Cleat (MF11),Ceilings,Custom,,Number,1.0,,
494BFC1D-C0EF-54BD-B25B-7D3B1D1F2DB1,Ceiling Access Panel 300x300mm,Ceilings,Custom,,Number,1.0,,
335EEE0F-7A86-5FEE-A47B-8E5FD2D5225F,Ceiling Access Panel Fire Rated 300x300mm,Ceilings,Custom,,Number,1.0,,
393EACA8-836C-588B-AA2B-F6A0D0FC06D2,Ceiling Access Panel 450x450mm,Ceilings,Custom,,Number,1.0,,
AC7BF558-39D6-5487-B46A-10299B378EDA,Ceiling Access Panel Fire Rated 450x450mm,Ceilings,Custom,,Number,1.0,,
FBF3D346-7EC5-5365-B128-BDA671EF3A50,Ceiling Access Panel 600x600mm,Ceilings,Custom,,Number,1.0,,
007A8FEA-C203-58E3-936C-33238457BD87,Ceiling Access Panel Fire Rated 600x600mm,Ceilings,Custom,,Number,1.0,,
8E83FECA-4EEE-59F2-9780-1D987867DB25,Hygienic PVC Wall Cladding Sheet White 2440x1220mm,Wall Finishes,Custom,,Number,2440x1220MM,,
BF6A3470-53C4-5910-9026-FB0ECBFCD362,Hygienic Cladding Joint Trim - 3.0m,Wall Finishes,Custom,,Length,,3,M
36727696-7C04-5523-84A1-0F9077D2F18F,Hygienic Cladding Internal Corner Trim - 3.0m,Wall Finishes,Custom,,Length,,3,M
1FAE127C-CE12-5B8E-883F-23D94088B786,Hygienic Cladding External Corner Trim - 3.0m,Wall Finishes,Custom,,Length,,3,M
BF8B61E4-61E0-5DEA-9CEE-309EC7BF4AE8,Hygienic Cladding Cap Trim - 3.0m,Wall Finishes,Custom,,Length,,3,M
07682403-8145-5114-B100-E853D6E32363,Stainless Steel Corner Guard 50x50mm x 1.2m,Wall Finishes,Custom,,Number,1.0,,
06A79E9A-ABA3-507B-979D-0D81782683E7,Wall Protection Crash Rail 200mm - 3.0m,Wall Finishes,Custom,,Length,,3,M
67E58651-9052-573B-B68B-0AE42694CF3F,Acoustic Wall Panel 1200x600mm,Wall Finishes,Custom,,Number,1.0,,
B49BE28F-3A58-5A10-9DE8-7D5D552E8DC1,18x119mm MDF Primed Skirting Torus - 4.2m,Joinery,Custom,,Length,,4.2,M
7CDF9A9D-9AF1-5EB9-A134-5748F7B2E589,18x144mm MDF Primed Skirting Torus - 4.2m,Joinery,Custom,,Length,,4.2,M
72B9C56E-4CCC-5C77-AE9A-7E0C581D0C53,18x169mm MDF Primed Skirting Torus - 4.2m,Joinery,Custom,,Length,,4.2,M
2D29809F-15B4-51F3-A166-ECA6CB390DFD,18x119mm MDF Primed Skirting Ogee - 4.2m,Joinery,Custom,,Length,,4.2,M
4CE09FAE-CDF7-5CDE-A9D3-B73F1595E0F5,18x144mm MDF Primed Skirting Ogee - 4.2m,Joinery,Custom,,Length,,4.2,M
ED07E157-2DC7-513D-9ACC-214FE4638611,18x169mm MDF Primed Skirting Ogee - 4.2m,Joinery,Custom,,Length,,4.2,M
1F81AE8B-70CC-5DE6-B880-8F7BD872926E,18x119mm MDF Primed Skirting Pencil Round - 4.2m,Joinery,Custom,,Length,,4.2,M
E4B2CF48-DAE7-56B3-B0E2-FE6D3E9BB335,18x144mm MDF Primed Skirting Pencil Round - 4.2m,Joinery,Custom,,Length,,4.2,M
9FE39EE5-F8DF-5D27-AA0A-6E77E701F5DA,18x169mm MDF Primed Skirting Pencil Round - 4.2m,Joinery,Custom,,Length,,4.2,M
12071C19-6A91-5D88-8BA1-47FECC60B5CF,18x69mm MDF Primed Architrave Torus - 2.1m,Joinery,Custom,,Length,,2.1,M
BEAA69AF-FBD1-5D55-B99B-9AF1077DBD77,18x69mm MDF Primed Architrave Ogee - 2.1m,Joinery,Custom,,Length,,2.1,M
EF0308A9-9698-5842-A56F-F9FB7D969E75,18x69mm MDF Primed Architrave Pencil Round - 2.1m,Joinery,Custom,,Length,,2.1,M
3B3CEFFD-C4E0-5B5E-B785-FD48E37E7F62,Door Lining Set Softwood 32x115mm,Joinery,Custom,,Number,1.0,,
3E13F7D4-AFE8-5CFC-87D7-91CDD0AAB7DE,Door Lining Set Softwood 32x138mm,Joinery,Custom,,Number,1.0,,
A546FF63-8F2D-5B2C-B4CA-7CA12EADF7E5,Fire Door Frame Set FD30 Softwood,Joinery,Custom,,Number,1.0,,
2C1E6E9B-583B-5D22-BB8A-42C4813A7D8C,25x219mm MDF Window Board Bullnose - 3.0m,Joinery,Custom,,Length,,3,M
A18A850F-BE24-56D2-BE93-DB1665ED8C96,12x38mm Softwood Door Stop Bead - 2.1m,Joinery,Custom,,Length,,2.1,M
C9977D54-F604-566B-9D29-0FD04684BF83,MDF Pipe Boxing Kit,Joinery,Custom,,Number,1.0,,
1689BEFD-F7B4-5E2C-BAC2-A187E0A8D866,Internal Flush Door Hollow Core Paint Grade 1981x610x35mm,Doors,Custom,,Number,1.0,,
D03B9872-E077-5363-852C-BF088714A1BD,Internal Flush Door Hollow Core Paint Grade 1981x686x35mm,Doors,Custom,,Number,1.0,,
E8D9D8FD-BEC7-59D6-9C16-7AB330772D32,Internal Flush Door Hollow Core Paint Grade 1981x762x35mm,Doors,Custom,,Number,1.0,,
102B3121-E02B-53C4-8542-5A8341A065EE,Internal Flush Door Hollow Core Paint Grade 1981x838x35mm,Doors,Custom,,Number,1.0,,
B1A4A89A-43A0-5DD6-9E39-FF0474B593CF,FD30 Fire Door Flush Paint Grade 1981x686x44mm,Doors,Custom,,Number,1.0,,
E9DA4C1F-A64F-563F-A109-A5FDCF86F9C5,FD30 Fire Door Flush Paint Grade 1981x762x44mm,Doors,Custom,,Number,1.0,,
39BE3507-92BD-5BD2-B060-18B90D5AB9D5,FD30 Fire Door Flush Paint Grade 1981x838x44mm,Doors,Custom,,Number,1.0,,
AA311E1D-48E5-51EC-8167-000F718EDCED,FD30 Fire Door Flush Paint Grade 2040x726x44mm,Doors,Custom,,Number,1.0,,
B7756597-3156-552A-AAFB-019D913012F0,FD30 Fire Door Flush Paint Grade 2040x826x44mm,Doors,Custom,,Number,1.0,,
ED8017D7-2D0D-5596-9D09-F61CD13D964F,FD30 Fire Door Flush Paint Grade 2040x926x44mm,Doors,Custom,,Number,1.0,,
A224464A-FAD3-5C19-ADF2-02B9D66AF3C9,FD60 Fire Door Flush Paint Grade 2040x826x54mm,Doors,Custom,,Number,1.0,,
F407A2EB-2AF4-52FB-9FD1-20F9471AB823,FD60 Fire Door Flush Paint Grade 2040x926x54mm,Doors,Custom,,Number,1.0,,
A8F063C8-7B8A-5B8B-AE7D-10211AB33E2A,FD30 Fire Doorset Single (Complete),Doors,Custom,,Number,1.0,,
0B71B080-E444-5A12-A509-48017816DFB2,FD60 Fire Doorset Single (Complete),Doors,Custom,,Number,1.0,,
C819A201-3B38-5CB4-B1D3-73599FC4E404,Steel Riser Door Single 2100x900mm,Doors,Custom,,Number,1.0,,
DD2F4C5E-5A4B-5D8E-9B68-72A8694B7F32,Steel Riser Door Double 2100x1200mm,Doors,Custom,,Number,1.0,,
CE67D739-FD54-51E8-AC56-935543938719,Butt Hinge 100x75mm Grade 13 Stainless Steel (Pair),Ironmongery,Custom,,Number,1.0,,
82AF6529-92C7-588F-A33B-CC0E4939A83B,Butt Hinge 100x75mm Grade 13 Stainless Steel Fire Rated (Pair),Ironmongery,Custom,,Number,1.0,,
EAD7156C-6CA3-50B3-A8A2-7464275DC974,Lever Handle on Rose Stainless Steel (Pair),Ironmongery,Custom,,Number,1.0,,
401377C4-8BBE-57B3-9EC1-E59D18F9C421,Overhead Door Closer Size 2-4,Ironmongery,Custom,,Number,1.0,,
37877DCE-7636-5DA1-BFFE-49D1AF37E977,Overhead Door Closer Size 3 Fire Rated,Ironmongery,Custom,,Number,1.0,,
95DE6763-710A-59CC-BE3C-BA7E6AEB7AA6,Mortice Sashlock 64mm (2.5in),Ironmongery,Custom,,Number,1.0,,
F5FDA7FB-9906-56B8-97A7-56CD84A9274E,Mortice Sashlock 76mm (3in),Ironmongery,Custom,,Number,1.0,,
DF2884B1-A1EB-59DF-BB6F-34486D15021D,Mortice Deadlock 64mm (2.5in),Ironmongery,Custom,,Number,1.0,,
906B02FE-1405-5101-BC54-E9F15A2AB34D,Tubular Latch 64mm (2.5in),Ironmongery,Custom,,Number,1.0,,
F598D60C-AC10-52EA-9B7E-9D0CE6C8E9C3,Tubular Latch 76mm (3in),Ironmongery,Custom,,Number,1.0,,
FC69EBF7-6EE6-5B1F-82E9-266CD976DA86,Bathroom Lock 64mm (2.5in),Ironmongery,Custom,,Number,1.0,,
0BF8CB89-84F0-5F38-91A0-51B8EC869278,Bathroom Thumb Turn & Release Stainless Steel,Ironmongery,Custom,,Number,1.0,,
B27B2366-976B-59A6-8899-6484BBBCB9E0,Euro Cylinder 35/35mm,Ironmongery,Custom,,Number,1.0,,
4605206E-1B78-5888-AF81-0D79B1FDB28D,Euro Cylinder 40/40mm,Ironmongery,Custom,,Number,1.0,,
E202DAF5-B694-5879-859C-DB822E49DAEA,Euro Cylinder 45/45mm,Ironmongery,Custom,,Number,1.0,,
8858F5F1-60A9-58B6-92ED-BD6B4E293336,Pull Handle 300mm Stainless Steel,Ironmongery,Custom,,Number,1.0,,
6F9A0F48-94FA-52C3-B6FD-07942B40A887,Pull Handle 425mm Stainless Steel,Ironmongery,Custom,,Number,1.0,,
7E568CA7-6C71-542E-BD86-0BB021E9909D,Push Plate 300x75mm Stainless Steel,Ironmongery,Custom,,Number,1.0,,
82DBFA57-3653-5A68-AE15-453E6FFE18B5,Kick Plate 840x150mm Stainless Steel,Ironmongery,Custom,,Number,1.0,,
5FDD2564-85D6-5A06-A455-B3B26A2F2041,Door Stop Floor Mounted,Ironmongery,Custom,,Number,1.0,,
BD3406C6-2B91-534C-B082-EB2D458F67FD,Door Stop Wall Mounted,Ironmongery,Custom,,Number,1.0,,
751CC1DD-0DDE-5B33-8F40-8A43B889EF2F,Panic Bar Single Door,Ironmongery,Custom,,Number,1.0,,
E165C1E7-C373-5E63-9B8A-5C4C3F1ACED0,Panic Bar Double Door Set,Ironmongery,Custom,,Number,1.0,,
4D0B51A7-CF6E-5C18-B0F4-32BB938BB14A,Coat Hook Stainless Steel,Ironmongery,Custom,,Number,1.0,,
2673776D-28E8-5C59-A868-7A634F34A810,Escutcheon Euro Profile Stainless Steel,Ironmongery,Custom,,Number,1.0,,
51A7E16F-EAF1-5882-83BE-58BC8B62C88E,Kitchen Base Unit 300mm (with Door),Kitchens,Custom,,Number,1.0,,
BE822E43-DDA4-570F-8B31-0FB7D2D75987,Kitchen Wall Unit 300mm (with Door),Kitchens,Custom,,Number,1.0,,
5BC203E6-FB75-517C-B029-6D6AC1AE5C43,Kitchen Base Unit 400mm (with Door),Kitchens,Custom,,Number,1.0,,
C558D2C2-3991-5C0C-B5C4-0D116BDB274B,Kitchen Wall Unit 400mm (with Door),Kitchens,Custom,,Number,1.0,,
56A94DBC-7208-5771-B497-04CA6EE6A215,Kitchen Base Unit 500mm (with Door),Kitchens,Custom,,Number,1.0,,
727271E8-8BF0-5501-BB5C-42F3215DE28F,Kitchen Wall Unit 500mm (with Door),Kitchens,Custom,,Number,1.0,,
FA2F1C9C-45BD-5641-B936-58BBF00576F2,Kitchen Base Unit 600mm (with Door),Kitchens,Custom,,Number,1.0,,
1FB205DB-6694-56E1-8B9A-F8C83DB9845E,Kitchen Wall Unit 600mm (with Door),Kitchens,Custom,,Number,1.0,,
1A46B48D-EB3F-5CCE-AAD6-70147143C411,Kitchen Base Unit 1000mm (with Door),Kitchens,Custom,,Number,1.0,,
AD6D96D5-262B-50B1-8E49-332800FF1F97,Kitchen Wall Unit 1000mm (with Door),Kitchens,Custom,,Number,1.0,,
6F6256D5-650C-51D3-A5C8-EB39FF5D457F,Kitchen Tall Unit 600mm (with Doors),Kitchens,Custom,,Number,1.0,,
1957C7AD-7309-56CB-B2AC-9B449814E699,Laminate Worktop 38mm x 600mm - 3.0m,Kitchens,Custom,,Length,,3,M
6DF01E3B-62F7-5746-8294-4DF45372EEE7,Laminate Breakfast Bar 38mm x 900mm - 3.0m,Kitchens,Custom,,Length,,3,M
B757559A-5D83-50B5-8D2D-DA06652A870D,Kitchen Plinth 150mm - 3.0m,Kitchens,Custom,,Length,,3,M
D3EE75C7-7925-5532-B16F-E2CB204BC305,Worktop Jointing Strip,Kitchens,Custom,,Number,1.0,,
9843FDFB-7147-59BB-858F-9F72C9B4CD7C,Worktop End Cap Kit,Kitchens,Custom,,Number,1.0,,
8224D2F5-4F56-52F0-86E5-8EB384E8FC4D,Stainless Steel Inset Sink 1.0 Bowl with Drainer,Kitchens,Custom,,Number,1.0,,
10B97FBA-B7BA-56CD-9936-D41D6233CA12,Stainless Steel Inset Sink 1.5 Bowl with Drainer,Kitchens,Custom,,Number,1.0,,
4779B912-2BC5-5834-92EB-267E22273FCF,Cooker Hood 60cm,Kitchens,Custom,,Number,1.0,,
030DA8C8-DE2E-592E-9EFC-D42D4F417087,Kitchen Cabinet Handle,Kitchens,Custom,,Number,1.0,,
D7241D44-B14E-5054-9214-C01EBB62F6C7,Kitchen Unit Leg (Adjustable),Kitchens,Custom,,Number,1.0,,
1D9E8F2A-1783-5BDB-BF3D-962AB792BC6A,Addressable Optical Smoke Detector,Fire Alarm,Custom,,Number,1.0,,
90940934-B139-5BDD-8479-C4DC5CB3F8D4,Addressable Heat Detector A1R,Fire Alarm,Custom,,Number,1.0,,
8D874624-1DAF-550F-83A1-5BCDDF36EF22,Addressable Heat Detector CS (Fixed Temp),Fire Alarm,Custom,,Number,1.0,,
B23F561C-0402-5567-8754-011324669B94,Addressable Multi-Sensor Detector,Fire Alarm,Custom,,Number,1.0,,
2A1A5590-47B0-5D15-983D-3F91D1E3D94E,Addressable Detector Base Standard,Fire Alarm,Custom,,Number,1.0,,
E5ED0B6F-FB51-52D5-BD5B-3E68A33E72DE,Addressable Detector Base Deep,Fire Alarm,Custom,,Number,1.0,,
E460F40C-75CA-5297-9B7F-285A52F44FCF,Addressable Manual Call Point Red Resettable,Fire Alarm,Custom,,Number,1.0,,
3A9F8F9B-F0FE-55AF-9744-1F08393D47DA,Addressable Wall Sounder Red,Fire Alarm,Custom,,Number,1.0,,
8AD0CDC9-09B4-5F8B-B677-75F3F0189008,Addressable Wall Sounder Beacon Red,Fire Alarm,Custom,,Number,1.0,,
6F69F96D-8333-5666-8305-4ED524603FC1,Addressable Visual Alarm Device (VAD) Wall,Fire Alarm,Custom,,Number,1.0,,
AFF91FAE-6EE0-5131-995D-D5E11B4278B7,Addressable Sounder Base,Fire Alarm,Custom,,Number,1.0,,
4B36BD48-D101-5E14-8DF2-6FD023B6CCA9,Addressable Input/Output Module,Fire Alarm,Custom,,Number,1.0,,
FD30B248-D35D-557B-80EC-B89688E9F829,Addressable Loop Isolator Module,Fire Alarm,Custom,,Number,1.0,,
7B3A1A58-C170-5902-AF89-5E764F9B02EE,Addressable Fire Alarm Panel 2 Loop,Fire Alarm,Custom,,Number,1.0,,
C16A268E-DDAA-56F1-8918-CC93876D6675,Addressable Fire Alarm Panel 4 Loop,Fire Alarm,Custom,,Number,1.0,,
2BAC8417-A4AD-5087-BB1A-35221833BB9F,Fire Alarm Repeater Panel,Fire Alarm,Custom,,Number,1.0,,
08E62248-361D-56AF-BA1C-5FF5E92DEA48,Conventional Optical Smoke Detector,Fire Alarm,Custom,,Number,1.0,,
73C4AA2F-EAB5-5C7E-906F-05AD8EF79794,Conventional Heat Detector A1R,Fire Alarm,Custom,,Number,1.0,,
EEA63D7A-CEAA-5CC3-8048-70A384FDBA48,Conventional Heat Detector CS (Fixed Temp),Fire Alarm,Custom,,Number,1.0,,
D954E8D1-35A5-5E8F-B1C1-87399A9BADF2,Conventional Detector Base,Fire Alarm,Custom,,Number,1.0,,
DA5293FA-7ADF-5ABC-92A8-79527DCC5C73,Conventional Manual Call Point Red Resettable,Fire Alarm,Custom,,Number,1.0,,
DA411C07-6343-5120-A181-BEBBB5238B07,Conventional Wall Sounder Red,Fire Alarm,Custom,,Number,1.0,,
7DD18BAE-C8F8-559E-BE98-72443ED8B1D2,Conventional Wall Sounder Beacon Red,Fire Alarm,Custom,,Number,1.0,,
186D545D-C7C6-5DBC-8BFA-26EF35E44284,Conventional Fire Alarm Panel 2 Zone,Fire Alarm,Custom,,Number,1.0,,
348446F1-45A7-5A89-8BF9-1932F293F6CD,Conventional Fire Alarm Panel 4 Zone,Fire Alarm,Custom,,Number,1.0,,
D527B737-E4BD-50BD-B566-982799CB376D,Conventional Fire Alarm Panel 8 Zone,Fire Alarm,Custom,,Number,1.0,,
705182C5-C60D-59FA-847E-D308EF0A8FC1,Optical Beam Detector,Fire Alarm,Custom,,Number,1.0,,
F7E1422F-D010-52F3-8F93-33BE1764CBB3,Manual Call Point Protective Cover,Fire Alarm,Custom,,Number,1.0,,
27755B95-5E94-57AA-9AE3-1DE52FE4ED2C,Mains Smoke Alarm Optical with Battery Backup,Fire Alarm,Custom,,Number,1.0,,
0C0BF165-3C3A-59D1-A875-40B0237B17F7,Mains Heat Alarm with Battery Backup,Fire Alarm,Custom,,Number,1.0,,
F28FD13E-369A-5E9B-B0F6-3A579E5681B4,Carbon Monoxide Alarm,Fire Alarm,Custom,,Number,1.0,,
E9F36724-3634-54A3-B74A-BEF1DFBD41E4,Door Retainer Magnetic 24V,Fire Alarm,Custom,,Number,1.0,,
A375651E-252E-5855-8565-9441F20C84AE,Fire Alarm Lockable Fused Spur Red,Fire Alarm,Custom,,Number,1.0,,
9F59FD53-A8D8-5387-A041-C37571504E89,Fire Alarm Zone Chart,Fire Alarm,Custom,,Number,1.0,,
8D20AD0E-DBEC-5911-B7C0-ADEB3C223E12,Fire Alarm Log Book,Fire Alarm,Custom,,Number,1.0,,
5D20F6BA-E988-54A7-9213-4C65C0F8520A,SLA Battery 12V 7Ah,Fire Alarm,Custom,,Number,1.0,,
8B271550-E16B-5B30-AB2F-773318A163B8,SLA Battery 12V 12Ah,Fire Alarm,Custom,,Number,1.0,,
AEDAF3C3-640B-5A62-A569-05CDEC1D6E49,SLA Battery 12V 17Ah,Fire Alarm,Custom,,Number,1.0,,
6D079FF1-858B-548E-B518-C0C20A95A016,SLA Battery 12V 24Ah,Fire Alarm,Custom,,Number,1.0,,
2C07CA2D-CBAC-54E0-89E4-3BE6733DD2AB,Intumescent Acrylic Sealant,Fire Stopping,Custom,,Number,310ML,,
22F9369D-2288-5335-B711-772EEA6F7700,Fire Rated Expanding Foam,Fire Stopping,Custom,,Number,750ML,,
5361CD55-5CAA-575E-B62F-2297D2987511,Intumescent Pipe Collar 55mm,Fire Stopping,Custom,,Number,1.0,,
AFA61073-0F35-5E8E-B9A3-14ACC968A9E2,Intumescent Pipe Collar 82mm,Fire Stopping,Custom,,Number,1.0,,
20E6D7E0-799E-54AD-8663-C3D83E20D144,Intumescent Pipe Collar 110mm,Fire Stopping,Custom,,Number,1.0,,
0AE2454A-9701-5B92-A8E7-932BE5FC388E,Intumescent Pipe Collar 160mm,Fire Stopping,Custom,,Number,1.0,,
C11EBF7B-04F3-51D7-AD44-4806D9E236E0,Intumescent Pipe Wrap 32mm,Fire Stopping,Custom,,Number,1.0,,
50605BB8-C381-5389-803A-129D630262FA,Intumescent Pipe Wrap 40mm,Fire Stopping,Custom,,Number,1.0,,
7D467F1D-4531-5C91-8D61-6241EE1AB76B,Intumescent Pipe Wrap 55mm,Fire Stopping,Custom,,Number,1.0,,
2CF7DDFB-5A54-5E7F-9811-E51EE547C395,Intumescent Pipe Wrap 110mm,Fire Stopping,Custom,,Number,1.0,,
D4E0B720-E29E-5107-B46A-870220905F73,Coated Fire Batt 1200x600x50mm,Fire Stopping,Custom,,Number,1.0,,
90D1534A-9193-519A-A841-A843A1CCE8A2,Coated Fire Batt 1200x600x60mm,Fire Stopping,Custom,,Number,1.0,,
A392E1AF-8B24-5875-9DDC-80B8B18CE7FA,Fire Pillow Small,Fire Stopping,Custom,,Number,1.0,,
94639EDC-DD9B-5C1D-80A9-685E03390510,Fire Pillow Medium,Fire Stopping,Custom,,Number,1.0,,
CF8538C1-969D-5D4A-BDAB-CAF166BA7C83,Fire Pillow Large,Fire Stopping,Custom,,Number,1.0,,
21F5EFD6-8922-540C-9D08-0BB0CBA93368,Fire Stopping Mortar,Fire Stopping,Custom,,Number,1.0,,
CBA081FA-2989-59DF-B2A6-58A2861887EE,Intumescent Putty Pad (Back Box),Fire Stopping,Custom,,Number,1.0,,
1582B773-A484-52F7-BFF5-E57CC2431148,Ablative Coating Fire Stop,Fire Stopping,Custom,,Number,1.0,,
1D2B0776-9722-5A8E-932A-541BD3087A9F,Fire Stopping Identification Labels,Fire Stopping,Custom,,Box,,,
0F4F696A-A3A9-5E63-BF9F-52CBE8B2E43D,Sprinkler Head Pendant 68 Deg C K80,Sprinklers,Custom,,Number,1.0,,
324B46A2-E806-5DF4-B231-94985DC71333,Sprinkler Head Concealed 68 Deg C K80,Sprinklers,Custom,,Number,1.0,,
CC698E5A-FB47-527F-A537-677061995B16,Sprinkler Head Sidewall 68 Deg C K80,Sprinklers,Custom,,Number,1.0,,
319A58B6-4B0B-551C-BC5B-E6532ABBAA7C,Sprinkler Head Upright 68 Deg C K80,Sprinklers,Custom,,Number,1.0,,
6C028535-BDF9-533B-8ECF-A90F14BCF82C,Sprinkler Escutcheon Recessed,Sprinklers,Custom,,Number,1.0,,
15BA999A-629E-5EF0-8B50-D016B70C2AF9,Sprinkler Head Guard,Sprinklers,Custom,,Number,1.0,,
7ABAE574-7477-54AA-A28C-7159252BD461,Sprinkler Flexible Drop 700mm,Sprinklers,Custom,,Number,1.0,,
E6140F7D-E31C-51FC-925E-849E52FE9015,Sprinkler Flexible Drop 1000mm,Sprinklers,Custom,,Number,1.0,,
9F7C3880-F16D-5DD3-9109-E63C2C4AEC3F,Sprinkler Flexible Drop 1200mm,Sprinklers,Custom,,Number,1.0,,
7EDCD072-8B5F-5E55-84A0-73C2D8E4D22D,Sprinkler Spare Head Cabinet,Sprinklers,Custom,,Number,1.0,,
735546AB-970F-5F4A-BC26-FCFFCA860D1E,Sprinkler Alarm Valve Set DN100,Sprinklers,Custom,,Number,1.0,,
7A256FAF-B2B3-5E31-9B0A-8D4E7C882CC2,Sprinkler Alarm Valve Set DN150,Sprinklers,Custom,,Number,1.0,,
13BE9A32-C7A7-5704-8758-03638696828F,DN25 Red Painted Steel Sprinkler Pipe Grooved - 6m,Sprinklers,Custom,,Length,,6,M
321FAF7F-8430-5BD4-A55E-30A6F852CE30,DN32 Red Painted Steel Sprinkler Pipe Grooved - 6m,Sprinklers,Custom,,Length,,6,M
ECC40B23-E2DE-59CE-B4DA-07C939C6DB64,DN50 Red Painted Steel Sprinkler Pipe Grooved - 6m,Sprinklers,Custom,,Length,,6,M
7DB2420F-AA4D-5A1E-89FD-A80B4A308748,DN65 Red Painted Steel Sprinkler Pipe Grooved - 6m,Sprinklers,Custom,,Length,,6,M
439E6289-39C0-56D6-B84C-F8A552D167B3,DN80 Red Painted Steel Sprinkler Pipe Grooved - 6m,Sprinklers,Custom,,Length,,6,M
14A90B9C-047F-5833-B57F-88105C7DD8E6,DN100 Red Painted Steel Sprinkler Pipe Grooved - 6m,Sprinklers,Custom,,Length,,6,M
1FC6E9BE-7576-53DB-865F-3F8B90753C90,DN50 Grooved Rigid Coupling,Sprinklers,Custom,,Number,1.0,,
8B068264-9E67-56CC-B2AE-9FD4B0362C1C,DN50 Grooved Flexible Coupling,Sprinklers,Custom,,Number,1.0,,
6C82603B-8597-557A-B9CD-EECE5D21259C,DN50 Grooved 90 Deg Elbow,Sprinklers,Custom,,Number,1.0,,
50589B20-8AAD-5657-A872-EDACED463BEE,DN50 Grooved Equal Tee,Sprinklers,Custom,,Number,1.0,,
9A897CED-284D-50E4-8AD6-2EA6AB42F469,DN65 Grooved Rigid Coupling,Sprinklers,Custom,,Number,1.0,,
4FB1BF0F-B747-57F8-A8DE-EBFAE7A90702,DN65 Grooved Flexible Coupling,Sprinklers,Custom,,Number,1.0,,
BE78A988-8B52-5935-BB10-5FADD5C4031F,DN65 Grooved 90 Deg Elbow,Sprinklers,Custom,,Number,1.0,,
4AE06A95-72D1-52A0-A9D0-B635390DAB76,DN65 Grooved Equal Tee,Sprinklers,Custom,,Number,1.0,,
274E9153-761F-5B0F-920C-67C2682A8173,DN80 Grooved Rigid Coupling,Sprinklers,Custom,,Number,1.0,,
534B3871-EE17-5637-93F3-41C87786FE3A,DN80 Grooved Flexible Coupling,Sprinklers,Custom,,Number,1.0,,
5ED2A4A4-30B2-5BF5-A1A9-0E15DE72A080,DN80 Grooved 90 Deg Elbow,Sprinklers,Custom,,Number,1.0,,
753D89EA-7F4E-5C07-9B44-97D4D9EB2114,DN80 Grooved Equal Tee,Sprinklers,Custom,,Number,1.0,,
83601F9D-AC4F-5B8B-B6DD-A5124EC5345B,DN100 Grooved Rigid Coupling,Sprinklers,Custom,,Number,1.0,,
4707CF77-46E8-5BD6-A9AF-B4045A722832,DN100 Grooved Flexible Coupling,Sprinklers,Custom,,Number,1.0,,
1A7EC3E3-78DB-5139-9332-4A9C7592B18B,DN100 Grooved 90 Deg Elbow,Sprinklers,Custom,,Number,1.0,,
B3D2216A-CEE7-5967-8142-34C711ACBE4A,DN100 Grooved Equal Tee,Sprinklers,Custom,,Number,1.0,,
F42F6CCD-3E13-51EE-8015-D868F8050C95,DN50 Sprinkler Flow Switch,Sprinklers,Custom,,Number,1.0,,
4933C050-70F3-500D-BE44-91E758FD8521,DN80 Sprinkler Flow Switch,Sprinklers,Custom,,Number,1.0,,
CE582881-7A94-5C18-9714-08765170E750,DN100 Sprinkler Flow Switch,Sprinklers,Custom,,Number,1.0,,
D68E90A6-E9BD-5F5D-9CDB-96801189B12B,CO2 Fire Extinguisher,Fire Protection,Custom,,Number,2KG,,
E4074305-4400-5B46-B58C-9590D9719BA5,CO2 Fire Extinguisher (Large),Fire Protection,Custom,,Number,5KG,,
37046F02-FE38-5CCC-9361-DF8AE79A35EB,Foam Fire Extinguisher,Fire Protection,Custom,,Number,6L,,
D71C4E7D-0D40-5F15-8DFE-E8BAA0801031,Foam Fire Extinguisher (Large),Fire Protection,Custom,,Number,9L,,
E335CA96-E4B6-58FC-828B-C95D64FE296E,Water Fire Extinguisher,Fire Protection,Custom,,Number,9L,,
70012F31-4FEF-5CA4-8970-DAEE087905FC,Dry Powder Fire Extinguisher,Fire Protection,Custom,,Number,6KG,,
FF977D50-BF2F-5DDC-B640-23C3404347C9,Dry Powder Fire Extinguisher (Large),Fire Protection,Custom,,Number,9KG,,
8CBB6E11-0EDE-5BFA-BAE5-E8D959C20F3B,Wet Chemical Fire Extinguisher,Fire Protection,Custom,,Number,6L,,
60C7CDF3-E5A6-5720-B87B-CF48F5D9A8B7,Fire Blanket 1.2x1.2m,Fire Protection,Custom,,Number,1.0,,
8DAD0EE5-F2A8-5C5C-B294-66B11FC2D375,Fire Extinguisher Stand Single,Fire Protection,Custom,,Number,1.0,,
4CC85C5B-C129-5472-B302-BC4F4A5289E7,Fire Extinguisher Stand Double,Fire Protection,Custom,,Number,1.0,,
8E612929-969F-5C0B-915F-A15452CA179D,Fire Rated Downlight Hood,Fire Protection,Custom,,Number,1.0,,
DCCAC318-F74D-5C4F-9260-AE79C55BEAB1,Intumescent Strip with Smoke Seal 10x4mm x 2.1m,Fire Protection,Custom,,Number,1.0,,
6E5B82A7-297A-5F85-AFA4-82AE02C16FF8,Intumescent Strip with Smoke Seal 15x4mm x 2.1m,Fire Protection,Custom,,Number,1.0,,
0C619F1C-0F7F-5482-9102-10CE82E5B05F,Fire Door Retainer (Acoustic Battery),Fire Protection,Custom,,Number,1.0,,
D055847F-AA49-5BE7-A9C9-3655955A84B9,Dry Riser Inlet Breeching,Fire Protection,Custom,,Number,1.0,,
45C63C71-087A-5A55-B03A-8ECECB7CAA29,Dry Riser Landing Valve,Fire Protection,Custom,,Number,1.0,,
922B9FC3-594F-5200-A1E3-61E55908F858,IP Bullet Camera 4MP,CCTV,Custom,,Number,1.0,,
5CDDA6A9-4A31-5560-96AC-81227CBE6816,IP Bullet Camera 8MP,CCTV,Custom,,Number,1.0,,
813D76C1-8833-5D3B-ABA7-C05A9358A36C,IP Dome Camera 4MP,CCTV,Custom,,Number,1.0,,
432DE859-DE0C-5075-9992-A12C6E1C2B74,IP Dome Camera 8MP,CCTV,Custom,,Number,1.0,,
36129BB6-53DA-5E7F-AC59-564C77371BD8,IP PTZ Camera 4MP,CCTV,Custom,,Number,1.0,,
7CADB6AF-12B7-53B8-95B4-5FBF2A6F6986,Network Video Recorder 4 Channel PoE,CCTV,Custom,,Number,1.0,,
FE4A3969-58FD-55A5-B451-B38999710508,Network Video Recorder 8 Channel PoE,CCTV,Custom,,Number,1.0,,
51AE315D-88E7-5EAF-BE00-BDF61A76D85E,Network Video Recorder 16 Channel PoE,CCTV,Custom,,Number,1.0,,
DFF29BD4-F58D-54D3-83E6-38E185B265BB,Network Video Recorder 32 Channel,CCTV,Custom,,Number,1.0,,
7241FC1B-5443-5123-B27A-E5A73323190D,Surveillance Hard Drive 2TB,CCTV,Custom,,Number,1.0,,
D59D0AFE-5703-5CBE-B24F-95975D954224,Surveillance Hard Drive 4TB,CCTV,Custom,,Number,1.0,,
7EC3D349-2DD5-556F-8A01-122DF557F898,Surveillance Hard Drive 8TB,CCTV,Custom,,Number,1.0,,
5064777C-A744-5D97-BADD-A2C70734AEA7,CCTV Monitor 22in,CCTV,Custom,,Number,1.0,,
C4A68BA5-D566-5913-AD1C-D29ABF9FDCAA,CCTV Camera Junction Box,CCTV,Custom,,Number,1.0,,
61EE7030-DBD1-579F-915A-13AB3CAFCC99,CCTV Camera Pole Mount Bracket,CCTV,Custom,,Number,1.0,,
72524FFC-5F9C-5021-B714-A8557B74C8D0,CCTV Camera Corner Mount Bracket,CCTV,Custom,,Number,1.0,,
F3B5A2DF-4FCC-5904-9C49-70178355B337,Proximity Reader Standalone,Access Control,Custom,,Number,1.0,,
8AB45CEB-EFBA-5894-AE32-73B5AFCE6A4C,Proximity Reader Networked,Access Control,Custom,,Number,1.0,,
BDAB78CD-AFC2-5D79-BD63-5B7B06A96D79,Access Control Keypad,Access Control,Custom,,Number,1.0,,
5B34AC70-8281-5CBA-BCBF-65C9AB2A430E,Maglock 300kg Single,Access Control,Custom,,Number,1.0,,
3E25BB45-2F48-5040-8F4B-499D0B5F9264,Maglock 600kg Single,Access Control,Custom,,Number,1.0,,
1BFE91D0-B637-55D1-9145-1DA46CA0847D,Maglock 600kg Double,Access Control,Custom,,Number,1.0,,
1CAF4B32-BD8C-55F3-90C6-36DE57CF367F,Electric Door Strike Fail Safe 12V,Access Control,Custom,,Number,1.0,,
09DF3AAE-D280-592C-BF0D-08E30E68EA21,Electric Door Strike Fail Secure 12V,Access Control,Custom,,Number,1.0,,
294DD41B-9620-5CCE-BDCB-373462468EA8,Push to Exit Button,Access Control,Custom,,Number,1.0,,
38C7D89E-96CD-507C-927B-BE0D820E83E7,Emergency Door Release Green Break Glass,Access Control,Custom,,Number,1.0,,
2C86F1A0-9D67-5615-9CDC-216FDFB1463A,Access Controller 2 Door,Access Control,Custom,,Number,1.0,,
E07E8477-53EF-50DF-BCAC-F772E2CBFBBA,Access Controller 4 Door,Access Control,Custom,,Number,1.0,,
4C30126B-DA98-5A60-9FDE-926CBB17A0C1,Power Supply 12V 2A Boxed,Access Control,Custom,,Number,1.0,,
F5701678-3C74-521B-A10C-DAB26519DDC0,Power Supply 12V 3A Boxed,Access Control,Custom,,Number,1.0,,
16B07143-F58E-5376-9A15-12F09C38D31F,Power Supply 12V 5A Boxed,Access Control,Custom,,Number,1.0,,
9F1B7D84-1F62-545B-8046-9AC12D3CFEC4,Door Contact Magnetic Surface,Access Control,Custom,,Number,1.0,,
E84DEE31-0158-5387-B48E-F2C7854F5486,Audio Door Entry Kit 1 Way,Access Control,Custom,,Number,1.0,,
A18A2332-CD94-5626-9DBE-C5828DFAE2AA,Video Door Entry Kit 1 Way,Access Control,Custom,,Number,1.0,,
3C12FDD5-0130-574F-9B04-CE77FE9A0125,Video Door Entry Kit 2 Way,Access Control,Custom,,Number,1.0,,
8818AAF1-98E0-5C8C-8843-2356CC062AF2,Proximity Fobs,Access Control,Custom,,Box,,,
E52761C9-5A91-597D-966F-5D9E79E6CE57,Proximity Cards,Access Control,Custom,,Box,,,
9267E1CC-4C8D-5A6A-819D-82D81377D55A,Intruder Alarm Panel Grade 2 8 Zone (Expandable),Intruder Alarm,Custom,,Number,1.0,,
5CDAB8A6-418E-598E-88E1-59F39B5489C7,Intruder Alarm LCD Keypad,Intruder Alarm,Custom,,Number,1.0,,
E80DD697-178F-530D-A8E7-A76B57B99AD5,PIR Detector Grade 2,Intruder Alarm,Custom,,Number,1.0,,
219F3483-95F5-5CB4-B76E-EF7638419D6A,Dual Tech Detector Grade 2,Intruder Alarm,Custom,,Number,1.0,,
52F41A02-0E3B-5633-85A2-00963AA5F6F3,Door Contact Flush,Intruder Alarm,Custom,,Number,1.0,,
397EFE33-3943-59AB-8DE7-721CE4DE6540,Door Contact Surface,Intruder Alarm,Custom,,Number,1.0,,
4CAEE93C-1730-5803-BB8A-FFF64FD59D5C,External Bell Box Live,Intruder Alarm,Custom,,Number,1.0,,
A620BAAF-56D7-551B-BADF-E65CE6624994,External Bell Box Dummy,Intruder Alarm,Custom,,Number,1.0,,
56B9BFB4-9073-5378-B3D3-7CD6F6888074,Internal Sounder,Intruder Alarm,Custom,,Number,1.0,,
163AFC1E-8032-5F6F-A0F7-342F2D2C9CA9,Panic Attack Button,Intruder Alarm,Custom,,Number,1.0,,
AD00C372-2AFA-5C56-AC2C-742AE93A72EE,Intruder Alarm Remote Fob,Intruder Alarm,Custom,,Number,1.0,,
C640D966-46E5-507E-98C3-0B8B02A5E972,Intruder Alarm Dual Path Communicator,Intruder Alarm,Custom,,Number,1.0,,
2A0273DD-F5C8-544B-A4FC-8D4CC72A1341,Alarm Cable 4 Core 7/0.2 White (100m Box),Intruder Alarm,Custom,,Box,,100,M
08E772AA-0509-570E-AED3-85B0224C178C,Alarm Cable 6 Core 7/0.2 White (100m Box),Intruder Alarm,Custom,,Box,,100,M
211769E4-61AD-590B-B1B5-7D202E84BF43,Alarm Cable 8 Core 7/0.2 White (100m Box),Intruder Alarm,Custom,,Box,,100,M
95833AA7-4F35-5D05-92F8-3C64A7EF03E7,Police Approved Key Safe,Security,Custom,,Number,1.0,,
A7D68B5B-3CA6-58A6-B4D2-4C8EA0206D1D,Key Cabinet 20 Keys,Security,Custom,,Number,1.0,,
E070EB90-DCB4-554D-8230-A8CD8927AE5D,Key Cabinet 50 Keys,Security,Custom,,Number,1.0,,
900AEAFD-3256-5561-B1C2-64E262BA5DD7,Padlock Brass 40mm,Security,Custom,,Number,1.0,,
2D12E552-20E1-5A30-BB03-E10975224EA9,Padlock Brass 50mm,Security,Custom,,Number,1.0,,
E5C44E40-B524-5752-9401-71D2737F9D13,Hasp & Staple Heavy Duty,Security,Custom,,Number,1.0,,
CE046904-DD39-59C8-A1AD-20EA15E7D4FA,Anti-Climb Paint,Security,Custom,,Number,5L,,
553B8DAD-3280-53D5-B081-3480C7B76813,BMS Controller Outstation,BMS,Custom,,Number,1.0,,
041A8407-0FD3-57FE-A8AE-2A56C8181CB6,BMS I/O Expansion Module,BMS,Custom,,Number,1.0,,
A9FE7624-BC39-5302-9847-C3CA689E9865,Room Temperature Sensor Wall,BMS,Custom,,Number,1.0,,
E21910D1-5B92-5B10-88A8-A1562A676EEF,Duct Temperature Sensor,BMS,Custom,,Number,1.0,,
BAC68EDF-88EE-5269-B867-8E8D5BA0B8BD,Immersion Temperature Sensor with Pocket,BMS,Custom,,Number,1.0,,
C9DFECA5-2113-5B68-B7A8-1F0EE8D04620,Outside Air Temperature Sensor,BMS,Custom,,Number,1.0,,
E64BF852-711E-55CB-844A-40A57AB3FC5F,Room Humidity Sensor,BMS,Custom,,Number,1.0,,
B52A86B3-2E12-54FF-9C22-86D508AE5BFD,Duct Humidity Sensor,BMS,Custom,,Number,1.0,,
534BED30-1E17-55CF-864A-51D1C33DFF07,Room CO2 Sensor,BMS,Custom,,Number,1.0,,
74B345F2-16D3-529D-AC64-124BE5D620F2,Duct CO2 Sensor,BMS,Custom,,Number,1.0,,
14F945F9-8EBC-5619-B1FF-1A4A53768DD2,Differential Pressure Switch Air 20-300Pa,BMS,Custom,,Number,1.0,,
BDD09CF3-FD37-561E-AD5E-FD4C030187B1,Differential Pressure Sensor Water,BMS,Custom,,Number,1.0,,
0D0662DD-9415-55D0-8D65-51A399F0A271,Current Sensor Split Core,BMS,Custom,,Number,1.0,,
6CC50A4D-15C4-557D-A3F6-0C133CCA7D9F,Water Flow Switch 1in,BMS,Custom,,Number,1.0,,
F77695CE-7FAE-5719-BE31-F5D7F777E831,Frost Thermostat Capillary,BMS,Custom,,Number,1.0,,
4CD5FAA0-D31A-51B7-9B45-EF58F255943F,Room Controller with Display,BMS,Custom,,Number,1.0,,
BA7E1443-7F4C-5B34-8783-23B0701D690F,BMS Control Panel Enclosure Steel 600x600x200mm,BMS,Custom,,Number,1.0,,
FEDE32B1-DE09-5471-9506-1467794B0BF5,DIN Rail Relay 24V Coil,Controls,Custom,,Number,1.0,,
674A6300-C88D-51AD-8DFE-A252F408BE90,DIN Rail Relay 230V Coil,Controls,Custom,,Number,1.0,,
76AE0071-3085-57E3-BAAA-1FE048486587,DIN Rail Power Supply 24V DC 2.5A,Controls,Custom,,Number,1.0,,
EFDF50F2-D8C2-59EE-9A19-863F99B0F1FF,DIN Rail Power Supply 24V DC 5A,Controls,Custom,,Number,1.0,,
13FB2A92-604E-51F2-B0BB-28C5E5E0B466,Control Transformer 230/24V AC 50VA,Controls,Custom,,Number,1.0,,
CA9232B5-FCE4-5D52-B353-C06A7BC99FD1,Control Transformer 230/24V AC 100VA,Controls,Custom,,Number,1.0,,
11E3C557-6D63-5AD2-BCA2-473309BF6EC7,ABS Enclosure IP65 Small,Controls,Custom,,Number,1.0,,
61856B97-B8DC-5460-880F-BF0BED139D51,ABS Enclosure IP65 Medium,Controls,Custom,,Number,1.0,,
C2CAE477-2E2D-55AF-86B2-9B5D9C32356B,ABS Enclosure IP65 Large,Controls,Custom,,Number,1.0,,
D8D0330A-D23B-5387-9B7B-FF6E2FDFC461,DIN Rail Terminal Block 2.5mm2,Controls,Custom,,Box,,,
33B875BE-0231-56B5-8CE4-6939B9646111,DIN Rail Terminal Block 4mm2,Controls,Custom,,Box,,,
82B4885D-2F26-5DAF-858E-294D7C522686,DIN Rail Earth Terminal Block 4mm2,Controls,Custom,,Box,,,
DC691174-FD9D-5085-8CD3-CE92D97EB660,DIN Rail 35mm Top Hat - 1m,Controls,Custom,,Length,,1,M
96EE570F-9B95-5850-BD0C-6ED32816A137,Cat5e U/UTP LSZH Cable (305m Box),Data,Custom,,Box,,305,M
51AA205B-9B5B-534D-97C8-ADFDE638ED09,Cat6 U/UTP LSZH Cable (305m Box),Data,Custom,,Box,,305,M
1C3EB827-A4F8-53FD-AC7F-2D0A9FF5193B,Cat6 F/UTP LSZH Cable (305m Box),Data,Custom,,Box,,305,M
5CAB4552-D952-5EF9-AA47-DE500F7C89D2,Cat6 External PE Cable Black (305m Box),Data,Custom,,Box,,305,M
37A0EB42-8F2D-5157-9897-993D69C5F4FC,Cat6A U/FTP LSZH Cable (500m Drum),Data,Custom,,Drum,,500,M
6014352F-DD65-525C-8822-7A6D844B63AB,8 Core OM4 Multimode Armoured Fibre Cable,Data,Custom,,Length,,1,M
1798805A-F58C-5058-B2FC-91390B47C195,12 Core OM4 Multimode Armoured Fibre Cable,Data,Custom,,Length,,1,M
38A23169-742E-5030-BF29-09B0D248C5E1,12 Core OS2 Singlemode Armoured Fibre Cable,Data,Custom,,Length,,1,M
78CDEDA6-F8D0-59A5-9D1D-B05DD137B7F8,24 Core OS2 Singlemode Armoured Fibre Cable,Data,Custom,,Length,,1,M
2B5B2228-33A6-5764-B1BC-09E640537EF1,Cat6 Patch Panel 24 Port 1U,Data,Custom,,Number,1.0,,
462973C4-2F10-5223-B2A1-8317A70C4F99,Cat6 Patch Panel 48 Port 2U,Data,Custom,,Number,1.0,,
D4B12F39-4813-5C08-862A-CD3CF0A043DB,Cat6A Patch Panel 24 Port 1U,Data,Custom,,Number,1.0,,
1AADA840-502E-5CEC-AB62-2F42A01C1B68,Cat6 RJ45 Keystone Module,Data,Custom,,Number,1.0,,
D3381A33-C05E-5023-A0D8-48F4B0DA1E17,Cat6A RJ45 Keystone Module,Data,Custom,,Number,1.0,,
CA72AEB6-C00D-50F3-B2BA-0621EF8BDC94,Data Outlet Faceplate 1 Gang 1 Port,Data,Custom,,Number,1.0,,
FB56861C-20C0-5029-8949-66167D35FC19,Data Outlet Faceplate 1 Gang 2 Port,Data,Custom,,Number,1.0,,
8BDF5B99-0945-512E-A0F8-75BA764B0D39,Data Outlet Faceplate Euro Module,Data,Custom,,Number,1.0,,
2CE309EB-A850-5BC9-A13E-46E168981835,Cat6 Patch Lead 0.5m,Data,Custom,,Number,1.0,,
3436F9C4-15A3-56C1-B2E4-7E641F2E2E0C,Cat6 Patch Lead 1m,Data,Custom,,Number,1.0,,
DE1C3B33-8FED-5C40-B9B3-495EAE667942,Cat6 Patch Lead 2m,Data,Custom,,Number,1.0,,
13939867-0A41-581B-BC7A-FD0375C73A80,Cat6 Patch Lead 3m,Data,Custom,,Number,1.0,,
E4998504-D51A-5151-8217-C29E3C3D99F0,Cat6 Patch Lead 5m,Data,Custom,,Number,1.0,,
53B26B9E-8EB5-5F88-AC12-69E4310550CB,Wall Mounted Data Cabinet 9U 600x450mm,Data,Custom,,Number,1.0,,
039BDE1F-9CA6-5B0C-8B89-EF887B2E7BAF,Wall Mounted Data Cabinet 12U 600x450mm,Data,Custom,,Number,1.0,,
B4C52264-6EE7-54D0-B064-6EB592896737,Floor Standing Data Cabinet 42U 800x1000mm,Data,Custom,,Number,1.0,,
2D1426F1-7AB3-58A1-A211-FC5CB4A1C564,Floor Standing Data Cabinet 42U 600x1000mm,Data,Custom,,Number,1.0,,
B3963A36-989A-5B87-B818-863F2B15E0A4,Cable Management Panel 1U,Data,Custom,,Number,1.0,,
FF850E93-F90E-53B9-AF85-0AE256D48592,Rack PDU 8 Way 1U,Data,Custom,,Number,1.0,,
F0909B5C-85F5-5083-A581-A03546F789FE,Fibre Patch Panel 12 Port LC Duplex,Data,Custom,,Number,1.0,,
E908C9A0-F9D8-5288-8C5D-7A6C27442307,Fibre Patch Panel 24 Port LC Duplex,Data,Custom,,Number,1.0,,
289ACF46-B5F2-5B5B-BD78-09515EFB430A,Fibre Patch Lead LC-LC OM4 1m,Data,Custom,,Number,1.0,,
1ACB180C-B8DA-5C36-BF22-43F550A80AEB,Fibre Patch Lead LC-LC OM4 2m,Data,Custom,,Number,1.0,,
D5271AAC-1226-5288-882B-B80F6CABEE3D,Fibre Patch Lead LC-LC OS2 2m,Data,Custom,,Number,1.0,,
0B4DF28C-18AF-5851-8A0D-BFBA9B863FA8,RJ45 Plug Cat6,Data,Custom,,Box,,,
6D1ED0D5-D8C7-59F1-943C-F22AC5FF0787,Fibre Pigtail LC OM4,Data,Custom,,Box,,,
3F6A584F-0E69-5406-9016-0F93EDD73356,Fibre Pigtail LC OS2,Data,Custom,,Box,,,
724E5D0C-3321-5482-A60D-FB6B6277DE6A,Cage Nut & Bolt M6,Data,Custom,,Box,,,
FFEEEC01-34CD-53B5-BE3F-A6537872B1D8,Hook & Loop Cable Tie Roll,Data,Custom,,Box,,,
710F3DCE-C86C-59C9-A9D5-8C9A6B58391A,Network Switch 8 Port PoE Unmanaged,Networking,Custom,,Number,1.0,,
B45AABF5-1D72-512C-B8D4-C316D1975C48,Network Switch 24 Port Gigabit PoE+ Managed,Networking,Custom,,Number,1.0,,
A2D8D55D-8881-533C-A58F-3FA8C2A2E921,Network Switch 48 Port Gigabit PoE+ Managed,Networking,Custom,,Number,1.0,,
6236A576-E822-5E0C-9D08-D4226FDF9305,Wireless Access Point Ceiling WiFi 6,Networking,Custom,,Number,1.0,,
97AC98AE-91C0-5792-A487-DCD341F1B726,Firewall Router (SMB),Networking,Custom,,Number,1.0,,
48E89A30-0BF2-58A9-A0FD-C4A6C30244D0,SFP Module 1G Multimode LC,Networking,Custom,,Number,1.0,,
C7A220C4-A2CC-556D-A48A-F653CBB3AF5D,SFP Module 1G Singlemode LC,Networking,Custom,,Number,1.0,,
87612C1A-5418-56FE-85B1-D7FBAC024C56,SFP+ Module 10G Multimode LC,Networking,Custom,,Number,1.0,,
07269890-5835-51C3-AC73-4532ED604281,Media Converter Gigabit Fibre to RJ45,Networking,Custom,,Number,1.0,,
BA6BDD79-986B-5BBE-8655-F530E002A196,PoE Injector Gigabit,Networking,Custom,,Number,1.0,,
8F509540-8F07-520B-8C6F-4627D70BD120,Rack Mount UPS 1.5kVA,Networking,Custom,,Number,1.0,,
8F674DEE-F7FB-537A-AAEF-3001073D14A6,Rack Mount UPS 3kVA,Networking,Custom,,Number,1.0,,
A385B9B1-A314-5717-A55C-DBA6BF21F651,Ceiling Speaker 6.5in 100V Line,AV,Custom,,Number,1.0,,
17B864ED-CA7D-5F49-804E-7773ACE74DF2,Ceiling Speaker 6.5in Low Impedance,AV,Custom,,Number,1.0,,
91D8F219-A793-5295-ACA5-3A8C2118CB24,Mixer Amplifier 100V 120W,AV,Custom,,Number,1.0,,
828953E5-D537-5B19-AADA-374974C80F56,Mixer Amplifier 100V 240W,AV,Custom,,Number,1.0,,
DB6A17F0-81D1-57A3-9A04-6C54EC2365DF,HDMI Cable 1m,AV,Custom,,Number,1.0,,
226AE8B2-E58F-5677-B3D4-1F22E2D1E75C,HDMI Cable 2m,AV,Custom,,Number,1.0,,
D869BD60-9C4A-5C63-81C8-B398ADF52624,HDMI Cable 5m,AV,Custom,,Number,1.0,,
1D2D52C0-87DF-537F-8844-1D7C87AAF41D,HDMI Cable 10m,AV,Custom,,Number,1.0,,
CAF9CD84-AC30-534D-922A-02558965A1B1,HDMI Extender over Cat6 (HDBaseT),AV,Custom,,Number,1.0,,
950CFA3E-627A-58C8-ABF2-A10EFDBC07B3,HDMI Wall Plate Euro Module,AV,Custom,,Number,1.0,,
5D777426-4175-5EBD-AB9D-FE6BE47276E1,TV Wall Bracket Tilt 32-65in,AV,Custom,,Number,1.0,,
B8C58295-1B23-5FEC-BF82-E990F13056BF,TV Wall Bracket Tilt 43-90in,AV,Custom,,Number,1.0,,
33E86B7D-2726-5EC4-BE2C-7549C5BFC807,Commercial Display 55in,AV,Custom,,Number,1.0,,
232FCEA3-75BD-560E-AC0C-9F5CB83706AE,Commercial Display 65in,AV,Custom,,Number,1.0,,
47C971D4-0025-5AF5-8957-A44F6D80F0DD,Commercial Display 75in,AV,Custom,,Number,1.0,,
A8C5C561-E982-5AFC-8DAC-2EB0E5C59567,Hearing Loop Counter Kit,AV,Custom,,Number,1.0,,
B131006B-84C6-5DB6-8CE6-AD7BCF1CA3F5,Hearing Loop Room Kit,AV,Custom,,Number,1.0,,
57AB7203-8606-5CBE-B203-A587167E0C0E,1.5mm2 2 Core Speaker Cable LSZH (100m Drum),AV,Custom,,Drum,,100,M
B158BF2B-1A7B-51C5-B599-2E0A204FB797,2.5mm2 2 Core Speaker Cable LSZH (100m Drum),AV,Custom,,Drum,,100,M
3A728B9B-2EF5-5092-A61C-A351E013A802,WF100 Satellite/TV Coaxial Cable White (100m Drum),Communications,Custom,,Drum,,100,M
1E19A620-B2DC-5E46-A152-B06811AC946E,RG6 Coaxial Cable Black (100m Drum),Communications,Custom,,Drum,,100,M
35EA4B41-E81F-512C-8F66-87072D76458B,CW1308 Telephone Cable 2 Pair (100m Drum),Communications,Custom,,Drum,,100,M
1F75BB7F-51BB-5AC1-AD9F-DE93B31DBAF4,CW1308 Telephone Cable 4 Pair (100m Drum),Communications,Custom,,Drum,,100,M
19C30020-3632-5E60-9040-810F79797C57,F Connector Twist-On,Communications,Custom,,Box,,,
BA9BF62D-725C-5E4D-BC43-F30516D9E1CA,TV Distribution Amplifier 4 Way,Communications,Custom,,Number,1.0,,
0F99A07C-5909-5F2C-A23E-C5CE670B39D8,TV Distribution Amplifier 8 Way,Communications,Custom,,Number,1.0,,
0A3E7956-8AFE-5B99-B42E-8E01DA0D8CA7,F Type Splitter 2 Way,Communications,Custom,,Number,1.0,,
BEDD8A91-591D-5C3F-8A32-23E9B5D2831B,F Type Splitter 4 Way,Communications,Custom,,Number,1.0,,
ED388B8E-7858-5227-9D10-AD4B30E334AF,Digital TV Aerial with Mounting Kit,Communications,Custom,,Number,1.0,,
1FDC6E8E-77BB-5079-849C-AA1B9FD0E3CC,Satellite Dish Kit Quad LNB,Communications,Custom,,Number,1.0,,
9E5649A9-9E1C-5B25-A480-9074E742B8EC,Disabled Refuge EVC Outstation Type A,Communications,Custom,,Number,1.0,,
0A0C17EB-0A12-5D46-BFB1-CA8E5F7CB2A9,Disabled Refuge EVC Outstation Type B,Communications,Custom,,Number,1.0,,
9905AAD7-1826-5ADD-A80C-33847BB7B421,Disabled Refuge EVC Master Control 8 Line,Communications,Custom,,Number,1.0,,
875792F8-D079-5728-875A-5873AD38C39A,Disabled Toilet Alarm Kit,Communications,Custom,,Number,1.0,,
200EEAF4-9EF0-510F-9571-1BD7C1B5B109,Safety Helmet White,PPE,Custom,,Number,1.0,,
5667F199-56EB-5E1C-B63F-6889BC214392,Safety Helmet Blue,PPE,Custom,,Number,1.0,,
7FA7C5CC-B5F9-5F96-A806-F9ACF0B65A08,Hi-Vis Vest Yellow,PPE,Custom,,Number,1.0,,
BF4103BA-65EB-5956-A072-EB79560402F7,Hi-Vis Vest Orange,PPE,Custom,,Number,1.0,,
70650C2A-F0DE-52AE-A1E6-F200CF91522F,Hi-Vis Jacket Yellow,PPE,Custom,,Number,1.0,,
8D803858-15BE-5849-8857-5BBBC0A8C1FF,Safety Boots S3,PPE,Custom,,Number,1.0,,
026ED3DD-2AC2-5230-A67E-E1915CBC90FB,Safety Glasses Clear,PPE,Custom,,Number,1.0,,
5FEAE586-D264-58DA-BEE4-C0C49CAB9BF8,Safety Glasses Tinted,PPE,Custom,,Number,1.0,,
2F1A23FA-2A19-5204-94F6-99ABB696BDF0,Safety Goggles,PPE,Custom,,Number,1.0,,
7238192F-C476-5149-A1E7-87A8F45FD8F3,Ear Defenders,PPE,Custom,,Number,1.0,,
5FEAEE91-B2F7-5599-A2F8-0C0F24AB73CE,Half Mask Respirator,PPE,Custom,,Number,1.0,,
0A3A92FA-42C2-5356-B53A-7630307C1B03,Cut Resistant Gloves Level C (Pair),PPE,Custom,,Number,1.0,,
FC394867-E8E6-50CC-9604-9A46C8E7F40B,Rigger Gloves (Pair),PPE,Custom,,Number,1.0,,
F043E151-6351-51EA-BB69-9A32C50C553B,Welding Gauntlets (Pair),PPE,Custom,,Number,1.0,,
A9317C0B-6EDE-5CED-984D-AFD7EF425369,Knee Pads (Pair),PPE,Custom,,Number,1.0,,
D8A1423B-B2E2-55AB-A865-F919ABD52B7B,Disposable Coveralls Type 5/6,PPE,Custom,,Number,1.0,,
B60E3FFE-217A-54DF-A5BB-FE561CF2DD24,Full Body Harness,PPE,Custom,,Number,1.0,,
C58AC53F-F847-5B0B-9B9D-19AFE60DB0AA,Restraint Lanyard 1.5m,PPE,Custom,,Number,1.0,,
917D2639-FE17-56AA-B787-9C93FB62D31D,Shock Absorbing Lanyard 1.75m,PPE,Custom,,Number,1.0,,
EAF47FC5-9DF0-5EDF-9B16-654E4F18DDCF,First Aid Kit 10 Person,PPE,Custom,,Number,1.0,,
6B61B1A9-7818-5E5D-A0AA-0B32B68C05AD,First Aid Kit 20 Person,PPE,Custom,,Number,1.0,,
B6D7F8EA-07EC-5AEA-8B04-F259A078FD57,Eye Wash Station,PPE,Custom,,Number,1.0,,
96941606-2EF8-58A8-A8D7-001668CCF6DD,Ear Plugs Disposable,PPE,Custom,,Box,,,
C285B1FB-D640-53A7-B330-CBC6E5B3331B,Dust Mask FFP2,PPE,Custom,,Box,,,
75583C0C-D26E-5910-B8FC-01A6E0E94D7D,Dust Mask FFP3,PPE,Custom,,Box,,,
A12EB412-B4B7-5915-AC76-D19C83C7BFE5,Nitrile Disposable Gloves,PPE,Custom,,Box,,,
1C2F1A44-EE2C-5C7C-89BE-408597A674C8,SDS Plus Drill Bit 5.5x160mm,Tools,Custom,,Number,1.0,,
57C35EE8-A376-5129-BF26-C65506082778,SDS Plus Drill Bit 6x160mm,Tools,Custom,,Number,1.0,,
B97B52B4-41A3-5DA5-BE3E-7BC748421079,SDS Plus Drill Bit 8x160mm,Tools,Custom,,Number,1.0,,
C969E064-D862-54A6-839B-D8492C3D720E,SDS Plus Drill Bit 10x210mm,Tools,Custom,,Number,1.0,,
4F5BFD1A-3BD4-5EC4-B2BD-BAF77EE80C83,SDS Plus Drill Bit 12x210mm,Tools,Custom,,Number,1.0,,
87A4EF9D-8061-523E-B11E-3E1E172B01D3,SDS Plus Drill Bit 16x210mm,Tools,Custom,,Number,1.0,,
8E98639A-2FA8-56CB-86C5-8905CACBA9BF,Bi-Metal Hole Saw 22mm,Tools,Custom,,Number,1.0,,
66246EB2-343C-5E51-8D94-E2288D950076,Bi-Metal Hole Saw 25mm,Tools,Custom,,Number,1.0,,
95EAA22D-C278-58D8-9513-982F3956079D,Bi-Metal Hole Saw 32mm,Tools,Custom,,Number,1.0,,
988510CF-9068-514F-B071-721CF6A93576,Bi-Metal Hole Saw 38mm,Tools,Custom,,Number,1.0,,
38D7628A-32C4-5046-84E4-1D9EBE96F6EC,Bi-Metal Hole Saw 51mm,Tools,Custom,,Number,1.0,,
63A02150-EFD1-592B-8EDF-D1046D33DABB,Bi-Metal Hole Saw 64mm,Tools,Custom,,Number,1.0,,
D1A2A476-C225-58AE-A340-CAE8AFDFF689,Bi-Metal Hole Saw 76mm,Tools,Custom,,Number,1.0,,
68BEA86E-98A5-5247-8BA0-78499322451D,Bi-Metal Hole Saw 102mm,Tools,Custom,,Number,1.0,,
797FD6E3-D2B6-5DF8-97A8-2D7D8F1F2168,Bi-Metal Hole Saw 127mm,Tools,Custom,,Number,1.0,,
D1CE48B4-8DAD-50BF-A91C-6BE28404B476,Bi-Metal Hole Saw 152mm,Tools,Custom,,Number,1.0,,
053F77B9-A87A-58C6-A87E-B3E5FDF2BB89,Hole Saw Arbor,Tools,Custom,,Number,1.0,,
5C94856D-B674-5E92-A0FE-C060222E223E,Diamond Core Drill Bit 117mm,Tools,Custom,,Number,1.0,,
899BA408-1E3E-535E-B410-EC59265C3C4F,Diamond Core Drill Bit 127mm,Tools,Custom,,Number,1.0,,
13825546-6DEB-543D-8F39-6EED66762906,Diamond Core Drill Bit 152mm,Tools,Custom,,Number,1.0,,
83444F5B-9F1E-5D12-9680-02AFDB55927A,HSS Drill Bit Set,Tools,Custom,,Number,1.0,,
16B92A10-865A-50E0-A990-0076C7BAD7E3,Step Drill Bit 4-32mm,Tools,Custom,,Number,1.0,,
8CA3C4B1-5D6B-598B-8436-30EA4962E447,Metal Cutting Disc 115mm,Tools,Custom,,Number,1.0,,
B4C1CE93-062C-55B4-97EA-291363DCDFC8,Metal Cutting Disc 125mm,Tools,Custom,,Number,1.0,,
6A28DAD5-C2AE-5865-9876-F6FCA7146323,Diamond Cutting Disc 115mm,Tools,Custom,,Number,1.0,,
4DF7A0DA-589F-5956-A4DD-D08BE61E69CB,Diamond Cutting Disc 230mm,Tools,Custom,,Number,1.0,,
6C398D68-77A7-51EB-A4D0-313C50686496,Diamond Cutting Disc 300mm,Tools,Custom,,Number,1.0,,
84DB2FF6-51EB-5A2F-BF26-4C3F5D4C15AF,Draw Tape 30m,Tools,Custom,,Number,1.0,,
13A663FB-0554-5750-9DDA-D7A3F5ECE4FD,Cable Rod Kit,Tools,Custom,,Number,1.0,,
7A673D83-D970-5973-8924-92AC457D7163,Pipe Cutter 15mm & 22mm,Tools,Custom,,Number,1.0,,
55D9D1EA-F2A7-504E-BDE3-AFDD6836B95C,Mastic Gun Heavy Duty,Tools,Custom,,Number,1.0,,
A3C964A9-4DB2-50C6-BEFD-2A416C36D592,Tile Hole Saw Set,Tools,Custom,,Number,1.0,,
A8E9AB0D-9B2E-5AA5-AA6F-9000263F5A2A,Hacksaw Blades 12in,Tools,Custom,,Box,,,
6EF170C5-4615-527B-9926-DC1BDFCC4D1B,Junior Hacksaw Blades,Tools,Custom,,Box,,,
9F073D5E-D0CC-58E2-BCF7-43D754A7D028,Jigsaw Blades Wood,Tools,Custom,,Box,,,
E93ED5C1-50C7-5573-B6B1-659BF377AE44,Jigsaw Blades Metal,Tools,Custom,,Box,,,
49CD6F99-483F-568D-9643-17969FE5D723,Reciprocating Saw Blades Wood,Tools,Custom,,Box,,,
0B997B38-DB15-506A-9EBD-44D9B323D31B,Reciprocating Saw Blades Metal,Tools,Custom,,Box,,,
F78EA543-591D-57CB-9F33-B908DBBB4A20,Multi Tool Blades,Tools,Custom,,Box,,,
93B19EAD-05E9-5058-B6D7-76817F181B12,Utility Knife Blades,Tools,Custom,,Box,,,
A64A4A97-E483-56B9-912F-814463E676F1,Mini Excavator 1.5T (Weekly Hire),Plant,Custom,,Number,1.0,,
4FB09C67-59AD-5206-ABCF-CCB362C29CEA,Mini Excavator 3T (Weekly Hire),Plant,Custom,,Number,1.0,,
D5E13F8F-7CAB-5DCA-9835-E0660C0AD1B8,Site Dumper 1T (Weekly Hire),Plant,Custom,,Number,1.0,,
20958EB4-5977-5A1B-BAAF-2DF5B1EB2BE9,Site Dumper 3T (Weekly Hire),Plant,Custom,,Number,1.0,,
7F122A2F-D45A-52C8-A440-CAFF070C98DB,Generator 5kVA (Weekly Hire),Plant,Custom,,Number,1.0,,
6FA7BB5A-45FF-5BF4-B340-38D56FCCF046,Generator 10kVA (Weekly Hire),Plant,Custom,,Number,1.0,,
A965A809-39D5-5296-B1FA-0F7080C8853D,Lighting Tower (Weekly Hire),Plant,Custom,,Number,1.0,,
E6529A1F-B574-5EC5-B890-32ACBBF122DD,Hydraulic Breaker (Weekly Hire),Plant,Custom,,Number,1.0,,
48AB32FB-AD22-55B9-AF4B-8612B4130540,Plate Compactor (Weekly Hire),Plant,Custom,,Number,1.0,,
44E57BDA-B0CD-50DB-8C45-B63C35156EA7,Cement Mixer 110V (Weekly Hire),Plant,Custom,,Number,1.0,,
A26A16AA-62C7-54E1-9100-85D3427F7D9C,Floor Saw (Weekly Hire),Plant,Custom,,Number,1.0,,
91C86BBD-3287-5438-B0C9-518F19065D41,Dehumidifier 110V (Weekly Hire),Plant,Custom,,Number,1.0,,
D0C44717-E728-5421-87A4-A2C1DA0D6E34,Cable Drum Jacks & Spindle (Weekly Hire),Plant,Custom,,Number,1.0,,
362EDC6A-1CA8-5D1C-94EE-BD0B7FEA1D6A,Fibreglass Step Ladder 3 Tread,Access Equipment,Custom,,Number,1.0,,
FDA7B544-913D-578C-97AC-39C0B2FAF611,Fibreglass Step Ladder 5 Tread,Access Equipment,Custom,,Number,1.0,,
18F22729-72E4-5314-979E-A1AB963ED165,Fibreglass Step Ladder 7 Tread,Access Equipment,Custom,,Number,1.0,,
EF7ABDB9-1CE7-547B-80A2-F33F2D0298F7,Podium Step,Access Equipment,Custom,,Number,1.0,,
9F65A8ED-09C2-51E1-9B87-C57FBB25CFF5,Combination Ladder,Access Equipment,Custom,,Number,1.0,,
F2DE0D57-846D-5A98-B58A-1E7D46E19AB1,Extension Ladder 3 Section,Access Equipment,Custom,,Number,1.0,,
36CE95D7-3D81-57B6-8FFF-6F4518DA903C,Low Level Work Platform,Access Equipment,Custom,,Number,1.0,,
0A528A34-A506-51D6-A10F-696675DE0E33,Mobile Aluminium Tower 2.5m Platform (Weekly Hire),Access Equipment,Custom,,Number,1.0,,
860A989F-93D8-58D5-AA8C-AF035E88ACE5,Mobile Aluminium Tower 4.2m Platform (Weekly Hire),Access Equipment,Custom,,Number,1.0,,
C68D687F-E0F0-5C74-9ABF-31D4B8032E34,Mobile Aluminium Tower 5.2m Platform (Weekly Hire),Access Equipment,Custom,,Number,1.0,,
3E4AB12A-E40F-5CDA-887A-C307D4B390D7,Electric Scissor Lift 19ft (Weekly Hire),Access Equipment,Custom,,Number,1.0,,
D122CC70-E7CA-55D3-A52B-65A1FAD1CAB4,Electric Scissor Lift 26ft (Weekly Hire),Access Equipment,Custom,,Number,1.0,,
BD238294-C8DF-5EBC-9999-8137675213D8,Electric Scissor Lift 32ft (Weekly Hire),Access Equipment,Custom,,Number,1.0,,
BBFAE105-CC1D-500F-86D5-6B085AD44015,Boom Lift 12m (Weekly Hire),Access Equipment,Custom,,Number,1.0,,
AB6B56EB-A452-5ADE-9E33-C1F02FA4922E,Boom Lift 15m (Weekly Hire),Access Equipment,Custom,,Number,1.0,,
1AA2BCFE-EA25-5481-8851-EB3D5EA4445B,Heras Fence Panel 3.5x2.0m,Temporary Works,Custom,,Number,1.0,,
B609752A-C88C-5889-B72B-C71B8D47002F,Heras Fence Block,Temporary Works,Custom,,Number,1.0,,
C04BCE96-314A-5ACE-875C-73ECCEEF1370,Heras Fence Clamp,Temporary Works,Custom,,Number,1.0,,
086A6F03-ADE5-5E34-B649-CFF93D5C73FD,Pedestrian Barrier Chapter 8,Temporary Works,Custom,,Number,1.0,,
82FBFCD7-4640-5981-9842-1412E248A4BF,Acrow Prop Size 0,Temporary Works,Custom,,Number,1.0,,
B399B3AF-9394-55DF-9B95-7D8ED0A35B1C,Acrow Prop Size 1,Temporary Works,Custom,,Number,1.0,,
AA99BB72-E8BF-5BE5-B566-45CE08569D58,Acrow Prop Size 2,Temporary Works,Custom,,Number,1.0,,
7A176A34-5E3D-5C04-AEB7-F173F76B777A,Acrow Prop Size 3,Temporary Works,Custom,,Number,1.0,,
C2187462-51B0-5E18-AC20-E395C1C71674,Scaffold Board 3.9m,Temporary Works,Custom,,Number,1.0,,
98C921A5-85DD-5107-ADC0-17536FA84F28,Scaffold Tube 6.4m,Temporary Works,Custom,,Number,1.0,,
673D057C-2C6D-55AB-B667-4B95A11D38C7,Scaffold Coupler Double,Temporary Works,Custom,,Number,1.0,,
40CFEC88-D695-51C8-B6B4-4266FF098506,Scaffold Coupler Swivel,Temporary Works,Custom,,Number,1.0,,
2C526E93-4F39-5423-A4E5-80E78A90DDD8,110V Site Transformer 3.3kVA,Temporary Works,Custom,,Number,1.0,,
4A9C2498-B346-5392-89F2-61CDA4C0FBC6,110V Site Transformer 5kVA,Temporary Works,Custom,,Number,1.0,,
1BBC248A-3FAB-55C3-8C9D-EE6CD50D3AA9,110V Extension Lead 14m,Temporary Works,Custom,,Number,1.0,,
24543119-5FC1-5E66-B603-593246A6CB73,110V Extension Lead 25m,Temporary Works,Custom,,Number,1.0,,
E87BED1F-17B3-5769-8F09-E7D1E58C050E,110V Splitter 2 Way,Temporary Works,Custom,,Number,1.0,,
A9017557-C219-54FE-8802-5B2FB03A3850,110V Festoon Lighting Kit 22m,Temporary Works,Custom,,Number,1.0,,
B54CFE67-BD91-5D0D-90C7-856B51558696,110V LED Site Light,Temporary Works,Custom,,Number,1.0,,
3D6E34C8-2A1F-528F-8BF9-AD5363C6DC1E,Polythene Sheet 1000 Gauge Clear 4x25m,Site Consumables,Custom,,Number,1.0,,
2ABB7110-2AE9-56D5-B0D5-ADCF6C9F0E3E,Polythene Sheet 500 Gauge Clear 4x25m,Site Consumables,Custom,,Number,1.0,,
614B2D61-9B1C-51E9-9849-45D73748D6E9,Correx Protection Board 4mm 2400x1200mm,Site Consumables,Custom,,Number,1.0,,
77C45CA5-2EC4-5EC1-8C67-2B840EB43A09,Self Adhesive Floor Protection Film 600mm x 100m,Site Consumables,Custom,,Number,1.0,,
3F868378-CC15-539E-8A92-D5AE3A17BAE1,Carpet Protection Film 600mm x 100m,Site Consumables,Custom,,Number,1.0,,
B93C6F2F-FB9A-5670-87A0-9689F1A20AE3,Barrier Tape Red/White 500m,Site Consumables,Custom,,Number,1.0,,
13551FD2-295B-50A4-BC71-3A00CA8DD798,Gaffer Tape 50mm Silver,Site Consumables,Custom,,Number,1.0,,
3AD285F4-3542-594B-BBD8-31F0530B1EE2,Hand Cleaner,Site Consumables,Custom,,Number,1.0,,
A693F18D-3929-5D2D-A9DE-5EF2A71CFE7F,Trade Wipes Tub,Site Consumables,Custom,,Number,1.0,,
BD76F804-DBAB-5D5A-8706-8BDA0C2389AD,Chalk Line Refill,Site Consumables,Custom,,Number,1.0,,
EABB373F-ABB5-5339-8AFA-CE4DAAD69919,Brick Line,Site Consumables,Custom,,Number,1.0,,
604B5EA6-F2D8-563A-BD75-8D400C83D954,Spill Kit General Purpose,Site Consumables,Custom,,Number,1.0,,
5305E31B-FBFC-5286-8133-0A217FB22488,Absorbent Granules,Site Consumables,Custom,,Number,1.0,,
D384FF0E-18E9-5384-B837-2CEEDD6E6CF4,Rubble Sacks,Site Consumables,Custom,,Box,,,
B84DBEB9-56E3-5427-B20C-775049988F24,Heavy Duty Bin Bags,Site Consumables,Custom,,Box,,,
1401AE1C-F5B7-5D3A-BA2C-CC4590499B05,Wiping Rags,Site Consumables,Custom,,Box,,,
24F895CB-B4DC-506A-B48C-DE3626B095BA,Marker Pens Black,Site Consumables,Custom,,Box,,,
4E2E9912-2F0A-5F1E-BCE0-6D85E2C9577F,Carpenters Pencils,Site Consumables,Custom,,Box,,,
A42CC4D4-6793-5C52-B16D-7F8FBE55D3E4,Timber Pegs,Site Consumables,Custom,,Box,,,
4256392A-08FE-57B6-8F4C-137484A1FF4D,Line Marking Spray Paint White,Site Consumables,Custom,,Number,750ML,,
70A07037-A44F-53CA-873B-DB46A230776C,Line Marking Spray Paint Yellow,Site Consumables,Custom,,Number,750ML,,
9C714FDF-2547-51C6-A1A1-8A310CDD12FA,Penetrating Lubricant Spray,Site Consumables,Custom,,Number,400ML,,
C6C3C4E2-7294-589D-9647-40E87C6265A0,Skip Hire 4 Yard,Waste,Custom,,Number,1.0,,
8F3D1F66-742D-50CB-BF11-4A4AB4BE3871,Skip Hire 6 Yard,Waste,Custom,,Number,1.0,,
67E21B39-0D1E-5071-AE43-CC932727BE78,Skip Hire 8 Yard,Waste,Custom,,Number,1.0,,
B1834C4C-6069-568A-9257-98971CBAAE20,Skip Hire 12 Yard (Enclosed),Waste,Custom,,Number,1.0,,
01214BC7-E054-5FD0-8647-095C9C43AD56,Roll On Roll Off Skip 20 Yard,Waste,Custom,,Number,1.0,,
74A64145-E226-58D0-B7C0-CDC03274C918,Roll On Roll Off Skip 40 Yard,Waste,Custom,,Number,1.0,,
D910A689-34BB-595D-A096-6C12DC40E9CD,Skip Permit (Council),Waste,Custom,,Number,1.0,,
CEB7FEC2-3CB7-5BCD-8A98-D2FF43179D49,Grab Lorry Muck Away,Waste,Custom,,Number,1.0,,
494650D2-4022-5195-9AC8-0CAE310D4448,Skip Bag Collection,Waste,Custom,,Number,1.0,,
FF7617F6-49D7-5A89-A92A-40C8251DEA0C,WEEE Waste Disposal,Waste,Custom,,Number,1.0,,
C6A520FE-4ED0-5138-BDE0-9E3FBBC67C0A,Fluorescent Lamp Disposal,Waste,Custom,,Number,1.0,,
95A72A79-27FE-5114-B7B5-68B6A0B956C8,Plasterboard Waste Disposal,Waste,Custom,,Number,1.0,,
C67C5033-9D15-5792-8DA7-D1B10E00D4DF,Fire Exit Sign Arrow Down,Signage,Custom,,Number,1.0,,
8739F937-F151-52A6-A9F1-A505D031097D,Fire Exit Sign Arrow Left,Signage,Custom,,Number,1.0,,
736C9382-DC7F-5455-BF55-CCD23883AF9C,Fire Exit Sign Arrow Right,Signage,Custom,,Number,1.0,,
17C5E84F-A80E-5C97-9B24-4CAA31C1A8FC,Fire Exit Sign Arrow Up,Signage,Custom,,Number,1.0,,
03CEAC56-CC47-531B-AED8-D79221C37261,Fire Door Keep Shut Sign,Signage,Custom,,Number,1.0,,
51DB3707-1F2D-5A4A-B1DA-22B090475076,Fire Door Keep Locked Sign,Signage,Custom,,Number,1.0,,
869A6758-685A-500F-900B-78FA6AA28443,Fire Alarm Call Point Sign,Signage,Custom,,Number,1.0,,
9A4F7E93-67D9-5162-8163-18E1BD68CC0C,CO2 Extinguisher ID Sign,Signage,Custom,,Number,1.0,,
A8EA5169-1F8A-5C58-925D-5E677B1105CE,Foam Extinguisher ID Sign,Signage,Custom,,Number,1.0,,
76FE5C14-D783-531A-B9EF-223FD23BE8E9,Water Extinguisher ID Sign,Signage,Custom,,Number,1.0,,
45E453DD-0487-56AE-9DF6-18396F8278CB,Powder Extinguisher ID Sign,Signage,Custom,,Number,1.0,,
5EFDA795-1B6F-5DDB-8A63-4352D6A142B2,Fire Assembly Point Sign,Signage,Custom,,Number,1.0,,
2F6940F6-7D04-5D85-B1BA-A2C7A5593E46,First Aid Sign,Signage,Custom,,Number,1.0,,
DB3F917D-C957-5831-8B9D-E9081255BE43,No Smoking Sign,Signage,Custom,,Number,1.0,,
8F3997F5-DD66-5B22-BF7D-020B5E3FDEE7,Hard Hat Area Sign,Signage,Custom,,Number,1.0,,
D5E6592E-327F-5CE1-AC31-D0274E9DE336,Construction Site Safety Board,Signage,Custom,,Number,1.0,,
7D1549A2-64D9-52BE-A843-50D997A2E633,Gas Cylinder Warning Sign,Signage,Custom,,Number,1.0,,
1BFF76A6-48F9-5165-B153-EB3D036DE8BD,Riser Cupboard Sign,Signage,Custom,,Number,1.0,,
05FFD8B8-1916-5F8E-8D1D-98A8C8DD52EE,Plant Room Authorised Personnel Only Sign,Signage,Custom,,Number,1.0,,
0FB25AD1-9F9F-5F24-8938-D432156A4F72,Pipe Identification Tape - LTHW Flow,Signage,Custom,,Number,1.0,,
ACDD0671-8237-5B1F-A8B9-50F865B1AA4A,Pipe Identification Tape - LTHW Return,Signage,Custom,,Number,1.0,,
3D777FA4-2135-5545-AF3B-1D9CB9D5856E,Pipe Identification Tape - Cold Water,Signage,Custom,,Number,1.0,,
0E7C1F3A-533C-5D9A-BC7A-153622768AAB,Pipe Identification Tape - Hot Water,Signage,Custom,,Number,1.0,,
94D9D36B-C523-5C70-A6C7-5DE7BDBDB459,Pipe Identification Tape - Gas,Signage,Custom,,Number,1.0,,
9A520B78-FEA7-529F-B5BC-557C64DB1CF3,Pipe Identification Tape - Chilled Water,Signage,Custom,,Number,1.0,,
8D32124D-4E1A-5BD4-ADB9-0E629FEDFA5B,Pipe Identification Tape - Drinking Water,Signage,Custom,,Number,1.0,,
24F49EE9-E5C5-5E28-9A3C-2B206EFB6C77,Pipe Identification Tape - Fire Sprinkler,Signage,Custom,,Number,1.0,,
97916CE7-78BF-5316-AE43-563514305667,Steel Bollard Fixed,External Works,Custom,,Number,1.0,,
31E5E050-45D9-59D7-A1A1-E4C897CB3A77,Steel Bollard Removable,External Works,Custom,,Number,1.0,,
5099F34B-8F93-55EF-A1E1-8BDC1F550238,Concrete Bollard,External Works,Custom,,Number,1.0,,
1D017CA0-5C36-5EA2-A9E5-9C58043BE947,Sheffield Cycle Stand,External Works,Custom,,Number,1.0,,
F0B3EF6B-16D1-548B-957A-9A3716140C5A,Bin Store Timber,External Works,Custom,,Number,1.0,,
9131801A-66B7-5024-BCC3-2B4ADBAC39EF,MOT Type 1 Sub-Base Bulk Bag,Groundworks,Custom,,Number,850KG,,
33191E11-3819-54F2-AC89-ECBD489D5356,Gravel 10mm Bulk Bag,Groundworks,Custom,,Number,850KG,,
B86CB6A2-BA9D-5FFA-87B2-5F0FFB11BEED,Gravel 20mm Bulk Bag,Groundworks,Custom,,Number,850KG,,
03D60582-B087-56A5-AB94-2BC7A15AA0E1,Pea Gravel Pipe Bedding Bulk Bag,Groundworks,Custom,,Number,850KG,,
B6EB95C6-6451-5D8F-9B92-18499C9B750B,MOT Type 1 Sub-Base Loose,Groundworks,Custom,,Number,1T,,
D6D5B26E-34CC-5F30-B557-8135E9E4B368,Crushed Concrete Hardcore Loose,Groundworks,Custom,,Number,1T,,
050734D9-CAB6-5795-A940-A1F8C00E4E5A,Geotextile Membrane Non-Woven,Groundworks,Custom,,Number,1.0,,
1C9C027D-EDA3-5A45-BD26-53ADA458F9ED,50mm Twinwall Power Duct Black (50m Coil),Groundworks,Custom,,Drum,,50,M
F1A8D40E-2962-5D74-B4FE-FF1DD92B9C29,63mm Twinwall Power Duct Black (50m Coil),Groundworks,Custom,,Drum,,50,M
4D6AA0E1-BB98-5209-A2CB-AFE2EF29A08C,90mm Twinwall Power Duct Black (50m Coil),Groundworks,Custom,,Drum,,50,M
F2A2202B-3DF2-5767-85B3-0A7F5E67733F,110mm Twinwall Power Duct Black - 6m,Groundworks,Custom,,Length,,6,M
19A51B60-610C-5876-A90C-6578BC8E1991,160mm Twinwall Power Duct Black - 6m,Groundworks,Custom,,Length,,6,M
F625050A-DB26-57A5-AADB-59B77D4DC372,50mm Twinwall Duct Coupler,Groundworks,Custom,,Number,1.0,,
779D38EC-B12E-5AB3-A58D-DBC3B94E1478,63mm Twinwall Duct Coupler,Groundworks,Custom,,Number,1.0,,
AE678B9D-97B3-5698-A7E3-F50655B0E836,90mm Twinwall Duct Coupler,Groundworks,Custom,,Number,1.0,,
C3993923-F6CD-5451-A1BE-10132DC49DF7,110mm Twinwall Duct Coupler,Groundworks,Custom,,Number,1.0,,
14577C80-F3D9-52CA-9059-9068DDDD81D7,160mm Twinwall Duct Coupler,Groundworks,Custom,,Number,1.0,,
32F7FFEE-57E8-54E1-BB49-661AB31D16EB,110mm Telecom Duct Grey - 6m,Groundworks,Custom,,Length,,6,M
1584CDD1-E1E4-571D-96A4-AE416DCCA2C3,Duct Draw Rope (Roll),Groundworks,Custom,,Number,1.0,,
10CFB903-FE2C-51E8-B2AC-EC8F6145F14D,Cable Warning Tape Electric Cable Below,Groundworks,Custom,,Number,1.0,,
A745A790-7179-581B-BEDB-882B370116DE,Cable Warning Tape Water Main Below,Groundworks,Custom,,Number,1.0,,
691B49A9-97AE-5358-8AB5-AE87BDFCE032,Cable Draw Pit 300x300mm (Polypropylene),Groundworks,Custom,,Number,1.0,,
72C8DC3F-DD78-5DF3-98B8-8972D7C87F2E,Cable Draw Pit 600x450mm (Polypropylene),Groundworks,Custom,,Number,1.0,,
5B357CEC-82E0-5347-8778-CA994689D56F,110mm Underground Drain Pipe - 3m,Drainage,Custom,,Length,,3,M
922861DB-E8FC-5F70-8170-706600F96964,110mm Underground Drain Pipe - 6m,Drainage,Custom,,Length,,6,M
A58E79A8-8139-50D3-A663-27158A2AA359,110mm Underground Pipe Coupler,Drainage,Custom,,Number,1.0,,
0FF2010B-B00A-53D2-9DAA-9535FDB2311D,110mm Underground 87.5 Deg Bend,Drainage,Custom,,Number,1.0,,
5694AF83-7135-55F9-A7FC-4996EAD64EB9,110mm Underground 45 Deg Bend,Drainage,Custom,,Number,1.0,,
C5E0D8D7-6CE4-55C8-8CDB-3F86CD75A0F3,110mm Underground 30 Deg Bend,Drainage,Custom,,Number,1.0,,
EE11F598-EFAC-5B4C-B54C-5935F0BE57BD,110mm Underground 15 Deg Bend,Drainage,Custom,,Number,1.0,,
9878B956-08E8-5716-9F72-40CB5B590B74,110mm Underground 45 Deg Equal Junction,Drainage,Custom,,Number,1.0,,
660D3F0A-1F5C-5A4E-AC13-A4B6A6D6A68D,110mm Underground Rest Bend,Drainage,Custom,,Number,1.0,,
43F8892B-52B4-5AB7-98FE-959EFE29EDDF,110mm Underground Rodding Eye,Drainage,Custom,,Number,1.0,,
BEA02B65-5BBD-5058-ADBD-DD7DEE42C420,160mm Underground Drain Pipe - 3m,Drainage,Custom,,Length,,3,M
417BBA62-E28B-589D-A40B-EC3E2E2FFC63,160mm Underground Drain Pipe - 6m,Drainage,Custom,,Length,,6,M
555DEDD5-F5B0-59AC-82B0-11F9CF088875,160mm Underground Pipe Coupler,Drainage,Custom,,Number,1.0,,
D9CBBDD5-3906-5F57-B063-9C951EEAFDE2,160mm Underground 87.5 Deg Bend,Drainage,Custom,,Number,1.0,,
4E8D9598-349D-5A95-B192-E84AA6EB0269,160mm Underground 45 Deg Bend,Drainage,Custom,,Number,1.0,,
0A13E434-4C88-5D0C-8685-93905AD17D7F,160mm Underground 30 Deg Bend,Drainage,Custom,,Number,1.0,,
14A8E35E-06EF-5FCF-987E-CB17036F17ED,160mm Underground 15 Deg Bend,Drainage,Custom,,Number,1.0,,
7815ED14-42CF-50D1-A911-57AC335411DE,160mm Underground 45 Deg Equal Junction,Drainage,Custom,,Number,1.0,,
708455EB-9888-5942-8CB4-3A43BEC484D1,160mm Underground Rest Bend,Drainage,Custom,,Number,1.0,,
E4FAB006-C12C-5E2E-90E7-E46B37B9936C,160mm Underground Rodding Eye,Drainage,Custom,,Number,1.0,,
E5A5CA90-9943-58FB-B5A5-F9E82DA0BE60,160x110mm Underground 45 Deg Junction,Drainage,Custom,,Number,1.0,,
56838303-420A-582D-8BC5-765B18791A48,110mm Underground Clay Adaptor,Drainage,Custom,,Number,1.0,,
3254B203-74AA-5C76-BADF-840C3DD8CEE4,Inspection Chamber 320mm 600mm Deep,Drainage,Custom,,Number,1.0,,
FEB64D18-2228-5438-AA53-53C6DD75B471,Inspection Chamber Base 450mm,Drainage,Custom,,Number,1.0,,
01AEB89A-0616-5A86-AC81-2340DC241C80,Inspection Chamber Raising Piece 450mm,Drainage,Custom,,Number,1.0,,
8CCA2831-8921-51A3-BD8C-7842322E16BE,Inspection Chamber Cover & Frame 450mm Plastic,Drainage,Custom,,Number,1.0,,
249508DE-72BD-514C-A385-EADF78531A50,Inspection Chamber Cover & Frame 450mm Ductile Iron,Drainage,Custom,,Number,1.0,,
C6EE8FCF-4AC4-582E-B937-DA484C0CB96B,Manhole Cover & Frame 600x450mm B125,Drainage,Custom,,Number,1.0,,
D85E525F-719F-58D8-84A8-1FB1F4295541,Manhole Cover & Frame 600x450mm D400,Drainage,Custom,,Number,1.0,,
ED795EDF-741F-535A-82C5-71ED4BD8E2ED,Bottle Gully 110mm,Drainage,Custom,,Number,1.0,,
C5F6B24A-E8C9-5F81-888E-B567E494EB10,Gully Grate & Frame,Drainage,Custom,,Number,1.0,,
27C1D734-F406-5619-A788-152A5231BD12,Hopper Head (Gully),Drainage,Custom,,Number,1.0,,
AE9262E7-7E65-5DE4-9E7A-B839194D55C6,Soakaway Crate,Drainage,Custom,,Number,1.0,,
92CDD9A9-458D-5464-A829-123BE3C5A752,Channel Drain End Cap,Drainage,Custom,,Number,1.0,,
639698FF-0BD0-52A6-B577-C77276C9B4E5,Channel Drain Outlet Unit,Drainage,Custom,,Number,1.0,,
AB4938F2-D78C-586A-B670-2B25C4D762D0,Polymer Channel Drain with Galvanised Grate A15 - 1m,Drainage,Custom,,Length,,1,M
4F94D6A2-6589-5CBC-90F6-EE2E13E08174,Polymer Channel Drain with Ductile Iron Grate C250 - 1m,Drainage,Custom,,Length,,1,M
999DDDF5-57B5-5C41-B98D-05C8E8D75BF2,60mm Perforated Land Drain (25m Coil),Drainage,Custom,,Drum,,25,M
4966DD50-80D5-5178-837D-B739C96B0952,80mm Perforated Land Drain (25m Coil),Drainage,Custom,,Drum,,25,M
F4C4EC33-C2E5-5CEB-A2CF-DFBD5962A71A,100mm Perforated Land Drain (25m Coil),Drainage,Custom,,Drum,,25,M
133C7FD1-665D-526F-BAC5-7696405D3403,Precast Concrete Manhole Ring 1050mm,Civils,Custom,,Number,1.0,,
811793A3-FEB7-5FF9-9822-F01704708B32,Precast Concrete Manhole Ring 1200mm,Civils,Custom,,Number,1.0,,
9710D0B2-EB99-5BC4-A71B-CB79E1908335,Precast Concrete Cover Slab 1050mm,Civils,Custom,,Number,1.0,,
692CCC3B-DBB2-538A-80A3-703252115AEA,Precast Concrete Cover Slab 1200mm,Civils,Custom,,Number,1.0,,
083D3846-DE62-5712-8CD9-58D9839C0256,Precast Concrete Chamber Base 1200mm,Civils,Custom,,Number,1.0,,
3A368EB8-EECD-5718-A060-586A90117454,Steel Road Plate (Weekly Hire),Civils,Custom,,Number,1.0,,
C9A044F6-1D04-5534-BBD7-17E5A9EC7FF3,Asphalt Surface Course AC6,Civils,Custom,,Number,1T,,
695F59FD-A22C-5F90-98EC-461440C9E3A2,Asphalt Binder Course AC20,Civils,Custom,,Number,1T,,
15791CC9-FF85-5FC5-8568-ED4AFB01AD77,Topsoil Screened Bulk Bag,Landscaping,Custom,,Number,850KG,,
35C9ED15-9DF2-5A7E-9CE5-EC16B647E60E,Bark Mulch Bulk Bag,Landscaping,Custom,,Number,1M3,,
380AFB5B-BBA6-5666-94EB-653D38727850,Turf Roll,Landscaping,Custom,,Number,1M2,,
81A88668-697E-5CF8-A2ED-10097F5DC9BA,Grass Seed General Purpose,Landscaping,Custom,,Number,10KG,,
F1B05A2F-6D21-5E15-96D5-30D4A5CDBCD2,Weed Control Membrane 1m x 14m,Landscaping,Custom,,Number,1.0,,
9C3832FF-47F5-5862-8B4E-76E12FEF1F03,Steel Lawn Edging 1m,Landscaping,Custom,,Number,1.0,,
962C7722-F80F-50BC-AF14-9945D97F9BF1,Concrete Paving Slab 600x600x50mm,Paving,Custom,,Number,1.0,,
2BD131A3-2905-52BD-819B-9E9DEDBC993A,Concrete Paving Slab 450x450x50mm,Paving,Custom,,Number,1.0,,
82A6F9CD-4A96-50B4-9AF7-18AF375C2198,Porcelain Paving Slab 600x600x20mm,Paving,Custom,,Number,1.0,,
42E8F170-622F-5300-8C89-D0CD73AA12F2,Concrete Kerb Half Battered 125x255x915mm,Paving,Custom,,Number,1.0,,
D60E1BF2-ADCB-574C-8AB2-93CC8FD02723,Concrete Dropper Kerb,Paving,Custom,,Number,1.0,,
30649954-26CE-54AB-90AB-DB06A4BE1C69,Concrete Edging 50x150x915mm,Paving,Custom,,Number,1.0,,
BBD5FAF6-FC3A-569D-818E-F03C51A647E4,Tactile Paving Blister 400x400mm Red,Paving,Custom,,Number,1.0,,
ACC60E81-3170-5F63-8D85-84FEF488B1B1,Tactile Paving Blister 400x400mm Buff,Paving,Custom,,Number,1.0,,
AE8466D1-2859-52D2-856A-9D909220BAD3,Tactile Paving Corduroy 400x400mm,Paving,Custom,,Number,1.0,,
8DF5A4E2-3A84-5866-8049-F2A6638C4043,Block Paving 200x100x50mm Charcoal,Paving,Custom,,Number,1M2,,
216A6A7B-65DF-559D-A321-119DD2C10AE8,Block Paving 200x100x50mm Brindle,Paving,Custom,,Number,1M2,,
EE19063E-7296-5F86-85D2-8333C90D3D13,Kiln Dried Paving Sand,Paving,Custom,,Number,25KG,,
7EBE114C-D988-5463-9863-A43C8ED3993C,Closeboard Fence Panel 1.83x1.83m,Fencing,Custom,,Number,1.0,,
8D29C44C-1BD6-5E0E-8AC6-AFCF1C0C8678,Lap Fence Panel 1.83x1.83m,Fencing,Custom,,Number,1.0,,
40AA63D1-E902-51FB-936F-81B852788365,Concrete Slotted Fence Post 2.4m,Fencing,Custom,,Number,1.0,,
B3F7F00E-F4DF-5F08-8B1E-5AC34FD97FED,Concrete Gravel Board 1.83m,Fencing,Custom,,Number,1.0,,
F8B1BFDA-4D4F-5AA9-9CA9-70186B1775D7,Chain Link Fencing Roll 1.2m x 25m,Fencing,Custom,,Number,1.0,,
CDA07A1F-C621-5115-AE2E-FA830A5B105F,Weldmesh Fence Panel 2.5x2.0m,Fencing,Custom,,Number,1.0,,
99650077-421F-58F3-81D4-00E21CD8643A,Feather Edge Board Treated 125mm - 1.8m,Fencing,Custom,,Length,,1.8,M
FB76D063-3E9D-587E-B8B5-B91998AB34E9,Arris Rail Treated - 3.0m,Fencing,Custom,,Length,,3,M
240352BB-F2D8-51E7-A52F-6E3BFCAD378A,LED Floodlight 10W IP65,External Lighting,Custom,,Number,1.0,,
23FA0213-D2ED-5A04-B1DC-B77907AA1BB3,LED Floodlight 20W IP65,External Lighting,Custom,,Number,1.0,,
94232D30-64B9-51CA-8432-8A494236DFC1,LED Floodlight 30W IP65,External Lighting,Custom,,Number,1.0,,
B4B59A91-B9AA-5DD4-B0DB-E4ADA4DF224F,LED Floodlight 50W IP65,External Lighting,Custom,,Number,1.0,,
8612BD5C-3B94-5A3A-A5B1-7221BE3311B6,LED Floodlight 100W IP65,External Lighting,Custom,,Number,1.0,,
3E3D16CF-5F43-5813-A858-0BDA56A66350,LED Floodlight 10W IP65 with PIR,External Lighting,Custom,,Number,1.0,,
652B98F4-90ED-5E65-AAEE-6977620F2683,LED Floodlight 20W IP65 with PIR,External Lighting,Custom,,Number,1.0,,
72353B95-CFF2-5458-92DA-2D6B3D49E6C4,LED Floodlight 30W IP65 with PIR,External Lighting,Custom,,Number,1.0,,
A1CF3050-24B0-5585-948A-115408B5EB5A,LED Bollard Light 650mm,External Lighting,Custom,,Number,1.0,,
35D44E9C-D4ED-571F-B2ED-167B4CC3C8C4,LED Bollard Light 900mm,External Lighting,Custom,,Number,1.0,,
26E6362E-C18C-5CC4-A8C0-98EA2D9DE9CC,LED Wall Pack 30W,External Lighting,Custom,,Number,1.0,,
4E1F8BEC-62BD-571B-9176-62A9BE1BE979,LED Wall Pack 60W,External Lighting,Custom,,Number,1.0,,
9468520F-4563-5D48-8D27-1CE02AC90A4E,LED Street Lantern 30W,External Lighting,Custom,,Number,1.0,,
3DC3EFD4-4D80-59BC-A876-BF65962CEC05,LED Street Lantern 60W,External Lighting,Custom,,Number,1.0,,
04F2C2F2-FD47-5DDE-A509-0F16DE9F1A60,Lighting Column 5m,External Lighting,Custom,,Number,1.0,,
5E6BF863-06EF-5C79-A4EB-AC1340672F39,Lighting Column 6m,External Lighting,Custom,,Number,1.0,,
0F92EC5E-20BB-5E29-A45B-16C380AB2607,Lighting Column 8m,External Lighting,Custom,,Number,1.0,,
5A9BEB08-505D-58EE-A803-9CFD8361C447,Photocell Switch IP66,External Lighting,Custom,,Number,1.0,,
E370C053-A002-56AB-909E-C71997A109F9,Ground Recessed Uplighter LED,External Lighting,Custom,,Number,1.0,,
C56EB2D7-81BF-59C8-8160-6DA71F2E75E3,LED Step Light Recessed,External Lighting,Custom,,Number,1.0,,
2FAE4E06-0593-5066-BB66-BA12FB1AB0C0,Solar PV Panel 435W Mono Black,Solar PV,Custom,,Number,1.0,,
70966A78-B32D-564A-9629-2F11927216B8,Solar PV Panel 450W Mono,Solar PV,Custom,,Number,1.0,,
019F4E2D-1D22-5D81-BAFF-7BB5C508313B,Hybrid Inverter Single Phase 3.6kW,Solar PV,Custom,,Number,1.0,,
BC43562E-9D75-50FB-A383-7267CBFF1680,Hybrid Inverter Single Phase 5kW,Solar PV,Custom,,Number,1.0,,
2AD88BCE-A746-5B16-BDF6-A6BE041A3776,String Inverter Single Phase 3kW,Solar PV,Custom,,Number,1.0,,
1D02F835-07C2-5935-A611-6A5A59D7556F,String Inverter Single Phase 4kW,Solar PV,Custom,,Number,1.0,,
DD5DC9CE-5B06-5E41-811F-C5E3BCD78988,String Inverter Single Phase 6kW,Solar PV,Custom,,Number,1.0,,
3EB452A7-9100-57EC-B093-C5AC6EE28D96,String Inverter Three Phase 10kW,Solar PV,Custom,,Number,1.0,,
A3968FDD-EB04-5979-B618-144367F32FF1,String Inverter Three Phase 15kW,Solar PV,Custom,,Number,1.0,,
8CC3C115-F660-5F5F-8072-2CE27327459C,String Inverter Three Phase 20kW,Solar PV,Custom,,Number,1.0,,
BDDC3C0E-C02D-5F62-B2FB-45CFAFF068A8,Battery Storage 5kWh,Solar PV,Custom,,Number,1.0,,
3EFACD74-4FFF-5557-BFCE-0849F78CCB76,Battery Storage 10kWh,Solar PV,Custom,,Number,1.0,,
69E4FE3B-5EDC-52E8-97EA-BCCAB802AE5F,PV Roof Hook (Tile),Solar PV,Custom,,Number,1.0,,
62842703-B5E6-5628-9B5F-DACE5FA71A5D,PV Roof Hook (Slate),Solar PV,Custom,,Number,1.0,,
8C57DD66-DB0D-5013-9DD8-E0651207F885,PV Mid Clamp,Solar PV,Custom,,Number,1.0,,
9535D3A5-332E-5B86-8C01-A7B418F23D67,PV End Clamp,Solar PV,Custom,,Number,1.0,,
1BBEFFD7-CE3F-5EF0-A0FB-BAFC01E982F3,PV Rail Splice,Solar PV,Custom,,Number,1.0,,
6C8E6F0E-D48D-548F-95C3-33F2774A356F,MC4 Y Branch Connector (Pair),Solar PV,Custom,,Number,1.0,,
3011F2B5-1FF5-5096-903E-976946449D56,DC Isolator 2 String 1000V,Solar PV,Custom,,Number,1.0,,
86882D54-58D0-5C0B-8A32-B6119E30116E,PV Generation Meter MID,Solar PV,Custom,,Number,1.0,,
7BFF2E33-E680-5F7B-AF11-AFC23E324552,Solar PV Panel Optimiser,Solar PV,Custom,,Number,1.0,,
1A0389C9-03F1-5160-9096-C7393EB2A55E,Bird Mesh Kit 30m,Solar PV,Custom,,Number,1.0,,
162855A2-A387-54DA-982E-7ACD0721B74D,PV Mounting Rail Aluminium - 4.2m,Solar PV,Custom,,Length,,4.2,M
689CF53E-F347-593C-96C0-31F6754C9C75,4mm2 Solar PV Cable Red (100m Drum),Solar PV,Custom,,Drum,,100,M
4462DC5E-CE4D-530B-A7B9-39886C2486BB,4mm2 Solar PV Cable Black (100m Drum),Solar PV,Custom,,Drum,,100,M
CD3390AD-E4D2-500A-BE8F-A7085FE44BC7,6mm2 Solar PV Cable Red (100m Drum),Solar PV,Custom,,Drum,,100,M
26CFFAC2-146B-5763-BE95-CBBAC57FF1EE,6mm2 Solar PV Cable Black (100m Drum),Solar PV,Custom,,Drum,,100,M
4D4739C1-B37B-509B-827D-58D8F83A2DE0,MC4 Connector (Pair),Solar PV,Custom,,Box,,,
D2C906FC-96A3-5817-8F27-F6ABF7C3D57A,Solar PV Dual Supply Warning Labels,Solar PV,Custom,,Box,,,
B0793542-0D8D-5B6B-8966-95B3BF480AFA,EV Charger 7kW Single Phase Tethered,EV Charging,Custom,,Number,1.0,,
B083DF2D-3A40-55DD-8C8E-E75A2187CA50,EV Charger 7kW Single Phase Untethered,EV Charging,Custom,,Number,1.0,,
2893C0AB-A0AE-5BD8-B8CD-B80131F9ED50,EV Charger 22kW Three Phase Untethered,EV Charging,Custom,,Number,1.0,,
58FA6474-EA1C-535D-BDAB-0266A2324829,EV Charger Twin Socket Pedestal 2x22kW,EV Charging,Custom,,Number,1.0,,
E4202D15-EFDC-5E7F-81EC-5F5BAC5011F8,EV Charger Mounting Pedestal,EV Charging,Custom,,Number,1.0,,
3A07D66D-81BD-5F7A-9188-E3A61B2862ED,EV Charging Cable Type 2 to Type 2 5m,EV Charging,Custom,,Number,1.0,,
B715CD2A-A68D-5F97-9054-DF58864F3759,EV Charger PEN Fault Protection Device,EV Charging,Custom,,Number,1.0,,
C57A720F-351A-5188-856B-2462151C8A1F,EV Charger Load Management CT Clamp,EV Charging,Custom,,Number,1.0,,
